id,title,filtered_words,label
R129,New Report on Election,"['base', 'clearly', 'wish.', 'career', 'leave', 'human', 'tree', 'myself.', 'experts', 'discuss', 'ongoing', 'developments', 'election.']",REAL
R227,New Report on Climate Change,"['figure', 'ball', 'save', 'life', 'computer', 'population', 'top.', 'fast', 'bill', 'simply', 'box', 'partner', 'be.', 'great', 'offer', 'look', 'federal', 'want.', 'experts', 'discuss', 'ongoing', 'developments', 'climate', 'change.']",REAL
F231,Aliens Confirmed by Sources,"['site', 'woman', 'office', 'heavy', 'similar', 'wait', 'wait', 'level.', 'blue', 'way', 'job.', '—', 'shocking', 'claims', 'aliens', 'surface', 'internet.']",FAKE
R066,New Report on Policy,"['true', 'find', 'college', 'interview', 'avoid.', 'campaign', 'identify.', 'everyone', 'story', 'doctor.', 'experts', 'discuss', 'ongoing', 'developments', 'policy.']",REAL
F095,Mind Control Confirmed by Sources,"['watch', 'lot', 'full', 'wind', 'tough', 'east.', 'management', 'reason', 'quite', 'hundred', 'play.', 'certain', 'lead', 'international.', '—', 'shocking', 'claims', 'mind', 'control', 'surface', 'internet.']",FAKE
R174,New Report on Policy,"['light', 'public', 'continue.', 'answer', 'interest', 'drive', 'laugh', 'response', 'almost.', 'experts', 'discuss', 'ongoing', 'developments', 'policy.']",REAL
R201,New Report on Public Health,"['newspaper', 'southern', 'individual', 'federal', 'exactly.', 'security', 'ability', 'bring', 'safe', 'box', 'television.', 'experts', 'discuss', 'ongoing', 'developments', 'public', 'health.']",REAL
R072,New Report on Education,"['cover', 'much', 'short', 'civil', 'think', 'already', 'stuff.', 'number', 'claim', 'heart', 'true.', 'experts', 'discuss', 'ongoing', 'developments', 'education.']",REAL
R064,New Report on Research,"['dinner', 'rock', 'politics', 'class.', 'behavior', 'option', 'language', 'paper', 'rule', 'management', 'anything.', 'population', 'series', 'candidate', 'focus', 'along', 'analysis.', 'experts', 'discuss', 'ongoing', 'developments', 'research.']",REAL
F037,Miracle Drug Confirmed by Sources,"['dog', 'century', 'easy.', 'anyone', 'voice', 'successful', 'plant', 'sister', 'year.', 'right', 'street', 'southern', 'customer', 'glass', 'message', 'left', 'from.', '—', 'shocking', 'claims', 'miracle', 'drug', 'surface', 'internet.']",FAKE
R170,New Report on Technology Breakthrough,"['military', 'seven', 'girl.', 'experts', 'discuss', 'ongoing', 'developments', 'technology', 'breakthrough.']",REAL
F110,Celebrity Scandal Confirmed by Sources,"['form', 'age', 'activity', 'four.', 'explain', 'computer', 'professional', 'prove', 'article', 'person.', 'second', 'moment', 'benefit', 'develop', 'old', 'seven.', '—', 'shocking', 'claims', 'celebrity', 'scandal', 'surface', 'internet.']",FAKE
F048,Secret Cure Confirmed by Sources,"['simply', 'home', 'writer', 'compare', 'education', 'never.', 'benefit', 'particular', 'available', 'national', 'respond.', '—', 'shocking', 'claims', 'secret', 'cure', 'surface', 'internet.']",FAKE
F082,Hoax Confirmed by Sources,"['religious', 'physical', 'behind.', 'center', 'piece', 'matter', 'include', 'impact', 'cultural.', 'almost', 'person', 'subject', 'citizen.', 'political', 'eye', 'democratic', 'might.', '—', 'shocking', 'claims', 'hoax', 'surface', 'internet.']",FAKE
F187,Miracle Drug Confirmed by Sources,"['picture', 'attack', 'often', 'service', 'central', 'garden.', 'speak', 'once.', '—', 'shocking', 'claims', 'miracle', 'drug', 'surface', 'internet.']",FAKE
F027,Miracle Drug Confirmed by Sources,"['tax', 'discussion', 'benefit', 'human.', 'money', 'reality', 'grow', 'never', 'participant.', 'save', 'establish', 'identify', 'identify', 'before.', '—', 'shocking', 'claims', 'miracle', 'drug', 'surface', 'internet.']",FAKE
F202,Hoax Confirmed by Sources,"['entire', 'nice', 'even', 'hand.', 'throw', 'bar', 'color', 'adult', 'effort.', '—', 'shocking', 'claims', 'hoax', 'surface', 'internet.']",FAKE
F197,Secret Cure Confirmed by Sources,"['charge', 'eat', 'dark', 'ask', 'strong.', 'american', 'remember', 'also.', '—', 'shocking', 'claims', 'secret', 'cure', 'surface', 'internet.']",FAKE
R128,New Report on Climate Change,"['approach', 'walk', 'southern', 'range', 'store.', 'letter', 'star', 'turn.', 'experts', 'discuss', 'ongoing', 'developments', 'climate', 'change.']",REAL
F157,Government Cover-Up Confirmed by Sources,"['nothing', 'father', 'huge', 'probably', 'action', 'law.', 'somebody', 'past', 'dream', 'receive', 'base.', '—', 'shocking', 'claims', 'government', 'cover-up', 'surface', 'internet.']",FAKE
F117,Hoax Confirmed by Sources,"['someone', 'health', 'low', 'political', 'student.', 'life', 'deal', 'trouble', 'us', 'create', 'big.', '—', 'shocking', 'claims', 'hoax', 'surface', 'internet.']",FAKE
F173,Secret Cure Confirmed by Sources,"['alone', 'operation', 'west', 'water.', 'control', 'admit', 'year', 'environment', 'culture', 'season', 'form.', '—', 'shocking', 'claims', 'secret', 'cure', 'surface', 'internet.']",FAKE
F024,Aliens Confirmed by Sources,"['truth', 'order', 'walk', 'ground', 'force', 'mrs.', 'professional', 'feel', 'term', 'small', 'speak.', '—', 'shocking', 'claims', 'aliens', 'surface', 'internet.']",FAKE
F096,Celebrity Scandal Confirmed by Sources,"['oil', 'firm', 'star', 'front', 'kind', 'tend', 'according.', 'road', 'within', 'operation', 'my.', '—', 'shocking', 'claims', 'celebrity', 'scandal', 'surface', 'internet.']",FAKE
R247,New Report on Public Health,"['produce', 'issue', 'face', 'agency.', 'none', 'head', 'manage', 'institution', 'yeah.', 'experts', 'discuss', 'ongoing', 'developments', 'public', 'health.']",REAL
F226,Government Cover-Up Confirmed by Sources,"['tonight', 'make', 'director', 'natural', 'treat.', 'appear', 'establish', 'night', 'single', 'age', 'hot', 'market', 'less.', '—', 'shocking', 'claims', 'government', 'cover-up', 'surface', 'internet.']",FAKE
F100,Flat Earth Confirmed by Sources,"['standard', 'show', 'grow.', 'response', 'word', 'report', 'say', 'doctor', 'scientist.', '—', 'shocking', 'claims', 'flat', 'earth', 'surface', 'internet.']",FAKE
F246,Government Cover-Up Confirmed by Sources,"['event', 'stock', 'adult', 'stop', 'sometimes', 'once.', 'ok', 'bag', 'oil.', 'project', 'town', 'west', 'notice.', 'agency', 'election', 'movie', 'water', 'difficult', 'account', 'shake.', '—', 'shocking', 'claims', 'government', 'cover-up', 'surface', 'internet.']",FAKE
F183,Aliens Confirmed by Sources,"['long', 'whose', 'eye', 'huge.', 'conference', 'father', 'game', 'total', 'field', 'same.', '—', 'shocking', 'claims', 'aliens', 'surface', 'internet.']",FAKE
R063,New Report on Policy,"['ok', 'exist', 'receive', 'everyone', 'law', 'thing', 'less.', 'star', 'tend', 'military', 'human', 'class.', 'picture', 'republican', 'deep', 'stuff.', 'experts', 'discuss', 'ongoing', 'developments', 'policy.']",REAL
R005,New Report on Election,"['despite', 'indicate', 'clearly', 'father', 'night', 'nation', 'lead', 'station.', 'experts', 'discuss', 'ongoing', 'developments', 'election.']",REAL
R084,New Report on Election,"['clear', 'color', 'focus', 'us', 'season', 'accept.', 'protect', 'artist', 'perform', 'month', 'peace.', 'push', 'seven', 'mr', 'conference.', 'experts', 'discuss', 'ongoing', 'developments', 'election.']",REAL
R124,New Report on Education,"['recognize', 'figure', 'sell', 'ago', 'officer', 'accept', 'wall', 'front.', 'long', 'hold', 'head.', 'especially', 'former', 'across', 'toward.', 'experts', 'discuss', 'ongoing', 'developments', 'education.']",REAL
R118,New Report on Research,"['everything', 'business', 'discover', 'must', 'need.', 'claim', 'international', 'reduce', 'thus', 'kind', 'card.', 'build', 'arrive', 'perhaps.', 'experts', 'discuss', 'ongoing', 'developments', 'research.']",REAL
F001,Aliens Confirmed by Sources,"['half', 'interest', 'goal', 'prove', 'stay', 'understand.', 'court', 'left', 'medical', 'indeed', 'fact', 'government.', '—', 'shocking', 'claims', 'aliens', 'surface', 'internet.']",FAKE
F007,Immortal Jellyfish Confirmed by Sources,"['understand', 'writer', 'thought', 'ready', 'poor', 'reality.', 'mr', 'since', 'believe', 'industry.', '—', 'shocking', 'claims', 'immortal', 'jellyfish', 'surface', 'internet.']",FAKE
F046,Mind Control Confirmed by Sources,"['race', 'thousand', 'action', 'pull', 'today', 'understand', 'race.', 'past', 'first', 'represent', 'doctor', 'environmental', 'suggest', 'fish', 'along.', 'second', 'year', 'tv', 'nothing', 'realize.', '—', 'shocking', 'claims', 'mind', 'control', 'surface', 'internet.']",FAKE
R103,New Report on Research,"['city', 'congress', 'street', 'exactly.', 'significant', 'five', 'kind.', 'experts', 'discuss', 'ongoing', 'developments', 'research.']",REAL
R037,New Report on Budget Report,"['address', 'increase', 'world', 'simply', 'than.', 'watch', 'wide', 'put', 'purpose', 'form', 'factor.', 'model', 'town', 'magazine', 'although', 'opportunity', 'responsibility.', 'experts', 'discuss', 'ongoing', 'developments', 'budget', 'report.']",REAL
F193,Secret Cure Confirmed by Sources,"['exactly', 'modern', 'cold', 'religious', 'pull', 'economic.', 'outside', 'approach', 'growth', 'between.', 'think', 'wait', 'president.', '—', 'shocking', 'claims', 'secret', 'cure', 'surface', 'internet.']",FAKE
R166,New Report on Election,"['party', 'lot', 'find', 'support.', 'defense', 'watch', 'recognize', 'amount', 'vote.', 'method', 'thought', 'include', 'yes', 'today', 'southern.', 'experts', 'discuss', 'ongoing', 'developments', 'election.']",REAL
F017,Immortal Jellyfish Confirmed by Sources,"['wrong', 'avoid', 'watch', 'her.', 'economic', 'approach', 'loss', 'green', 'write', 'leader.', '—', 'shocking', 'claims', 'immortal', 'jellyfish', 'surface', 'internet.']",FAKE
R008,New Report on Economic Growth,"['effect', 'source', 'remain', 'trial', 'size', 'officer', 'religious.', 'customer', 'final', 'present', 'job', 'tree', 'house.', 'experts', 'discuss', 'ongoing', 'developments', 'economic', 'growth.']",REAL
F071,Celebrity Scandal Confirmed by Sources,"['company', 'technology', 'wall.', '—', 'shocking', 'claims', 'celebrity', 'scandal', 'surface', 'internet.']",FAKE
F028,Mind Control Confirmed by Sources,"['seek', 'yes', 'tell', 'interest.', 'bag', 'policy', 'voice', 'thousand.', '—', 'shocking', 'claims', 'mind', 'control', 'surface', 'internet.']",FAKE
F227,Immortal Jellyfish Confirmed by Sources,"['sell', 'return', 'heavy.', 'bar', 'source', 'become.', '—', 'shocking', 'claims', 'immortal', 'jellyfish', 'surface', 'internet.']",FAKE
R200,New Report on Public Health,"['upon', 'vote', 'american', 'college.', 'republican', 'analysis', 'common', 'ahead', 'personal', 'seven', 'bank.', 'star', 'per', 'various', 'lose.', 'experts', 'discuss', 'ongoing', 'developments', 'public', 'health.']",REAL
R225,New Report on Climate Change,"['rock', 'foreign', 'everything', 'first.', 'owner', 'political', 'civil', 'song.', 'name', 'away', 'world', 'speech', 'school', 'now.', 'experts', 'discuss', 'ongoing', 'developments', 'climate', 'change.']",REAL
R062,New Report on Budget Report,"['require', 'partner', 'movie.', 'design', 'security', 'talk', 'kitchen', 'instead', 'contain.', 'party', 'guess', 'fight', 'look', 'drug', 'election.', 'experts', 'discuss', 'ongoing', 'developments', 'budget', 'report.']",REAL
F033,Hoax Confirmed by Sources,"['tell', 'low', 'protect.', 'toward', 'serve', 'exist', 'imagine', 'social', 'court.', '—', 'shocking', 'claims', 'hoax', 'surface', 'internet.']",FAKE
F012,Hoax Confirmed by Sources,"['morning', 'meeting', 'account', 'discuss', 'whatever.', 'father', 'truth', 'wonder', 'matter.', '—', 'shocking', 'claims', 'hoax', 'surface', 'internet.']",FAKE
R121,New Report on Research,"['fast', 'especially', 'religious', 'analysis.', 'enjoy', 'hit', 'guy', 'wife', 'machine', 'get', 'market.', 'experts', 'discuss', 'ongoing', 'developments', 'research.']",REAL
F210,Aliens Confirmed by Sources,"['meeting', 'person', 'reason', 'list', 'serious', 'interest', 'possible.', 'give', 'growth', 'different', 'number', 'be.', '—', 'shocking', 'claims', 'aliens', 'surface', 'internet.']",FAKE
F151,Hoax Confirmed by Sources,"['quite', 'day', 'else', 'religious', 'current.', 'thus', 'blue', 'toward', 'pick.', '—', 'shocking', 'claims', 'hoax', 'surface', 'internet.']",FAKE
F099,Secret Cure Confirmed by Sources,"['along', 'cup', 'night', 'write', 'yet', 'organization', 'number.', 'may', 'amount', 'usually', 'make.', '—', 'shocking', 'claims', 'secret', 'cure', 'surface', 'internet.']",FAKE
R090,New Report on Technology Breakthrough,"['true', 'state', 'decision.', 'machine', 'condition', 'everybody', 'only.', 'experts', 'discuss', 'ongoing', 'developments', 'technology', 'breakthrough.']",REAL
R125,New Report on Budget Report,"['hit', 'card', 'guess', 'value.', 'congress', 'clearly', 'nice', 'interest', 'western', 'figure', 'leader.', 'experts', 'discuss', 'ongoing', 'developments', 'budget', 'report.']",REAL
R091,New Report on Climate Change,"['pretty', 'key', 'natural', 'local', 'size', 'glass.', 'stay', 'eye', 'team.', 'win', 'college', 'expert', 'same.', 'experts', 'discuss', 'ongoing', 'developments', 'climate', 'change.']",REAL
R157,New Report on Climate Change,"['help', 'financial.', 'business', 'break', 'mouth', 'become', 'street', 'discover', 'organization', 'exactly.', 'unit', 'price', 'drop', 'better', 'plan.', 'organization', 'exactly', 'eye', 'performance', 'ability.', 'experts', 'discuss', 'ongoing', 'developments', 'climate', 'change.']",REAL
F098,Miracle Drug Confirmed by Sources,"['phone', 'attorney', 'game', 'eye', 'goal', 'remember.', 'pattern', 'cell', 'get', 'however', 'seek', 'federal.', '—', 'shocking', 'claims', 'miracle', 'drug', 'surface', 'internet.']",FAKE
F164,Immortal Jellyfish Confirmed by Sources,"['area', 'whole', 'year.', 'purpose', 'pick', 'plan', 'dog', 'foreign', 'brother.', '—', 'shocking', 'claims', 'immortal', 'jellyfish', 'surface', 'internet.']",FAKE
R050,New Report on Economic Growth,"['budget', 'care', 'hard', 'protect.', 'support', 'position', 'try', 'seat.', 'experts', 'discuss', 'ongoing', 'developments', 'economic', 'growth.']",REAL
R249,New Report on Climate Change,"['unit', 'class', 'analysis', 'present.', 'across', 'air', 'drive', 'level.', 'experts', 'discuss', 'ongoing', 'developments', 'climate', 'change.']",REAL
R093,New Report on Election,"['listen', 'safe', 'spend', 'ready', 'full', 'pass', 'leg.', 'glass', 'month', 'tell', 'baby', 'ready', 'meet.', 'style', 'risk', 'all.', 'experts', 'discuss', 'ongoing', 'developments', 'election.']",REAL
R131,New Report on Education,"['car', 'certainly', 'structure', 'coach', 'compare.', 'experts', 'discuss', 'ongoing', 'developments', 'education.']",REAL
F107,Flat Earth Confirmed by Sources,"['others', 'suffer', 'medical', 'board', 'significant', 'base.', 'long', 'factor', 'benefit.', 'exactly', 'pick', 'even', 'family', 'young', 'matter', 'magazine.', 'term', 'floor', 'kind', 'head', 'food', 'yard', 'blood.', '—', 'shocking', 'claims', 'flat', 'earth', 'surface', 'internet.']",FAKE
F153,Hoax Confirmed by Sources,"['building', 'son', 'staff', 'sign', 'decision', 'training', 'top.', 'room', 'develop', 'compare.', 'true', 'three', 'dark', 'less', 'animal', 'check', 'score.', '—', 'shocking', 'claims', 'hoax', 'surface', 'internet.']",FAKE
F091,Flat Earth Confirmed by Sources,"['argue', 'sort', 'trade', 'star', 'president', 'son', 'dark.', 'defense', 'imagine', 'since', 'five.', 'maybe', 'level', 'near', 'city.', '—', 'shocking', 'claims', 'flat', 'earth', 'surface', 'internet.']",FAKE
R246,New Report on Economic Growth,"['wall', 'market', 'poor', 'door', 'beyond', 'stock.', 'feel', 'war', 'scientist', 'significant', 'bed', 'television', 'pick.', 'second', 'place', 'mention', 'coach', 'manage', 'must', 'economic.', 'experts', 'discuss', 'ongoing', 'developments', 'economic', 'growth.']",REAL
F004,Secret Cure Confirmed by Sources,"['clear', 'employee', 'trial', 'sign.', 'break', 'never', 'voice.', 'including', 'treatment', 'attention', 'sure.', '—', 'shocking', 'claims', 'secret', 'cure', 'surface', 'internet.']",FAKE
F220,Celebrity Scandal Confirmed by Sources,"['clearly', 'leg', 'great', 'run', 'staff', 'risk.', 'keep', 'everything', 'decade', 'force.', '—', 'shocking', 'claims', 'celebrity', 'scandal', 'surface', 'internet.']",FAKE
F121,Hoax Confirmed by Sources,"['receive', 'third', 'open', 'structure', 'note', 'section', 'try.', 'cell', 'continue', 'measure', 'race', 'maybe.', 'someone', 'white', 'need', 'guess', 'sister.', '—', 'shocking', 'claims', 'hoax', 'surface', 'internet.']",FAKE
F245,Mind Control Confirmed by Sources,"['five', 'partner', 'player', 'benefit', 'early', 'project.', 'however', 'well', 'whose', 'answer', 'generation', 'set.', '—', 'shocking', 'claims', 'mind', 'control', 'surface', 'internet.']",FAKE
R035,New Report on Climate Change,"['history', 'sense', 'painting', 'clear', 'sea', 'general', 'seek.', 'address', 'care', 'book', 'glass', 'law.', 'experts', 'discuss', 'ongoing', 'developments', 'climate', 'change.']",REAL
R024,New Report on Education,"['defense', 'return', 'product.', 'still', 'accept', 'ever', 'throughout', 'focus.', 'experts', 'discuss', 'ongoing', 'developments', 'education.']",REAL
F079,Miracle Drug Confirmed by Sources,"['style', 'author', 'simply', 'walk', 'key.', '—', 'shocking', 'claims', 'miracle', 'drug', 'surface', 'internet.']",FAKE
R094,New Report on Policy,"['sit', 'important', 'process', 'bar', 'body', 'important.', 'establish', 'relationship', 'start', 'land.', 'experts', 'discuss', 'ongoing', 'developments', 'policy.']",REAL
R040,New Report on Policy,"['artist', 'health', 'film', 'partner', 'play', 'religious.', 'price', 'official', 'next', 'military', 'never', 'catch.', 'experts', 'discuss', 'ongoing', 'developments', 'policy.']",REAL
F170,Immortal Jellyfish Confirmed by Sources,"['successful', 'next', 'night', 'medical', 'score.', 'end', 'control', 'book', 'trip.', '—', 'shocking', 'claims', 'immortal', 'jellyfish', 'surface', 'internet.']",FAKE
F130,Immortal Jellyfish Confirmed by Sources,"['pretty', 'firm', 'card', 'rich', 'notice', 'guess.', 'federal', 'early', 'police', 'particularly', 'market.', 'sing', 'worry', 'message', 'face', 'sport', 'great.', '—', 'shocking', 'claims', 'immortal', 'jellyfish', 'surface', 'internet.']",FAKE
R085,New Report on Economic Growth,"['consider', 'along', 'dream.', 'time', 'somebody', 'never', 'development', 'together', 'bar', 'author.', 'receive', 'need', 'space', 'building', 'but.', 'experts', 'discuss', 'ongoing', 'developments', 'economic', 'growth.']",REAL
R054,New Report on Budget Report,"['former', 'able', 'network', 'fire', 'environment.', 'tell', 'including', 'address', 'especially', 'campaign', 'across.', 'protect', 'finally', 'wear', 'organization.', 'main', 'gas', 'charge', 'argue', 'usually', 'ball', 'raise', 'put.', 'experts', 'discuss', 'ongoing', 'developments', 'budget', 'report.']",REAL
R047,New Report on Technology Breakthrough,"['leg', 'practice', 'market', 'product.', 'performance', 'pm', 'rich', 'up.', 'experts', 'discuss', 'ongoing', 'developments', 'technology', 'breakthrough.']",REAL
R199,New Report on Economic Growth,"['position', 'rather', 'school', 'alone', 'thought.', 'several', 'crime', 'bank', 'box', 'child', 'manage.', 'experts', 'discuss', 'ongoing', 'developments', 'economic', 'growth.']",REAL
F062,Miracle Drug Confirmed by Sources,"['minute', 'key', 'discover', 'second.', '—', 'shocking', 'claims', 'miracle', 'drug', 'surface', 'internet.']",FAKE
R244,New Report on Technology Breakthrough,"['important', 'film', 'often', 'maybe', 'six', 'easy', 'tend.', 'production', 'within', 'science', 'charge.', 'experts', 'discuss', 'ongoing', 'developments', 'technology', 'breakthrough.']",REAL
R107,New Report on Election,"['structure', 'set', 'leader', 'always', 'make', 'throw.', 'player', 'like', 'attorney.', 'continue', 'special', 'support', 'manager', 'sport.', 'experts', 'discuss', 'ongoing', 'developments', 'election.']",REAL
F148,Aliens Confirmed by Sources,"['painting', 'local', 'hold', 'moment.', '—', 'shocking', 'claims', 'aliens', 'surface', 'internet.']",FAKE
F023,Mind Control Confirmed by Sources,"['idea', 'war', 'itself.', 'left', 'style', 'open', 'list', 'behind.', '—', 'shocking', 'claims', 'mind', 'control', 'surface', 'internet.']",FAKE
R075,New Report on Budget Report,"['american', 'bed', 'major', 'however.', 'save', 'hundred', 'health', 'dog', 'old.', 'us', 'collection', 'student', 'radio', 'floor', 'appear.', 'experts', 'discuss', 'ongoing', 'developments', 'budget', 'report.']",REAL
R220,New Report on Public Health,"['wife', 'reason', 'guess', 'others.', 'yeah', 'lead', 'arrive', 'number.', 'yet', 'though', 'nor.', 'experts', 'discuss', 'ongoing', 'developments', 'public', 'health.']",REAL
R099,New Report on Economic Growth,"['sound', 'office', 'practice', 'agency', 'show', 'century.', 'especially', 'action', 'least', 'better', 'also', 'lot.', 'experts', 'discuss', 'ongoing', 'developments', 'economic', 'growth.']",REAL
F066,Flat Earth Confirmed by Sources,"['lawyer', 'find', 'main', 'appear', 'myself.', 'seem', 'direction', 'standard', 'key.', '—', 'shocking', 'claims', 'flat', 'earth', 'surface', 'internet.']",FAKE
F060,Flat Earth Confirmed by Sources,"['rich', 'recognize', 'technology', 'goal.', 'natural', 'cover', 'image', 'network', 'throw.', 'culture', 'choose', 'drop', 'suggest', 'they.', '—', 'shocking', 'claims', 'flat', 'earth', 'surface', 'internet.']",FAKE
F022,Government Cover-Up Confirmed by Sources,"['letter', 'economy', 'brother', 'environment.', 'across', 'western', 'customer.', 'amount', 'send', 'practice', 'suddenly', 'speech', 'political', 'talk.', '—', 'shocking', 'claims', 'government', 'cover-up', 'surface', 'internet.']",FAKE
F127,Mind Control Confirmed by Sources,"['blue', 'operation', 'compare', 'point.', 'suggest', 'natural', 'smile', 'foreign', 'worry.', 'commercial', 'similar', 'put', 'movie', 'already', 'put', 'certain', 'scientist.', '—', 'shocking', 'claims', 'mind', 'control', 'surface', 'internet.']",FAKE
R212,New Report on Education,"['important', 'begin', 'three', 'crime.', 'agent', 'gun', 'girl', 'stage', 'task', 'nature', 'this.', 'nice', 'foot', 'determine.', 'experts', 'discuss', 'ongoing', 'developments', 'education.']",REAL
F119,Mind Control Confirmed by Sources,"['help', 'summer', 'fight', 'where.', 'push', 'standard', 'month', 'note', 'nice.', '—', 'shocking', 'claims', 'mind', 'control', 'surface', 'internet.']",FAKE
F103,Hoax Confirmed by Sources,"['adult.', 'according', 'arm', 'day', 'somebody', 'citizen', 'view.', '—', 'shocking', 'claims', 'hoax', 'surface', 'internet.']",FAKE
F191,Mind Control Confirmed by Sources,"['fire', 'forget', 'population', 'training', 'shoulder', 'population', 'gun.', 'difference', 'push', 'physical', 'drive', 'safe', 'election', 'yes.', 'contain', 'forget', 'identify', 'east', 'notice.', 'floor', 'stop', 'one', 'program', 'language', 'ten.', '—', 'shocking', 'claims', 'mind', 'control', 'surface', 'internet.']",FAKE
F002,Mind Control Confirmed by Sources,"['road', 'plan', 'hit', 'difference.', 'politics', 'read', 'event', 'type', 'east', 'building.', '—', 'shocking', 'claims', 'mind', 'control', 'surface', 'internet.']",FAKE
R155,New Report on Election,"['head', 'happy', 'federal.', 'choose', 'south', 'couple', 'party.', 'science', 'glass', 'prove.', 'experts', 'discuss', 'ongoing', 'developments', 'election.']",REAL
R006,New Report on Technology Breakthrough,"['affect', 'score', 'next.', 'hear', 'per', 'blood', 'floor', 'thing.', 'experts', 'discuss', 'ongoing', 'developments', 'technology', 'breakthrough.']",REAL
F086,Government Cover-Up Confirmed by Sources,"['wife', 'rise', 'sport', 'name', 'tough.', 'thousand', 'wonder.', '—', 'shocking', 'claims', 'government', 'cover-up', 'surface', 'internet.']",FAKE
R168,New Report on Election,"['step', 'event', 'never', 'son', 'civil', 'without.', 'head', 'drive', 'style', 'skill', 'concern.', 'hold', 'record', 'treat', 'scientist', 'wonder.', 'experts', 'discuss', 'ongoing', 'developments', 'election.']",REAL
R077,New Report on Public Health,"['work', 'speech', 'talk', 'save', 'particularly', 'let.', 'buy', 'congress', 'church', 'really', 'campaign.', 'color', 'ready', 'live', 'help', 'he.', 'experts', 'discuss', 'ongoing', 'developments', 'public', 'health.']",REAL
F209,Hoax Confirmed by Sources,"['easy', 'poor', 'hard', 'catch', 'vote', 'commercial.', 'life', 'loss', 'force', 'night.', 'cup', 'tv', 'board', 'plant', 'anyone', 'data.', '—', 'shocking', 'claims', 'hoax', 'surface', 'internet.']",FAKE
R236,New Report on Public Health,"['push', 'away', 'possible', 'community', 'food', 'magazine.', 'use', 'red', 'administration', 'station', 'record', 'better.', 'police', 'mission', 'next', 'professor', 'visit', 'international.', 'experts', 'discuss', 'ongoing', 'developments', 'public', 'health.']",REAL
F186,Aliens Confirmed by Sources,"['hot', 'collection', 'best', 'republican.', 'education', 'fast', 'many', 'section.', '—', 'shocking', 'claims', 'aliens', 'surface', 'internet.']",FAKE
R243,New Report on Public Health,"['best', 'drive', 'billion', 'enter', 'sure', 'still', 'condition.', 'moment', 'lead', 'success', 'great.', 'experts', 'discuss', 'ongoing', 'developments', 'public', 'health.']",REAL
F094,Immortal Jellyfish Confirmed by Sources,"['size', 'group', 'everybody', 'reason', 'officer', 'eight.', '—', 'shocking', 'claims', 'immortal', 'jellyfish', 'surface', 'internet.']",FAKE
R032,New Report on Economic Growth,"['area', 'public', 'past', 'ball', 'material.', 'buy', 'series', 'growth', 'nothing.', 'democratic', 'pay', 'specific', 'put', 'wonder.', 'experts', 'discuss', 'ongoing', 'developments', 'economic', 'growth.']",REAL
R033,New Report on Education,"['sound', 'give', 'everybody', 'pass', 'toward', 'fear.', 'magazine', 'forward', 'cause', 'computer', 'benefit', 'like', 'hard', 'available.', 'experts', 'discuss', 'ongoing', 'developments', 'education.']",REAL
R045,New Report on Technology Breakthrough,"['decision', 'must', 'reveal', 'down.', 'law', 'president', 'white.', 'experts', 'discuss', 'ongoing', 'developments', 'technology', 'breakthrough.']",REAL
R116,New Report on Education,"['soon', 'music', 'baby', 'push', 'through.', 'hour', 'fund', 'beat', 'budget.', 'say', 'class', 'write', 'detail', 'control', 'ago.', 'experts', 'discuss', 'ongoing', 'developments', 'education.']",REAL
F056,Celebrity Scandal Confirmed by Sources,"['career', 'see', 'appear.', 'popular', 'face', 'wind', 'resource', 'build', 'especially.', 'wind', 'door', 'could.', 'fly', 'prepare', 'prevent.', '—', 'shocking', 'claims', 'celebrity', 'scandal', 'surface', 'internet.']",FAKE
R043,New Report on Policy,"['necessary', 'keep', 'late', 'beat', 'environment.', 'federal', 'soldier', 'race', 'many', 'admit.', 'painting', 'page', 'last', 'meet', 'represent', 'loss.', 'experts', 'discuss', 'ongoing', 'developments', 'policy.']",REAL
R145,New Report on Economic Growth,"['crime', 'plant', 'law', 'house', 'which.', 'community', 'old', 'conference', 'treat', 'stay', 'partner', 'ever.', 'experts', 'discuss', 'ongoing', 'developments', 'economic', 'growth.']",REAL
F200,Secret Cure Confirmed by Sources,"['represent', 'past', 'else', 'describe', 'create', 'mind.', 'film', 'between.', 'world', 'live', 'surface', 'travel', 'national.', '—', 'shocking', 'claims', 'secret', 'cure', 'surface', 'internet.']",FAKE
F034,Celebrity Scandal Confirmed by Sources,"['speech', 'wrong', 'create', 'cut.', 'member', 'probably', 'instead', 'talk', 'agree', 'financial', 'relationship.', 'know', 'theory', 'soldier', 'ago', 'ground.', 'always', 'power', 'hot', 'support', 'treatment', 'plant.', '—', 'shocking', 'claims', 'celebrity', 'scandal', 'surface', 'internet.']",FAKE
F149,Secret Cure Confirmed by Sources,"['public', 'near', 'simple', 'able', 'trial.', 'develop', 'appear.', 'ground', 'see', 'grow', 'record', 'machine.', '—', 'shocking', 'claims', 'secret', 'cure', 'surface', 'internet.']",FAKE
F051,Secret Cure Confirmed by Sources,"['democrat', 'occur', 'network', 'term.', '—', 'shocking', 'claims', 'secret', 'cure', 'surface', 'internet.']",FAKE
F089,Flat Earth Confirmed by Sources,"['hotel', 'sister', 'western', 'care', 'structure.', 'decision', 'describe', 'nature', 'window', 'window', 'occur.', 'name', 'cut', 'accept', 'together', 'inside.', '—', 'shocking', 'claims', 'flat', 'earth', 'surface', 'internet.']",FAKE
F135,Flat Earth Confirmed by Sources,"['school', 'table', 'great', 'give.', 'boy', 'have.', 'system', 'stage', 'reality', 'practice.', 'official', 'dream', 'allow', 'cold', 'else', 'allow.', '—', 'shocking', 'claims', 'flat', 'earth', 'surface', 'internet.']",FAKE
F088,Government Cover-Up Confirmed by Sources,"['face', 'degree', 'tell', 'list', 'next', 'everybody', 'represent.', 'expect', 'provide', 'job', 'actually', 'manage', 'someone', 'chair.', 'manage', 'million', 'chance', 'unit', 'school', 'tonight', 'authority.', '—', 'shocking', 'claims', 'government', 'cover-up', 'surface', 'internet.']",FAKE
R010,New Report on Election,"['lot', 'low', 'majority', 'throw', 'interest', 'dark.', 'control', 'next', 'heavy.', 'experts', 'discuss', 'ongoing', 'developments', 'election.']",REAL
R211,New Report on Policy,"['wish', 'goal', 'professor', 'own.', 'hot', 'despite', 'data', 'call', 'term', 'big', 'process.', 'take', 'enough', 'growth', 'stuff', 'arrive', 'several.', 'experts', 'discuss', 'ongoing', 'developments', 'policy.']",REAL
F204,Miracle Drug Confirmed by Sources,"['administration', 'article', 'return', 'marriage.', 'read', 'inside', 'civil.', 'wide', 'past', 'prevent', 'entire.', '—', 'shocking', 'claims', 'miracle', 'drug', 'surface', 'internet.']",FAKE
F168,Miracle Drug Confirmed by Sources,"['director', 'cold', 'threat', 'commercial', 'than.', 'case', 'successful', 'audience', 'federal', 'move', 'woman.', 'tough', 'activity', 'wear', 'hard', 'international', 'human', 'perhaps.', '—', 'shocking', 'claims', 'miracle', 'drug', 'surface', 'internet.']",FAKE
R011,New Report on Public Health,"['cell', 'across', 'offer', 'factor.', 'quite', 'time', 'season.', 'worker', 'specific', 'work', 'push', 'baby', 'church.', 'experts', 'discuss', 'ongoing', 'developments', 'public', 'health.']",REAL
R232,New Report on Climate Change,"['yeah', 'yes', 'consumer', 'force', 'operation', 'establish', 'person.', 'decide', 'team', 'billion', 'area', 'attention', 'exist', 'goal.', 'experts', 'discuss', 'ongoing', 'developments', 'climate', 'change.']",REAL
R042,New Report on Public Health,"['class', 'sit', 'drop', 'drive', 'respond', 'rest.', 'likely', 'space.', 'experts', 'discuss', 'ongoing', 'developments', 'public', 'health.']",REAL
F182,Hoax Confirmed by Sources,"['degree', 'identify', 'large', 'energy.', 'yeah', 'happen', 'pattern', 'see', 'claim.', '—', 'shocking', 'claims', 'hoax', 'surface', 'internet.']",FAKE
F036,Miracle Drug Confirmed by Sources,"['important', 'field', 'development', 'director', 'dream.', 'south', 'recognize', 'road.', '—', 'shocking', 'claims', 'miracle', 'drug', 'surface', 'internet.']",FAKE
F068,Secret Cure Confirmed by Sources,"['simply', 'establish', 'language', 'long', 'require', 'ago.', 'color', 'let', 'argue', 'myself.', 'end', 'plan', 'article.', '—', 'shocking', 'claims', 'secret', 'cure', 'surface', 'internet.']",FAKE
R015,New Report on Election,"['newspaper', 'notice', 'worker', 'eat', 'cell', 'soon', 'heavy.', 'rather', 'church', 'hear', 'return', 'get', 'miss', 'improve.', 'player', 'appear', 'half', 'report', 'base.', 'experts', 'discuss', 'ongoing', 'developments', 'election.']",REAL
R147,New Report on Climate Change,"['sound', 'education', 'whether', 'eye.', 'sport', 'middle', 'hot', 'democrat.', 'experts', 'discuss', 'ongoing', 'developments', 'climate', 'change.']",REAL
F198,Government Cover-Up Confirmed by Sources,"['involve', 'possible', 'oil', 'science', 'conference.', 'son', 'college', 'prevent', 'blue', 'dream', 'learn', 'event', 'where.', '—', 'shocking', 'claims', 'government', 'cover-up', 'surface', 'internet.']",FAKE
R081,New Report on Climate Change,"['value', 'audience', 'water', 'note', 'vote', 'house.', 'experts', 'discuss', 'ongoing', 'developments', 'climate', 'change.']",REAL
F050,Aliens Confirmed by Sources,"['none', 'former', 'address', 'water.', 'simple', 'government', 'message', 'hear.', 'inside', 'account', 'although', 'test', 'hard', 'factor', 'million.', '—', 'shocking', 'claims', 'aliens', 'surface', 'internet.']",FAKE
F162,Celebrity Scandal Confirmed by Sources,"['eat', 'cover', 'authority', 'father', 'full', 'sing.', 'card', 'season', 'establish', 'imagine.', 'number', 'glass', 'computer', 'difficult', 'agree.', '—', 'shocking', 'claims', 'celebrity', 'scandal', 'surface', 'internet.']",FAKE
R028,New Report on Technology Breakthrough,"['reason', 'investment', 'create', 'although', 'statement.', 'dark', 'identify', 'miss', 'later', 'kitchen.', 'candidate', 'market', 'bag', 'theory.', 'experts', 'discuss', 'ongoing', 'developments', 'technology', 'breakthrough.']",REAL
R195,New Report on Budget Report,"['color', 'show', 'long', 'choice', 'personal.', 'degree', 'think', 'share', 'recent', 'study', 'friend', 'find.', 'end', 'approach', 'song', 'character', 'act', 'personal', 'respond', 'three.', 'experts', 'discuss', 'ongoing', 'developments', 'budget', 'report.']",REAL
F116,Aliens Confirmed by Sources,"['pm', 'room', 'consider', 'low', 'ago', 'force', 'energy.', 'air', 'rich', 'war', 'early.', '—', 'shocking', 'claims', 'aliens', 'surface', 'internet.']",FAKE
R018,New Report on Research,"['require', 'let', 'issue', 'discuss', 'ready', 'then.', 'wrong', 'stand', 'care.', 'experts', 'discuss', 'ongoing', 'developments', 'research.']",REAL
F073,Immortal Jellyfish Confirmed by Sources,"['war', 'sound', 'debate', 'bill', 'teacher.', 'customer', 'assume', 'change', 'anyone', 'once.', 'citizen', 'movement', 'central', 'past', 'simply', 'citizen', 'reveal.', 'drug', 'try', 'fund', 'mention.', '—', 'shocking', 'claims', 'immortal', 'jellyfish', 'surface', 'internet.']",FAKE
F059,Miracle Drug Confirmed by Sources,"['product', 'produce', 'international', 'traditional', 'draw', 'suddenly.', 'style', 'west', 'instead.', '—', 'shocking', 'claims', 'miracle', 'drug', 'surface', 'internet.']",FAKE
R078,New Report on Budget Report,"['year', 'machine', 'public', 'police', 'program', 'throw.', 'real', 'manager', 'impact.', 'experts', 'discuss', 'ongoing', 'developments', 'budget', 'report.']",REAL
F216,Secret Cure Confirmed by Sources,"['second', 'tend', 'back', 'group', 'dinner', 'physical.', 'much', 'seek', 'place.', 'newspaper', 'born', 'mention', 'investment', 'leg', 'information', 'arrive', 'treatment.', '—', 'shocking', 'claims', 'secret', 'cure', 'surface', 'internet.']",FAKE
F206,Celebrity Scandal Confirmed by Sources,"['certainly', 'view', 'visit', 'statement', 'be.', 'score', 'east', 'play', 'upon', 'space.', 'majority', 'offer', 'the.', '—', 'shocking', 'claims', 'celebrity', 'scandal', 'surface', 'internet.']",FAKE
R036,New Report on Research,"['box', 'public', 'many', 'agency', 'relate', 'street', 'staff', 'first.', 'agency', 'worker', 'beyond', 'every', 'thousand', 'animal.', 'experts', 'discuss', 'ongoing', 'developments', 'research.']",REAL
F104,Aliens Confirmed by Sources,"['safe', 'important', 'phone', 'toward', 'involve', 'hear.', 'building', 'fish', 'run', 'cell.', '—', 'shocking', 'claims', 'aliens', 'surface', 'internet.']",FAKE
F000,Hoax Confirmed by Sources,"['act', 'center', 'respond', 'second.', 'camera', 'vote', 'mention', 'director', 'around', 'article', 'us', 'challenge.', '—', 'shocking', 'claims', 'hoax', 'surface', 'internet.']",FAKE
R136,New Report on Education,"['million', 'require', 'situation', 'statement', 'indicate.', 'experts', 'discuss', 'ongoing', 'developments', 'education.']",REAL
F019,Immortal Jellyfish Confirmed by Sources,"['wear', 'science', 'serve', 'law', 'young', 'science.', 'ok', 'exist', 'already', 'run', 'event', 'drug', 'air.', 'protect', 'likely', 'marriage', 'eye', 'treatment', 'soldier.', '—', 'shocking', 'claims', 'immortal', 'jellyfish', 'surface', 'internet.']",FAKE
R012,New Report on Technology Breakthrough,"['four', 'resource', 'work', 'kitchen', 'step', 'according.', 'opportunity', 'determine.', 'democratic', 'technology', 'education', 'add', 'congress.', 'experts', 'discuss', 'ongoing', 'developments', 'technology', 'breakthrough.']",REAL
R052,New Report on Education,"['left', 'college', 'thank', 'city', 'show', 'although.', 'foreign', 'number', 'opportunity.', 'experts', 'discuss', 'ongoing', 'developments', 'education.']",REAL
R123,New Report on Climate Change,"['something', 'six', 'site', 'education', 'become', 'do.', 'authority', 'dream', 'wind', 'finally', 'culture.', 'however', 'pattern', 'box', 'various', 'imagine', 'necessary.', 'experts', 'discuss', 'ongoing', 'developments', 'climate', 'change.']",REAL
F040,Government Cover-Up Confirmed by Sources,"['return', 'population', 'shoulder', 'current', 'surface.', 'material', 'minute', 'happen', 'federal.', '—', 'shocking', 'claims', 'government', 'cover-up', 'surface', 'internet.']",FAKE
R160,New Report on Climate Change,"['experience', 'forward', 'quickly.', 'owner', 'data', 'think', 'upon', 'kind.', 'arm', 'large', 'education', 'difference.', 'experts', 'discuss', 'ongoing', 'developments', 'climate', 'change.']",REAL
F067,Immortal Jellyfish Confirmed by Sources,"['room', 'difficult', 'sense', 'green', 'become', 'foot.', 'market', 'case', 'life', 'perhaps', 'include', 'page.', '—', 'shocking', 'claims', 'immortal', 'jellyfish', 'surface', 'internet.']",FAKE
R069,New Report on Research,"['political', 'rest', 'spend.', 'experts', 'discuss', 'ongoing', 'developments', 'research.']",REAL
F160,Mind Control Confirmed by Sources,"['system', 'also', 'activity.', 'word', 'trouble', 'mind', 'concern', 'whom.', 'risk', 'cause', 'step', 'necessary', 'lead', 'hair.', '—', 'shocking', 'claims', 'mind', 'control', 'surface', 'internet.']",FAKE
F053,Hoax Confirmed by Sources,"['material', 'stock', 'still', 'section', 'accept', 'few.', 'environmental', 'order', 'among', 'generation', 'church.', 'land', 'protect', 'eat.', '—', 'shocking', 'claims', 'hoax', 'surface', 'internet.']",FAKE
R074,New Report on Education,"['century', 'decade', 'level', 'wall.', 'anything', 'option', 'listen', 'treatment', 'probably', 'program', 'late', 'letter.', 'experts', 'discuss', 'ongoing', 'developments', 'education.']",REAL
R007,New Report on Election,"['mouth', 'begin', 'fear', 'specific.', 'suffer', 'end', 'apply', 'each.', 'experts', 'discuss', 'ongoing', 'developments', 'election.']",REAL
R119,New Report on Climate Change,"['enough', 'protect', 'finally', 'kid', 'onto.', 'family', 'pm', 'eye', 'strategy', 'wait', 'form.', 'soon', 'resource', 'science', 'look', 'similar.', 'experts', 'discuss', 'ongoing', 'developments', 'climate', 'change.']",REAL
R087,New Report on Budget Report,"['stay', 'however', 'class', 'our.', 'sing', 'sort', 'father', 'effort', 'heavy', 'true', 'phone.', 'experts', 'discuss', 'ongoing', 'developments', 'budget', 'report.']",REAL
F145,Miracle Drug Confirmed by Sources,"['marriage', 'recent', 'end', 'picture', 'or.', 'year', 'nothing', 'certain', 'rather', 'country.', 'moment', 'everything', 'wrong', 'four.', '—', 'shocking', 'claims', 'miracle', 'drug', 'surface', 'internet.']",FAKE
R065,New Report on Budget Report,"['hope', 'discussion', 'must', 'drop', 'price', 'with.', 'head', 'soon', 'tv', 'side.', 'still', 'local', 'father', 'often', 'keep.', 'experts', 'discuss', 'ongoing', 'developments', 'budget', 'report.']",REAL
R208,New Report on Budget Report,"['provide', 'character', 'join', 'different.', 'pressure', 'throughout', 'expect', 'interview', 'guy', 'popular.', 'production', 'meet', 'race', 'begin.', 'experts', 'discuss', 'ongoing', 'developments', 'budget', 'report.']",REAL
R048,New Report on Budget Report,"['result', 'mind', 'collection', 'person', 'fact', 'yeah', 'attack.', 'trade', 'throughout', 'name', 'poor.', 'break', 'small', 'plan', 'five.', 'experts', 'discuss', 'ongoing', 'developments', 'budget', 'report.']",REAL
F076,Aliens Confirmed by Sources,"['certain', 'travel', 'various', 'member.', 'owner', 'star', 'old', 'executive.', '—', 'shocking', 'claims', 'aliens', 'surface', 'internet.']",FAKE
R019,New Report on Policy,"['paper', 'receive', 'wear', 'assume', 'interview.', 'full', 'current', 'allow.', 'experts', 'discuss', 'ongoing', 'developments', 'policy.']",REAL
F115,Immortal Jellyfish Confirmed by Sources,"['thought', 'medical', 'mother', 'media', 'quite', 'measure', 'age.', 'term', 'move', 'finish', 'many', 'way', 'result', 'professor.', 'nothing', 'friend', 'hospital', 'film', 'seem.', '—', 'shocking', 'claims', 'immortal', 'jellyfish', 'surface', 'internet.']",FAKE
R031,New Report on Education,"['trial', 'dinner', 'news', 'between.', 'fact', 'window', 'front', 'follow.', 'experts', 'discuss', 'ongoing', 'developments', 'education.']",REAL
R190,New Report on Research,"['onto', 'prepare', 'type', 'idea', 'receive.', 'keep', 'republican', 'measure', 'think', 'human', 'despite', 'choice.', 'particular', 'thank', 'quality', 'none', 'cultural.', 'experts', 'discuss', 'ongoing', 'developments', 'research.']",REAL
F057,Mind Control Confirmed by Sources,"['ever', 'first', 'summer', 'magazine', 'focus.', 'operation', 'low', 'newspaper', 'bring', 'three', 'it.', 'miss', 'decade', 'foreign', 'behind', 'material', 'left.', '—', 'shocking', 'claims', 'mind', 'control', 'surface', 'internet.']",FAKE
F158,Immortal Jellyfish Confirmed by Sources,"['vote', 'best', 'drop', 'government', 'democrat', 'happy', 'model.', 'make', 'consider', 'color', 'scientist.', 'simply', 'class', 'painting', 'fly', 'body', 'themselves.', '—', 'shocking', 'claims', 'immortal', 'jellyfish', 'surface', 'internet.']",FAKE
F234,Flat Earth Confirmed by Sources,"['build', 'goal', 'reality', 'stop.', 'south', 'firm', 'actually', 'level', 'serve', 'ready.', '—', 'shocking', 'claims', 'flat', 'earth', 'surface', 'internet.']",FAKE
F155,Flat Earth Confirmed by Sources,"['center', 'activity', 'energy.', 'act', 'white', 'art', 'per', 'environment.', 'much', 'peace', 'act', 'statement', 'part', 'fly', 'deal.', '—', 'shocking', 'claims', 'flat', 'earth', 'surface', 'internet.']",FAKE
F106,Flat Earth Confirmed by Sources,"['skin', 'throughout', 'member', 'nature', 'director.', 'together', 'party', 'project', 'certainly.', 'administration', 'movement', 'policy', 'item.', '—', 'shocking', 'claims', 'flat', 'earth', 'surface', 'internet.']",FAKE
R051,New Report on Policy,"['high', 'determine', 'heavy', 'alone', 'account.', 'experts', 'discuss', 'ongoing', 'developments', 'policy.']",REAL
R203,New Report on Education,"['field', 'one', 'ago', 'billion', 'window.', 'republican', 'month.', 'check', 'need', 'exactly', 'audience', 'fill.', 'experts', 'discuss', 'ongoing', 'developments', 'education.']",REAL
F063,Secret Cure Confirmed by Sources,"['baby', 'action', 'candidate', 'draw', 'true', 'community', 'wish.', 'knowledge', 'teach', 'cause', 'cell', 'test', 'thousand.', '—', 'shocking', 'claims', 'secret', 'cure', 'surface', 'internet.']",FAKE
R080,New Report on Policy,"['treat', 'around', 'onto', 'sure', 'long.', 'explain', 'crime', 'citizen', 'left', 'service.', 'become', 'information', 'plant', 'actually', 'standard', 'easy.', 'experts', 'discuss', 'ongoing', 'developments', 'policy.']",REAL
R226,New Report on Public Health,"['name', 'population', 'born', 'institution', 'dinner', 'build', 'human.', 'affect', 'affect', 'risk', 'respond', 'teacher', 'range', 'as.', 'similar', 'first', 'number', 'compare.', 'experts', 'discuss', 'ongoing', 'developments', 'public', 'health.']",REAL
F144,Hoax Confirmed by Sources,"['learn', 'far', 'fill', 'money', 'also.', 'drop', 'adult', 'owner', 'assume', 'story.', '—', 'shocking', 'claims', 'hoax', 'surface', 'internet.']",FAKE
F241,Flat Earth Confirmed by Sources,"['safe', 'sea', 'republican', 'coach', 'face', 'western.', 'fear', 'maybe', 'conference', 'dream', 'town', 'sometimes', 'name.', '—', 'shocking', 'claims', 'flat', 'earth', 'surface', 'internet.']",FAKE
R150,New Report on Election,"['fact', 'throughout', 'address', 'paper', 'natural', 'cause.', 'knowledge', 'reflect', 'bring', 'relationship', 'start', 'democratic.', 'affect', 'give', 'church.', 'remain', 'pull', 'black.', 'experts', 'discuss', 'ongoing', 'developments', 'election.']",REAL
R153,New Report on Research,"['certain', 'clearly', 'enjoy', 'throughout.', 'save', 'important', 'consider', 'knowledge', 'wrong', 'quickly', 'interest.', 'yard', 'everybody', 'position', 'already', 'prepare', 'floor', 'drive.', 'experts', 'discuss', 'ongoing', 'developments', 'research.']",REAL
F175,Hoax Confirmed by Sources,"['people', 'win', 'gas.', 'compare', 'behind', 'century', 'physical', 'individual.', '—', 'shocking', 'claims', 'hoax', 'surface', 'internet.']",FAKE
F161,Immortal Jellyfish Confirmed by Sources,"['population', 'deep', 'condition.', 'result', 'base', 'ever', 'politics', 'key', 'job', 'write.', 'many', 'nation', 'way', 'gun', 'such.', '—', 'shocking', 'claims', 'immortal', 'jellyfish', 'surface', 'internet.']",FAKE
F147,Secret Cure Confirmed by Sources,"['respond', 'popular', 'cost', 'near', 'account', 'consumer', 'high.', 'minute', 'high', 'federal', 'piece', 'cultural', 'example', 'citizen', 'get.', '—', 'shocking', 'claims', 'secret', 'cure', 'surface', 'internet.']",FAKE
F018,Secret Cure Confirmed by Sources,"['order', 'care', 'edge', 'represent', 'model.', 'value', 'cut.', 'page', 'either', 'science', 'beautiful.', '—', 'shocking', 'claims', 'secret', 'cure', 'surface', 'internet.']",FAKE
F211,Celebrity Scandal Confirmed by Sources,"['cost', 'use', 'whether', 'adult', 'defense', 'road', 'technology', 'analysis.', 'stuff', 'service', 'effort', 'central', 'early', 'more.', 'reflect', 'first', 'child.', 'appear', 'nearly', 'congress', 'happy', 'decade', 'recognize.', '—', 'shocking', 'claims', 'celebrity', 'scandal', 'surface', 'internet.']",FAKE
R117,New Report on Research,"['simply', 'work', 'keep', 'office', 'word.', 'week', 'ten', 'walk', 'scientist.', 'final', 'american', 'hair', 'decide', 'candidate', 'beautiful.', 'experts', 'discuss', 'ongoing', 'developments', 'research.']",REAL
F016,Aliens Confirmed by Sources,"['beautiful', 'certainly', 'top', 'sing', 'indicate', 'today.', 'even', 'us', 'identify', 'part.', 'also', 'cup', 'brother', 'loss', 'bar', 'actually.', '—', 'shocking', 'claims', 'aliens', 'surface', 'internet.']",FAKE
F029,Flat Earth Confirmed by Sources,"['speak', 'end', 'assume', 'song', 'sing', 'gas.', '—', 'shocking', 'claims', 'flat', 'earth', 'surface', 'internet.']",FAKE
F205,Celebrity Scandal Confirmed by Sources,"['factor', 'economic', 'push', 'offer', 'section', 'cultural', 'significant.', 'detail', 'contain', 'adult', 'pressure.', 'matter', 'tend', 'imagine', 'different.', '—', 'shocking', 'claims', 'celebrity', 'scandal', 'surface', 'internet.']",FAKE
R112,New Report on Economic Growth,"['ever', 'resource.', 'machine', 'relate', 'effort', 'fill', 'play', 'anything.', 'month', 'ago', 'identify', 'treatment', 'ahead.', 'experts', 'discuss', 'ongoing', 'developments', 'economic', 'growth.']",REAL
F218,Government Cover-Up Confirmed by Sources,"['positive', 'factor', 'coach', 'history', 'chair.', 'person', 'look', 'set', 'career.', 'government', 'modern', 'right', 'story.', '—', 'shocking', 'claims', 'government', 'cover-up', 'surface', 'internet.']",FAKE
R187,New Report on Education,"['hand', 'represent', 'two', 'fall', 'also', 'role.', 'case', 'consider', 'everybody', 'music', 'third', 'budget', 'economic.', 'experts', 'discuss', 'ongoing', 'developments', 'education.']",REAL
F087,Celebrity Scandal Confirmed by Sources,"['politics', 'possible', 'alone', 'catch', 'heavy', 'front.', 'ahead', 'particularly', 'sea', 'government.', '—', 'shocking', 'claims', 'celebrity', 'scandal', 'surface', 'internet.']",FAKE
R171,New Report on Education,"['far', 'seek.', 'data', 'magazine', 'beat', 'art', 'personal', 'money.', 'experts', 'discuss', 'ongoing', 'developments', 'education.']",REAL
R113,New Report on Technology Breakthrough,"['speak', 'among', 'hair', 'long', 'subject', 'wear', 'realize.', 'hold', 'however', 'without', 'race', 'service', 'manage.', 'read', 'car', 'game', 'administration', 'history.', 'tell', 'pm', 'sea', 'explain', 'economy.', 'experts', 'discuss', 'ongoing', 'developments', 'technology', 'breakthrough.']",REAL
R222,New Report on Public Health,"['language', 'sort', 'south', 'let', 'toward', 'list.', 'writer', 'see', 'worry', 'ok', 'first.', 'staff', 'health', 'beyond', 'listen.', 'factor', 'pick', 'american', 'successful', 'foot', 'forget.', 'experts', 'discuss', 'ongoing', 'developments', 'public', 'health.']",REAL
F233,Secret Cure Confirmed by Sources,"['carry', 'simple', 'edge', 'population', 'apply.', 'smile', 'southern', 'team', 'create', 'rest', 'sport.', 'structure', 'seek', 'professor', 'building', 'rule', 'future.', '—', 'shocking', 'claims', 'secret', 'cure', 'surface', 'internet.']",FAKE
R223,New Report on Climate Change,"['without', 'leader', 'morning', 'bad', 'attention', 'claim', 'number', 'buy.', 'customer', 'fast', 'talk', 'ball', 'claim.', 'experts', 'discuss', 'ongoing', 'developments', 'climate', 'change.']",REAL
F224,Secret Cure Confirmed by Sources,"['sign', 'yeah.', 'health', 'message', 'short', 'common', 'firm', 'citizen', 'take.', 'forward', 'star', 'daughter', 'pay', 'beautiful', 'a.', '—', 'shocking', 'claims', 'secret', 'cure', 'surface', 'internet.']",FAKE
R181,New Report on Climate Change,"['leg', 'common', 'put', 'group', 'off.', 'time', 'day.', 'experts', 'discuss', 'ongoing', 'developments', 'climate', 'change.']",REAL
R056,New Report on Public Health,"['without', 'focus', 'party', 'military', 'life', 'real.', 'industry', 'president', 'around', 'know', 'second', 'finish', 'show', 'raise.', 'experts', 'discuss', 'ongoing', 'developments', 'public', 'health.']",REAL
R110,New Report on Education,"['authority', 'scene', 'old', 'public', 'international', 'along.', 'court', 'republican', 'outside', 'far.', 'throw', 'mouth', 'color', 'group.', 'experts', 'discuss', 'ongoing', 'developments', 'education.']",REAL
R219,New Report on Education,"['bed', 'computer', 'resource', 'really', 'special', 'official.', 'experts', 'discuss', 'ongoing', 'developments', 'education.']",REAL
R224,New Report on Education,"['western', 'generation.', 'experts', 'discuss', 'ongoing', 'developments', 'education.']",REAL
F178,Immortal Jellyfish Confirmed by Sources,"['training', 'next', 'interesting', 'kitchen', 'far', 'relationship', 'interview', 'from.', 'indeed', 'class', 'thousand', 'technology.', 'decision', 'need', 'key', 'kind', 'modern', 'find', 'feel.', '—', 'shocking', 'claims', 'immortal', 'jellyfish', 'surface', 'internet.']",FAKE
F074,Secret Cure Confirmed by Sources,"['commercial', 'reason', 'firm', 'throughout', 'special.', 'side', 'town', 'southern', 'person.', 'size', 'around', 'agree', 'course.', '—', 'shocking', 'claims', 'secret', 'cure', 'surface', 'internet.']",FAKE
R034,New Report on Budget Report,"['close', 'international', 'must', 'personal', 'build.', 'customer', 'media', 'weight.', 'unit', 'happen', 'concern', 'available', 'team.', 'experts', 'discuss', 'ongoing', 'developments', 'budget', 'report.']",REAL
R095,New Report on Policy,"['entire', 'family', 'low', 'responsibility', 'leave', 'everybody.', 'baby', 'mouth', 'market', 'close', 'industry.', 'sister', 'best', 'dark.', 'experts', 'discuss', 'ongoing', 'developments', 'policy.']",REAL
F011,Aliens Confirmed by Sources,"['everything', 'share', 'recently', 'prepare', 'since.', 'everybody', 'step', 'class', 'significant', 'ok', 'visit', 'relationship.', 'ago', 'growth', 'test', 'sometimes', 'dinner', 'send', 'gun', 'himself.', '—', 'shocking', 'claims', 'aliens', 'surface', 'internet.']",FAKE
R162,New Report on Policy,"['role', 'phone', 'shoulder', 'painting', 'forget', 'enjoy.', 'sing', 'certain', 'anyone', 'kind', 'bad', 'per.', 'experts', 'discuss', 'ongoing', 'developments', 'policy.']",REAL
R218,New Report on Election,"['among', 'project', 'glass', 'central', 'research.', 'professor', 'difference', 'thousand', 'news', 'conference', 'drive', 'go.', 'color', 'majority', 'tree', 'fact', 'bill', 'will.', 'experts', 'discuss', 'ongoing', 'developments', 'election.']",REAL
F136,Miracle Drug Confirmed by Sources,"['expert', 'important', 'sea', 'result', 'them.', 'response', 'turn', 'life', 'matter', 'response.', '—', 'shocking', 'claims', 'miracle', 'drug', 'surface', 'internet.']",FAKE
R108,New Report on Economic Growth,"['war', 'along', 'ground', 'customer', 'woman', 'off.', 'feel', 'want', 'want', 'education', 'need.', 'experts', 'discuss', 'ongoing', 'developments', 'economic', 'growth.']",REAL
R186,New Report on Research,"['good', 'source', 'remember', 'right', 'dinner.', 'woman', 'major', 'brother', 'key.', 'dark', 'happy', 'tree', 'strong.', 'experts', 'discuss', 'ongoing', 'developments', 'research.']",REAL
R248,New Report on Technology Breakthrough,"['deal', 'capital', 'source', 'difference', 'husband.', 'cost', 'mr', 'forward.', 'experts', 'discuss', 'ongoing', 'developments', 'technology', 'breakthrough.']",REAL
F045,Immortal Jellyfish Confirmed by Sources,"['thing', 'job', 'toward.', 'difficult', 'increase', 'service', 'actually', 'send', 'citizen.', '—', 'shocking', 'claims', 'immortal', 'jellyfish', 'surface', 'internet.']",FAKE
F092,Secret Cure Confirmed by Sources,"['note', 'son', 'great', 'physical', 'nothing', 'economic', 'mr', 'fly.', 'economic', 'social', 'wide.', '—', 'shocking', 'claims', 'secret', 'cure', 'surface', 'internet.']",FAKE
R100,New Report on Technology Breakthrough,"['field', 'effort', 'power', 'officer', 'air', 'read.', 'time', 'property', 'improve', 'condition', 'society.', 'experts', 'discuss', 'ongoing', 'developments', 'technology', 'breakthrough.']",REAL
F075,Miracle Drug Confirmed by Sources,"['business', 'hand', 'red', 'relationship', 'civil', 'move.', 'economic', 'page', 'area', 'grow.', 'high', 'century', 'early', 'senior', 'onto', 'too.', '—', 'shocking', 'claims', 'miracle', 'drug', 'surface', 'internet.']",FAKE
R059,New Report on Technology Breakthrough,"['every', 'research', 'training', 'arrive', 'debate.', 'experts', 'discuss', 'ongoing', 'developments', 'technology', 'breakthrough.']",REAL
F213,Hoax Confirmed by Sources,"['go', 'gun', 'network', 'wear.', 'bed', 'letter', 'security', 'reality', 'field', 'process', 'group.', '—', 'shocking', 'claims', 'hoax', 'surface', 'internet.']",FAKE
R233,New Report on Education,"['since', 'interesting', 'best', 'information', 'task', 'unit.', 'ok', 'figure', 'box', 'series', 'nearly.', 'behavior', 'must', 'might.', 'experts', 'discuss', 'ongoing', 'developments', 'education.']",REAL
F072,Mind Control Confirmed by Sources,"['onto', 'follow', 'house.', 'deal', 'serious', 'skin', 'speech.', 'central', 'someone', 'cold', 'budget', 'without', 'visit', 'wife', 'a.', '—', 'shocking', 'claims', 'mind', 'control', 'surface', 'internet.']",FAKE
R184,New Report on Budget Report,"['class', 'truth', 'child', 'really', 'him.', 'play', 'item', 'policy', 'system', 'agency', 'hot', 'throw.', 'experts', 'discuss', 'ongoing', 'developments', 'budget', 'report.']",REAL
F134,Secret Cure Confirmed by Sources,"['daughter', 'position', 'become.', 'scene', 'may', 'mother', 'listen.', '—', 'shocking', 'claims', 'secret', 'cure', 'surface', 'internet.']",FAKE
R096,New Report on Research,"['someone', 'receive', 'politics', 'happy.', 'figure', 'senior', 'little', 'piece', 'picture', 'central.', 'experts', 'discuss', 'ongoing', 'developments', 'research.']",REAL
R020,New Report on Policy,"['similar', 'successful', 'tough', 'group', 'end', 'young', 'cell.', 'federal', 'theory', 'ever', 'enter', 'choose', 'behind.', 'mission', 'care', 'training', 'care', 'drop.', 'experts', 'discuss', 'ongoing', 'developments', 'policy.']",REAL
R067,New Report on Policy,"['home', 'challenge', 'board', 'organization', 'animal', 'oil', 'best', 'responsibility.', 'continue', 'order.', 'poor', 'main', 'energy', 'college', 'energy', 'special', 'teach.', 'experts', 'discuss', 'ongoing', 'developments', 'policy.']",REAL
R215,New Report on Education,"['serve', 'leave', 'enjoy', 'three.', 'occur', 'laugh', 'school', 'much.', 'least', 'later', 'teacher', 'race', 'live.', 'experts', 'discuss', 'ongoing', 'developments', 'education.']",REAL
R127,New Report on Policy,"['view', 'family.', 'best', 'enough', 'right', 'many.', 'bar', 'politics', 'worker', 'site', 'action.', 'experts', 'discuss', 'ongoing', 'developments', 'policy.']",REAL
R235,New Report on Technology Breakthrough,"['improve', 'turn', 'collection', 'open.', 'individual', 'total', 'product', 'whatever', 'force.', 'structure', 'develop', 'democratic', 'or.', 'firm', 'fish', 'arrive', 'including', 'item', 'talk', 'however.', 'experts', 'discuss', 'ongoing', 'developments', 'technology', 'breakthrough.']",REAL
R163,New Report on Climate Change,"['real', 'image', 'feeling', 'south.', 'enough', 'glass', 'mention', 'brother', 'central.', 'power', 'father', 'open', 'staff', 'risk', 'control', 'growth.', 'experts', 'discuss', 'ongoing', 'developments', 'climate', 'change.']",REAL
R002,New Report on Education,"['place', 'particularly', 'behavior', 'lose', 'stage', 'benefit.', 'also', 'woman', 'record', 'old.', 'including', 'almost', 'activity', 'door', 'hope.', 'experts', 'discuss', 'ongoing', 'developments', 'education.']",REAL
R021,New Report on Education,"['wish', 'fly', 'simply', 'political', 'sound', 'skill.', 'reason', 'tv', 'say.', 'experts', 'discuss', 'ongoing', 'developments', 'education.']",REAL
R013,New Report on Technology Breakthrough,"['moment', 'consumer', 'price', 'choose.', 'personal', 'international', 'clear', 'government.', 'treatment', 'art', 'race', 'region.', 'experts', 'discuss', 'ongoing', 'developments', 'technology', 'breakthrough.']",REAL
F195,Flat Earth Confirmed by Sources,"['black', 'pm', 'series', 'analysis.', 'well', 'rate', 'house', 'know', 'everyone.', '—', 'shocking', 'claims', 'flat', 'earth', 'surface', 'internet.']",FAKE
R101,New Report on Research,"['fight', 'box', 'management', 'smile', 'none', 'player', 'language.', 'go', 'simply', 'various', 'program', 'office', 'win', 'fill', 'mrs.', 'space', 'way', 'activity', 'yeah', 'different', 'in.', 'experts', 'discuss', 'ongoing', 'developments', 'research.']",REAL
R055,New Report on Research,"['security', 'leg', 'environment', 'home', 'know', 'describe', 'money', 'worker.', 'away', 'college', 'meet', 'traditional', 'top.', 'rich', 'station', 'stay', 'significant', 'federal', 'lose.', 'experts', 'discuss', 'ongoing', 'developments', 'research.']",REAL
F190,Secret Cure Confirmed by Sources,"['indeed', 'technology', 'young', 'whose.', 'growth', 'almost', 'anyone', 'green', 'whose', 'cover.', '—', 'shocking', 'claims', 'secret', 'cure', 'surface', 'internet.']",FAKE
R004,New Report on Education,"['paper', 'rather', 'call', 'system', 'college', 'far', 'discussion.', 'hold', 'station', 'effort', 'different', 'detail.', 'month', 'defense', 'ten', 'rule.', 'approach', 'adult', 'learn.', 'experts', 'discuss', 'ongoing', 'developments', 'education.']",REAL
F080,Celebrity Scandal Confirmed by Sources,"['character', 'join', 'require.', 'administration', 'mouth', 'subject.', 'former', 'agree', 'study.', '—', 'shocking', 'claims', 'celebrity', 'scandal', 'surface', 'internet.']",FAKE
F049,Hoax Confirmed by Sources,"['yet', 'attention', 'rich', 'wife', 'director.', 'expert', 'consumer', 'at.', 'box', 'responsibility', 'remain', 'produce', 'quite', 'way.', '—', 'shocking', 'claims', 'hoax', 'surface', 'internet.']",FAKE
F184,Secret Cure Confirmed by Sources,"['lawyer', 'either', 'establish', 'alone.', '—', 'shocking', 'claims', 'secret', 'cure', 'surface', 'internet.']",FAKE
F030,Secret Cure Confirmed by Sources,"['military', 'offer', 'baby', 'foreign', 'sister', 'teacher', 'best.', 'budget', 'little', 'four', 'your.', 'sea', 'economic', 'mr.', 'book', 'born', 'middle', 'mission.', '—', 'shocking', 'claims', 'secret', 'cure', 'surface', 'internet.']",FAKE
R213,New Report on Budget Report,"['power', 'bill', 'join', 'place', 'argue', 'network', 'statement.', 'near', 'produce', 'bill.', 'experts', 'discuss', 'ongoing', 'developments', 'budget', 'report.']",REAL
F128,Immortal Jellyfish Confirmed by Sources,"['see', 'author', 'old', 'mrs', 'prove', 'political', 'sea.', 'everybody', 'listen', 'power', 'wife', 'space.', '—', 'shocking', 'claims', 'immortal', 'jellyfish', 'surface', 'internet.']",FAKE
R231,New Report on Policy,"['case', 'even', 'check', 'senior', 'try', 'central', 'case', 'wonder.', 'experts', 'discuss', 'ongoing', 'developments', 'policy.']",REAL
R061,New Report on Technology Breakthrough,"['game', 'compare', 'speak', 'bill.', 'experts', 'discuss', 'ongoing', 'developments', 'technology', 'breakthrough.']",REAL
R137,New Report on Education,"['think', 'ever', 'foot', 'catch.', 'nearly', 'century', 'congress.', 'experts', 'discuss', 'ongoing', 'developments', 'education.']",REAL
R185,New Report on Technology Breakthrough,"['dream', 'explain', 'act.', 'expert', 'others', 'last', 'indicate', 'tv', 'serious.', 'experts', 'discuss', 'ongoing', 'developments', 'technology', 'breakthrough.']",REAL
R204,New Report on Technology Breakthrough,"['lot', 'upon', 'learn.', 'student', 'indeed', 'threat', 'student', 'kind', 'list.', 'experts', 'discuss', 'ongoing', 'developments', 'technology', 'breakthrough.']",REAL
F217,Immortal Jellyfish Confirmed by Sources,"['everything', 'long', 'drive', 'listen', 'meet', 'charge.', 'dog', 'adult', 'suffer.', 'body', 'whatever.', 'produce', 'sing', 'official.', '—', 'shocking', 'claims', 'immortal', 'jellyfish', 'surface', 'internet.']",FAKE
F176,Miracle Drug Confirmed by Sources,"['beautiful', 'yard', 'local', 'though.', 'large', 'wear', 'always', 'cost', 'pm.', 'increase', 'movie', 'try', 'civil', 'stay', 'cultural', 'among.', 'view', 'price', 'kid', 'media', 'modern.', '—', 'shocking', 'claims', 'miracle', 'drug', 'surface', 'internet.']",FAKE
R245,New Report on Technology Breakthrough,"['relationship', 'interview', 'message', 'experience', 'fund.', 'daughter', 'throw', 'yet', 'different.', 'experts', 'discuss', 'ongoing', 'developments', 'technology', 'breakthrough.']",REAL
R104,New Report on Election,"['collection', 'quality', 'bank.', 'indicate', 'third', 'customer', 'plan.', 'experts', 'discuss', 'ongoing', 'developments', 'election.']",REAL
F156,Flat Earth Confirmed by Sources,"['affect', 'follow', 'understand', 'force', 'skill', 'for.', 'tree', 'open', 'maintain', 'interview', 'case.', 'four', 'director', 'past', 'mission.', '—', 'shocking', 'claims', 'flat', 'earth', 'surface', 'internet.']",FAKE
R194,New Report on Election,"['power', 'reality', 'difficult', 'owner', 'eat', 'similar', 'stock', 'attorney.', 'next', 'theory', 'drop', 'record', 'degree', 'impact.', 'experts', 'discuss', 'ongoing', 'developments', 'election.']",REAL
R161,New Report on Technology Breakthrough,"['community', 'performance', 'expert', 'save.', 'experts', 'discuss', 'ongoing', 'developments', 'technology', 'breakthrough.']",REAL
F113,Immortal Jellyfish Confirmed by Sources,"['bit', 'reach', 'tree', 'figure', 'thousand.', 'industry', 'likely', 'material', 'knowledge', 'hundred', 'ahead.', '—', 'shocking', 'claims', 'immortal', 'jellyfish', 'surface', 'internet.']",FAKE
F150,Hoax Confirmed by Sources,"['physical', 'floor', 'debate', 'event', 'sound', 'argue.', 'music', 'social', 'oil', 'station', 'wall.', '—', 'shocking', 'claims', 'hoax', 'surface', 'internet.']",FAKE
F047,Miracle Drug Confirmed by Sources,"['forward', 'choice', 'lose', 'many', 'follow', 'interesting.', 'college', 'side', 'dinner', 'shake', 'plan', 'nation.', 'material', 'decade', 'soon', 'peace', 'case', 'dark', 'population.', '—', 'shocking', 'claims', 'miracle', 'drug', 'surface', 'internet.']",FAKE
F008,Hoax Confirmed by Sources,"['feeling', 'talk', 'may', 'event', 'fund.', 'night', 'series', 'suffer', 'opportunity', 'evidence.', 'newspaper', 'cell', 'professor', 'news.', '—', 'shocking', 'claims', 'hoax', 'surface', 'internet.']",FAKE
F229,Aliens Confirmed by Sources,"['land', 'tax', 'style', 'hair', 'war.', 'charge', 'represent', 'ok', 'able', 'language', 'south.', 'couple', 'interview.', '—', 'shocking', 'claims', 'aliens', 'surface', 'internet.']",FAKE
R001,New Report on Research,"['company', 'read.', 'experts', 'discuss', 'ongoing', 'developments', 'research.']",REAL
R241,New Report on Public Health,"['determine', 'since', 'material', 'assume', 'important', 'better.', 'task', 'mean', 'generation', 'upon', 'summer', 'bar.', 'experts', 'discuss', 'ongoing', 'developments', 'public', 'health.']",REAL
R198,New Report on Climate Change,"['government', 'range', 'onto', 'worry', 'station', 'indeed', 'five.', 'ready', 'create', 'evidence', 'couple.', 'art', 'successful', 'service.', 'experts', 'discuss', 'ongoing', 'developments', 'climate', 'change.']",REAL
R229,New Report on Research,"['establish', 'reach', 'finally', 'white', 'care', 'father', 'thus', 'result.', 'process', 'focus', 'table', 'organization', 'hope.', 'three', 'shoulder', 'rock', 'trouble', 'the.', 'experts', 'discuss', 'ongoing', 'developments', 'research.']",REAL
R205,New Report on Public Health,"['picture', 'year', 'table.', 'yes', 'cover', 'ask', 'help.', 'weight', 'wide', 'night', 'responsibility', 'read', 'meeting', 'task.', 'experts', 'discuss', 'ongoing', 'developments', 'public', 'health.']",REAL
F123,Celebrity Scandal Confirmed by Sources,"['early', 'worker', 'thing', 'wife', 'politics', 'very.', 'happy', 'charge', 'trial', 'include.', '—', 'shocking', 'claims', 'celebrity', 'scandal', 'surface', 'internet.']",FAKE
F043,Celebrity Scandal Confirmed by Sources,"['despite', 'end', 'section', 'ago.', 'cover', 'speech', 'vote', 'book', 'address.', 'computer', 'mission', 'marriage', 'great.', '—', 'shocking', 'claims', 'celebrity', 'scandal', 'surface', 'internet.']",FAKE
F097,Celebrity Scandal Confirmed by Sources,"['city', 'hair', 'individual', 'hear', 'young.', 'including', 'chair', 'child', 'thus.', 'fund', 'design', 'inside', 'law', 'remember', 'media.', '—', 'shocking', 'claims', 'celebrity', 'scandal', 'surface', 'internet.']",FAKE
R014,New Report on Research,"['bill', 'lead', 'meeting', 'mean', 'around', 'door.', 'tax', 'defense', 'condition', 'responsibility', 'pay', 'everyone', 'candidate.', 'experts', 'discuss', 'ongoing', 'developments', 'research.']",REAL
F005,Flat Earth Confirmed by Sources,"['behavior', 'history', 'toward', 'condition', 'sense.', '—', 'shocking', 'claims', 'flat', 'earth', 'surface', 'internet.']",FAKE
R234,New Report on Research,"['test', 'crime', 'usually', 'talk.', 'different', 'change', 'push', 'door', 'tell.', 'experts', 'discuss', 'ongoing', 'developments', 'research.']",REAL
F143,Aliens Confirmed by Sources,"['cup', 'rate.', 'eight', 'policy', 'foreign', 'beyond', 'explain', 'plan.', 'cultural', 'office', 'consider.', 'step', 'raise', 'risk', 'call', 'plan.', '—', 'shocking', 'claims', 'aliens', 'surface', 'internet.']",FAKE
R073,New Report on Economic Growth,"['recognize', 'several', 'author', 'buy', 'city', 'democrat.', 'beautiful', 'product', 'idea', 'prepare', 'performance', 'court.', 'resource', 'realize', 'law', 'follow', 'manage', 'issue', 'owner.', 'experts', 'discuss', 'ongoing', 'developments', 'economic', 'growth.']",REAL
R239,New Report on Education,"['activity', 'know', 'upon', 'fish', 'spend', 'guess.', 'least', 'wall', 'rich', 'certain', 'agree.', 'positive', 'one', 'thank', 'everything', 'minute.', 'experts', 'discuss', 'ongoing', 'developments', 'education.']",REAL
F181,Aliens Confirmed by Sources,"['democrat', 'decision', 'article', 'maintain', 'low', 'security', 'national.', 'economy', 'add', 'protect', 'industry', 'site.', '—', 'shocking', 'claims', 'aliens', 'surface', 'internet.']",FAKE
R138,New Report on Election,"['blue', 'else', 'throughout.', 'tell', 'instead', 'listen', 'bill.', 'line', 'trade', 'watch', 'security.', 'consider', 'manage', 'wait', 'high', 'across', 'accept.', 'experts', 'discuss', 'ongoing', 'developments', 'election.']",REAL
R172,New Report on Economic Growth,"['fine', 'million', 'tv', 'political.', 'ask', 'amount', 'almost', 'choice', 'admit', 'seem', 'deal.', 'experts', 'discuss', 'ongoing', 'developments', 'economic', 'growth.']",REAL
R143,New Report on Policy,"['bed', 'else', 'edge', 'agency', 'require', 'government.', 'relationship', 'enter', 'board', 'particularly', 'investment.', 'experts', 'discuss', 'ongoing', 'developments', 'policy.']",REAL
F166,Mind Control Confirmed by Sources,"['describe', 'market', 'world.', '—', 'shocking', 'claims', 'mind', 'control', 'surface', 'internet.']",FAKE
R003,New Report on Budget Report,"['defense', 'walk', 'certain', 'interview.', 'last', 'range', 'day', 'knowledge.', 'later', 'door', 'morning.', 'worker', 'act', 'avoid', 'television.', 'experts', 'discuss', 'ongoing', 'developments', 'budget', 'report.']",REAL
R167,New Report on Climate Change,"['begin', 'push', 'among.', 'material', 'material', 'issue', 'adult', 'lawyer', 'fund', 'nice', 'onto.', 'arm', 'recognize', 'increase', 'just.', 'experts', 'discuss', 'ongoing', 'developments', 'climate', 'change.']",REAL
R183,New Report on Climate Change,"['five', 'month', 'half', 'performance.', 'experts', 'discuss', 'ongoing', 'developments', 'climate', 'change.']",REAL
R238,New Report on Technology Breakthrough,"['specific', 'reality', 'say', 'culture.', 'identify', 'hear', 'difference', 'state.', 'present', 'better', 'all.', 'experts', 'discuss', 'ongoing', 'developments', 'technology', 'breakthrough.']",REAL
R041,New Report on Election,"['east', 'partner', 'western', 'perform', 'resource', 'help', 'stand.', 'speech', 'determine', 'across', 'various', 'physical.', 'community', 'peace', 'woman', 'material.', 'media', 'research', 'thing', 'represent.', 'experts', 'discuss', 'ongoing', 'developments', 'election.']",REAL
F237,Government Cover-Up Confirmed by Sources,"['central', 'third', 'task', 'million', 'simple.', 'strategy', 'free', 'pretty', 'world', 'operation.', 'hand', 'cultural', 'reveal', 'wrong', 'present', 'some.', 'research', 'notice', 'imagine', 'somebody', 'peace', 'look.', '—', 'shocking', 'claims', 'government', 'cover-up', 'surface', 'internet.']",FAKE
R086,New Report on Research,"['degree', 'member', 'us', 'scene', 'mind', 'stop.', 'save', 'clearly', 'address', 'soon', 'water', 'product.', 'happen', 'school', 'environment', 'start', 'reason', 'hope.', 'experts', 'discuss', 'ongoing', 'developments', 'research.']",REAL
R240,New Report on Policy,"['best', 'property', 'civil.', 'source', 'development', 'thing', 'future', 'special', 'current', 'share.', 'much', 'face', 'low', 'energy', 'feel', 'down.', 'experts', 'discuss', 'ongoing', 'developments', 'policy.']",REAL
R133,New Report on Public Health,"['nation', 'environmental', 'blue.', 'society', 'point', 'anything', 'describe.', 'rock', 'discover', 'possible.', 'experts', 'discuss', 'ongoing', 'developments', 'public', 'health.']",REAL
F044,Hoax Confirmed by Sources,"['tree', 'brother', 'cost', 'ask', 'exactly.', 'ok', 'explain', 'throw', 'positive', 'sell', 'space', 'director.', 'attack', 'business', 'red', 'quality', 'wall', 'school.', '—', 'shocking', 'claims', 'hoax', 'surface', 'internet.']",FAKE
F125,Government Cover-Up Confirmed by Sources,"['probably', 'card', 'hotel', 'crime', 'reach', 'true', 'push.', 'parent', 'single', 'power', 'win', 'accept', 'store.', '—', 'shocking', 'claims', 'government', 'cover-up', 'surface', 'internet.']",FAKE
F165,Secret Cure Confirmed by Sources,"['rich', 'set', 'computer.', 'level', 'simple', 'figure', 'heart', 'business.', '—', 'shocking', 'claims', 'secret', 'cure', 'surface', 'internet.']",FAKE
F137,Flat Earth Confirmed by Sources,"['budget', 'see', 'mean', 'spring', 'cell', 'low.', 'economic', 'discuss', 'air', 'level.', '—', 'shocking', 'claims', 'flat', 'earth', 'surface', 'internet.']",FAKE
R088,New Report on Research,"['maybe', 'machine', 'skin', 'consumer', 'person', 'decision.', 'property', 'wear', 'statement', 'establish', 'year.', 'experts', 'discuss', 'ongoing', 'developments', 'research.']",REAL
R169,New Report on Technology Breakthrough,"['brother', 'civil', 'parent', 'play', 'color', 'great', 'give.', 'organization', 'contain', 'light', 'occur', 'laugh.', 'experts', 'discuss', 'ongoing', 'developments', 'technology', 'breakthrough.']",REAL
R193,New Report on Technology Breakthrough,"['place', 'safe', 'unit', 'product.', 'yard', 'reduce', 'foreign', 'writer', 'wall.', 'experts', 'discuss', 'ongoing', 'developments', 'technology', 'breakthrough.']",REAL
F247,Mind Control Confirmed by Sources,"['current', 'home', 'understand', 'stop', 'inside.', '—', 'shocking', 'claims', 'mind', 'control', 'surface', 'internet.']",FAKE
R179,New Report on Technology Breakthrough,"['local', 'song', 'resource', 'decade', 'big', 'represent', 'after.', 'manage', 'see', 'ask', 'brother', 'data', 'trade.', 'experts', 'discuss', 'ongoing', 'developments', 'technology', 'breakthrough.']",REAL
F138,Immortal Jellyfish Confirmed by Sources,"['future', 'baby', 'better', 'seven', 'difficult', 'trial.', 'special', 'brother', 'believe.', 'reality', 'material', 'thought', 'person', 'activity', 'kind.', '—', 'shocking', 'claims', 'immortal', 'jellyfish', 'surface', 'internet.']",FAKE
R017,New Report on Policy,"['represent', 'professor', 'including', 'center', 'scene.', 'per', 'least', 'all.', 'food', 'seem', 'five', 'figure', 'special', 'low', 'current.', 'result', 'two', 'little', 'line', 'always', 'include', 'sound.', 'experts', 'discuss', 'ongoing', 'developments', 'policy.']",REAL
F090,Mind Control Confirmed by Sources,"['history', 'woman', 'rule', 'western.', 'star', 'simply', 'capital.', '—', 'shocking', 'claims', 'mind', 'control', 'surface', 'internet.']",FAKE
F222,Mind Control Confirmed by Sources,"['sign', 'activity', 'although', 'middle', 'interesting', 'sing.', 'wear', 'former', 'since', 'choice', 'possible', 'across.', '—', 'shocking', 'claims', 'mind', 'control', 'surface', 'internet.']",FAKE
R114,New Report on Climate Change,"['hour', 'always', 'item', 'glass', 'always', 'although', 'itself.', 'newspaper', 'good', 'degree', 'strategy.', 'sometimes', 'dinner', 'mind.', 'experts', 'discuss', 'ongoing', 'developments', 'climate', 'change.']",REAL
F235,Celebrity Scandal Confirmed by Sources,"['president', 'window', 'alone', 'turn.', 'director', 'rule', 'community', 'defense', 'senior', 'better', 'officer.', 'tend', 'quite', 'like', 'beyond', 'food.', '—', 'shocking', 'claims', 'celebrity', 'scandal', 'surface', 'internet.']",FAKE
F185,Hoax Confirmed by Sources,"['campaign', 'term', 'crime', 'full.', 'development', 'town.', 'process', 'animal', 'matter.', '—', 'shocking', 'claims', 'hoax', 'surface', 'internet.']",FAKE
F221,Flat Earth Confirmed by Sources,"['tonight', 'describe', 'recently', 'road', 'trial.', 'hear', 'eight', 'series', 'describe', 'agent.', 'officer', 'final', 'career', 'think', 'apply', 'require.', '—', 'shocking', 'claims', 'flat', 'earth', 'surface', 'internet.']",FAKE
F054,Secret Cure Confirmed by Sources,"['lay', 'understand', 'others', 'prepare', 'whole', 'top.', '—', 'shocking', 'claims', 'secret', 'cure', 'surface', 'internet.']",FAKE
R000,New Report on Public Health,"['offer', 'shoulder', 'analysis', 'professional', 'stand', 'successful.', 'style', 'father', 'future', 'door', 'region.', 'experts', 'discuss', 'ongoing', 'developments', 'public', 'health.']",REAL
R178,New Report on Budget Report,"['see', 'body', 'sport', 'painting.', 'station', 'president', 'north', 'husband.', 'establish', 'check', 'new', 'past', 'wish', 'assume.', 'experts', 'discuss', 'ongoing', 'developments', 'budget', 'report.']",REAL
F006,Hoax Confirmed by Sources,"['among', 'wonder', 'area', 'mrs', 'also.', 'claim', 'identify', 'six', 'policy', 'market.', 'address', 'citizen', 'pass', 'house', 'key', 'answer.', '—', 'shocking', 'claims', 'hoax', 'surface', 'internet.']",FAKE
F174,Secret Cure Confirmed by Sources,"['course', 'everyone', 'company', 'then.', 'tree', 'arrive', 'he.', 'represent', 'travel', 'improve', 'power.', '—', 'shocking', 'claims', 'secret', 'cure', 'surface', 'internet.']",FAKE
R009,New Report on Election,"['lose', 'rise', 'push', 'throughout', 'resource', 'try.', 'experts', 'discuss', 'ongoing', 'developments', 'election.']",REAL
R122,New Report on Economic Growth,"['staff', 'weight', 'subject.', 'establish', 'democratic', 'business', 'teacher', 'dark', 'strong.', 'across', 'mr', 'life', 'entire.', 'experts', 'discuss', 'ongoing', 'developments', 'economic', 'growth.']",REAL
F189,Immortal Jellyfish Confirmed by Sources,"['detail', 'fear', 'senior', 'identify', 'prevent', 'public', 'day.', 'believe', 'vote', 'rate', 'prevent.', 'share', 'really', 'mother', 'individual', 'democratic', 'share', 'left.', '—', 'shocking', 'claims', 'immortal', 'jellyfish', 'surface', 'internet.']",FAKE
R146,New Report on Technology Breakthrough,"['simply', 'agreement', 'relationship', 'list', 'machine', 'first.', 'resource', 'former', 'list', 'material.', 'article', 'someone.', 'experts', 'discuss', 'ongoing', 'developments', 'technology', 'breakthrough.']",REAL
R022,New Report on Climate Change,"['magazine', 'day', 'live.', 'important', 'every', 'almost', 'animal', 'whom.', 'magazine', 'child', 'nice', 'improve', 'help', 'wrong', 'total', 'find.', 'effort', 'take.', 'experts', 'discuss', 'ongoing', 'developments', 'climate', 'change.']",REAL
F177,Aliens Confirmed by Sources,"['eat', 'young', 'experience', 'seek.', 'politics', 'example', 'child', 'art', 'address', 'never', 'range.', 'onto', 'base', 'provide', 'final', 'do.', '—', 'shocking', 'claims', 'aliens', 'surface', 'internet.']",FAKE
F021,Secret Cure Confirmed by Sources,"['none', 'test', 'either.', 'true', 'case', 'police', 'service.', '—', 'shocking', 'claims', 'secret', 'cure', 'surface', 'internet.']",FAKE
R039,New Report on Economic Growth,"['sea', 'memory', 'southern', 'night', 'hot', 'eat.', 'statement', 'bad', 'daughter.', 'experts', 'discuss', 'ongoing', 'developments', 'economic', 'growth.']",REAL
F061,Miracle Drug Confirmed by Sources,"['note', 'nothing', 'certain.', 'history', 'behavior', 'military.', '—', 'shocking', 'claims', 'miracle', 'drug', 'surface', 'internet.']",FAKE
R057,New Report on Technology Breakthrough,"['defense', 'figure', 'couple', 'concern', 'note.', 'professor', 'check', 'company', 'us', 'authority', 'create', 'situation', 'local.', 'experts', 'discuss', 'ongoing', 'developments', 'technology', 'breakthrough.']",REAL
F154,Immortal Jellyfish Confirmed by Sources,"['mr', 'home', 'room', 'suggest', 'enough.', 'argue', 'political', 'space', 'court.', '—', 'shocking', 'claims', 'immortal', 'jellyfish', 'surface', 'internet.']",FAKE
F052,Mind Control Confirmed by Sources,"['baby', 'wear', 'model', 'policy', 'short', 'page.', '—', 'shocking', 'claims', 'mind', 'control', 'surface', 'internet.']",FAKE
F124,Flat Earth Confirmed by Sources,"['gun', 'congress', 'lose', 'week', 'though', 'lead.', 'career', 'service', 'ready', 'father', 'fine.', 'develop', 'drop', 'yard', 'police', 'nearly.', '—', 'shocking', 'claims', 'flat', 'earth', 'surface', 'internet.']",FAKE
R071,New Report on Budget Report,"['radio', 'painting', 'something', 'effect.', 'sing', 'moment', 'sometimes', 'participant', 'pay', 'attention.', 'experts', 'discuss', 'ongoing', 'developments', 'budget', 'report.']",REAL
R152,New Report on Budget Report,"['word', 'case', 'speech', 'four', 'experience', 'commercial.', 'experts', 'discuss', 'ongoing', 'developments', 'budget', 'report.']",REAL
F038,Mind Control Confirmed by Sources,"['show', 'source', 'experience', 'economic', 'expert.', 'beautiful', 'apply', 'later', 'the.', '—', 'shocking', 'claims', 'mind', 'control', 'surface', 'internet.']",FAKE
F101,Immortal Jellyfish Confirmed by Sources,"['red', 'state', 'home', 'prepare', 'believe.', 'design', 'raise', 'girl', 'culture', 'rest.', '—', 'shocking', 'claims', 'immortal', 'jellyfish', 'surface', 'internet.']",FAKE
F203,Celebrity Scandal Confirmed by Sources,"['technology', 'fund', 'beautiful.', '—', 'shocking', 'claims', 'celebrity', 'scandal', 'surface', 'internet.']",FAKE
F192,Government Cover-Up Confirmed by Sources,"['recognize', 'reduce', 'head', 'especially', 'mention', 'evening', 'value.', 'music', 'various', 'ago', 'six', 'yes', 'shake.', '—', 'shocking', 'claims', 'government', 'cover-up', 'surface', 'internet.']",FAKE
R189,New Report on Climate Change,"['shoulder', 'beautiful.', 'produce', 'sit', 'skin', 'network', 'feel.', 'generation', 'party', 'officer', 'day', 'arrive', 'customer.', 'experts', 'discuss', 'ongoing', 'developments', 'climate', 'change.']",REAL
R098,New Report on Election,"['time', 'size', 'improve', 'government.', 'experts', 'discuss', 'ongoing', 'developments', 'election.']",REAL
R149,New Report on Economic Growth,"['prove', 'player', 'something', 'store.', 'page', 'husband', 'law', 'look', 'parent.', 'pay', 'wind', 'inside', 'official', 'least', 'here.', 'experts', 'discuss', 'ongoing', 'developments', 'economic', 'growth.']",REAL
R046,New Report on Education,"['economy', 'record', 'record', 'design', 'similar', 'goal', 'rule.', 'last', 'reduce', 'relate', 'include.', 'worry', 'religious', 'girl', 'without', 'article.', 'experts', 'discuss', 'ongoing', 'developments', 'education.']",REAL
F055,Hoax Confirmed by Sources,"['interview', 'table', 'soldier', 'military', 'debate.', 'industry', 'central', 'region', 'agreement', 'full', 'whole', 'everyone.', '—', 'shocking', 'claims', 'hoax', 'surface', 'internet.']",FAKE
F159,Flat Earth Confirmed by Sources,"['pay', 'policy', 'develop', 'appear', 'begin', 'tv', 'bring.', 'garden', 'bill', 'charge', 'quality', 'manager.', '—', 'shocking', 'claims', 'flat', 'earth', 'surface', 'internet.']",FAKE
F083,Secret Cure Confirmed by Sources,"['car', 'middle', 'situation', 'market', 'hotel', 'allow.', 'design', 'land', 'military', 'pressure.', 'push', 'past', 'war', 'recognize.', '—', 'shocking', 'claims', 'secret', 'cure', 'surface', 'internet.']",FAKE
R109,New Report on Education,"['worker', 'general', 'make', 'every', 'hard', 'agree', 'instead.', 'girl', 'knowledge', 'forward', 'customer.', 'bit', 'quite.', 'experts', 'discuss', 'ongoing', 'developments', 'education.']",REAL
R102,New Report on Climate Change,"['ten', 'miss', 'degree', 'police', 'again.', 'human', 'pick', 'decide', 'public', 'trip.', 'probably', 'guy', 'computer', 'daughter', 'agree.', 'experts', 'discuss', 'ongoing', 'developments', 'climate', 'change.']",REAL
R060,New Report on Election,"['wait', 'reduce', 'glass', 'huge.', 'fact', 'level', 'fly', 'republican.', 'experts', 'discuss', 'ongoing', 'developments', 'election.']",REAL
F085,Secret Cure Confirmed by Sources,"['conference', 'hot', 'environmental', 'discussion.', 'power', 'ready', 'wish', 'light', 'somebody', 'spend.', 'budget', 'leg', 'beyond', 'present', 'window.', '—', 'shocking', 'claims', 'secret', 'cure', 'surface', 'internet.']",FAKE
F188,Hoax Confirmed by Sources,"['simply', 'whether', 'easy', 'economic', 'several', 'maintain.', 'wife', 'production', 'south', 'painting.', 'report', 'number', 'research', 'sea', 'religious.', '—', 'shocking', 'claims', 'hoax', 'surface', 'internet.']",FAKE
F131,Hoax Confirmed by Sources,"['plant', 'everybody', 'hope.', 'understand', 'stop', 'person', 'voice', 'assume.', '—', 'shocking', 'claims', 'hoax', 'surface', 'internet.']",FAKE
R202,New Report on Public Health,"['young', 'discover', 'guy', 'set.', 'six', 'property', 'friend', 'rate', 'management', 'especially', 'feel.', 'experts', 'discuss', 'ongoing', 'developments', 'public', 'health.']",REAL
F111,Celebrity Scandal Confirmed by Sources,"['treat', 'series', 'house.', 'left', 'people', 'within', 'order', 'gun', 'daughter', 'southern', 'movie.', 'line', 'people', 'source.', '—', 'shocking', 'claims', 'celebrity', 'scandal', 'surface', 'internet.']",FAKE
R151,New Report on Policy,"['item', 'marriage', 'north', 'suddenly', 'behavior.', 'type', 'baby', 'field', 'like', 'film.', 'way', 'certain', 'peace', 'action.', 'experts', 'discuss', 'ongoing', 'developments', 'policy.']",REAL
F058,Government Cover-Up Confirmed by Sources,"['radio', 'word', 'major', 'pressure', 'president', 'democratic.', 'success', 'act', 'employee', 'project.', 'start', 'notice', 'relate', 'director.', '—', 'shocking', 'claims', 'government', 'cover-up', 'surface', 'internet.']",FAKE
R164,New Report on Education,"['end', 'common', 'surface', 'sea', 'lot', 'goal.', 'next', 'material', 'fact', 'have.', 'experts', 'discuss', 'ongoing', 'developments', 'education.']",REAL
F242,Celebrity Scandal Confirmed by Sources,"['method', 'reflect', 'east.', 'friend', 'charge', 'ball', 'early', 'school', 'development.', 'certainly', 'thousand', 'lot', 'drug', 'lose', 'cup', 'through.', '—', 'shocking', 'claims', 'celebrity', 'scandal', 'surface', 'internet.']",FAKE
F064,Mind Control Confirmed by Sources,"['top', 'size', 'person', 'already.', 'may', 'american', 'sometimes', 'who.', 'agency', 'vote', 'various', 'write.', '—', 'shocking', 'claims', 'mind', 'control', 'surface', 'internet.']",FAKE
R228,New Report on Education,"['mrs', 'science', 'positive.', 'change', 'sit', 'ok', 'become', 'team.', 'increase', 'foreign', 'report', 'boy', 'oil', 'green.', 'experts', 'discuss', 'ongoing', 'developments', 'education.']",REAL
R210,New Report on Economic Growth,"['next', 'serve', 'us', 'trip', 'candidate', 'color.', 'history', 'exist', 'past', 'thousand', 'fill.', 'voice', 'challenge', 'world', 'force.', 'experts', 'discuss', 'ongoing', 'developments', 'economic', 'growth.']",REAL
R156,New Report on Policy,"['wish', 'produce', 'source', 'modern', 'recently.', 'check', 'different', 'bring', 'home.', 'experts', 'discuss', 'ongoing', 'developments', 'policy.']",REAL
R192,New Report on Climate Change,"['year', 'south', 'process', 'bed', 'cold', 'college', 'finish.', 'authority', 'pm', 'among', 'daughter', 'quite', 'act', 'every.', 'experts', 'discuss', 'ongoing', 'developments', 'climate', 'change.']",REAL
F102,Government Cover-Up Confirmed by Sources,"['research', 'lay', 'probably', 'time', 'research', 'section.', 'turn', 'recently', 'world', 'school', 'general.', 'rich', 'red', 'eight', 'bring.', '—', 'shocking', 'claims', 'government', 'cover-up', 'surface', 'internet.']",FAKE
R237,New Report on Election,"['present', 'color', 'raise', 'call', 'trial.', 'phone', 'raise', 'single', 'affect.', 'mrs', 'another', 'experience', 'fund', 'community', 'kid.', 'experts', 'discuss', 'ongoing', 'developments', 'election.']",REAL
F015,Immortal Jellyfish Confirmed by Sources,"['leg', 'church', 'expert.', 'pull', 'care', 'yes', 'enjoy.', '—', 'shocking', 'claims', 'immortal', 'jellyfish', 'surface', 'internet.']",FAKE
F020,Celebrity Scandal Confirmed by Sources,"['pass', 'dog', 'capital', 'soon', 'finally', 'prepare.', 'range', 'fill', 'still', 'drug', 'community', 'hard.', 'modern', 'personal', 'often', 'learn', 'edge', 'information', 'role.', '—', 'shocking', 'claims', 'celebrity', 'scandal', 'surface', 'internet.']",FAKE
R083,New Report on Election,"['movement', 'man', 'doctor.', 'father', 'particularly', 'ready', 'prove.', 'experts', 'discuss', 'ongoing', 'developments', 'election.']",REAL
F035,Hoax Confirmed by Sources,"['friend', 'usually', 'ahead', 'government', 'describe', 'speak.', 'street', 'respond', 'available', 'since', 'collection', 'we.', 'health', 'blue', 'pattern', 'might', 'green', 'building', 'national.', '—', 'shocking', 'claims', 'hoax', 'surface', 'internet.']",FAKE
R082,New Report on Budget Report,"['west', 'official', 'leave', 'eat', 'rock', 'successful', 'lawyer.', 'common', 'show', 'wide', 'figure', 'ahead', 'look', 'partner.', 'experts', 'discuss', 'ongoing', 'developments', 'budget', 'report.']",REAL
F114,Mind Control Confirmed by Sources,"['see', 'line', 'real', 'actually.', 'contain', 'capital', 'state', 'organization.', 'power', 'unit', 'since.', '—', 'shocking', 'claims', 'mind', 'control', 'surface', 'internet.']",FAKE
F179,Secret Cure Confirmed by Sources,"['night', 'thousand', 'song', 'develop', 'somebody.', 'onto', 'community', 'choose', 'say', 'money', 'wear', 'best.', '—', 'shocking', 'claims', 'secret', 'cure', 'surface', 'internet.']",FAKE
F026,Celebrity Scandal Confirmed by Sources,"['view', 'name', 'draw', 'experience', 'hotel', 'cause.', 'buy', 'behavior', 'military', 'still.', '—', 'shocking', 'claims', 'celebrity', 'scandal', 'surface', 'internet.']",FAKE
R217,New Report on Election,"['analysis', 'option', 'yes', 'dog.', 'send', 'number', 'ok', 'senior.', 'either', 'personal', 'lawyer.', 'movie', 'probably', 'wide', 'offer', 'phone', 'avoid.', 'experts', 'discuss', 'ongoing', 'developments', 'election.']",REAL
F009,Celebrity Scandal Confirmed by Sources,"['respond', 'imagine', 'course', 'cell', 'admit', 'near', 'fight.', '—', 'shocking', 'claims', 'celebrity', 'scandal', 'surface', 'internet.']",FAKE
F240,Aliens Confirmed by Sources,"['yet', 'moment', 'try', 'necessary', 'collection.', 'impact', 'campaign', 'back', 'four', 'simply', 'daughter.', 'appear', 'situation', 'heavy', 'seat.', '—', 'shocking', 'claims', 'aliens', 'surface', 'internet.']",FAKE
R216,New Report on Research,"['step', 'both.', 'listen', 'item', 'service', 'white.', 'experts', 'discuss', 'ongoing', 'developments', 'research.']",REAL
F129,Flat Earth Confirmed by Sources,"['long', 'smile', 'director', 'tax', 'so.', 'real', 'seem', 'believe', 'learn.', 'thank', 'audience', 'blue', 'tv', 'management', 'cause.', '—', 'shocking', 'claims', 'flat', 'earth', 'surface', 'internet.']",FAKE
R197,New Report on Education,"['painting', 'perhaps', 'lay', 'wrong', 'door', 'check.', 'story', 'nation', 'past', 'best.', 'discuss', 'happy', 'fast', 'address.', 'experts', 'discuss', 'ongoing', 'developments', 'education.']",REAL
F142,Government Cover-Up Confirmed by Sources,"['political', 'college', 'five', 'finish', 'allow.', 'crime', 'understand', 'majority', 'example.', '—', 'shocking', 'claims', 'government', 'cover-up', 'surface', 'internet.']",FAKE
R140,New Report on Climate Change,"['nature', 'health', 'together', 'stop', 'item', 'discuss.', 'adult', 'reality', 'teacher', 'join', 'sure', 'view', 'fill.', 'owner', 'raise', 'measure', 'teach', 'six', 'process', 'time.', 'strong', 'eat', 'despite', 'whole', 'eat', 'camera.', 'experts', 'discuss', 'ongoing', 'developments', 'climate', 'change.']",REAL
R165,New Report on Budget Report,"['throughout', 'career', 'staff', 'road', 'establish', 'price.', 'available', 'tv', 'future.', 'experts', 'discuss', 'ongoing', 'developments', 'budget', 'report.']",REAL
R139,New Report on Education,"['mind', 'ten', 'national', 'change', 'successful', 'particularly.', 'beautiful', 'resource', 'pressure', 'suggest', 'heart.', 'stage', 'husband', 'international', 'consumer', 'fight', 'away', 'point.', 'knowledge', 'small', 'visit', 'president', 'enjoy.', 'experts', 'discuss', 'ongoing', 'developments', 'education.']",REAL
F232,Hoax Confirmed by Sources,"['hear', 'pressure', 'finish.', '—', 'shocking', 'claims', 'hoax', 'surface', 'internet.']",FAKE
F108,Celebrity Scandal Confirmed by Sources,"['teacher', 'since', 'learn', 'center', 'number', 'girl.', 'perhaps', 'health', 'hard', 'degree', 'ask.', 'song', 'matter', 'together', 'street', 'center', 'society.', '—', 'shocking', 'claims', 'celebrity', 'scandal', 'surface', 'internet.']",FAKE
F167,Celebrity Scandal Confirmed by Sources,"['someone', 'morning', 'support', 'congress.', 'good', 'dream', 'live', 'company', 'hair.', 'language', 'world', 'us', 'capital.', '—', 'shocking', 'claims', 'celebrity', 'scandal', 'surface', 'internet.']",FAKE
R242,New Report on Research,"['behavior', 'father', 'together', 'door', 'bank', 'management.', 'truth', 'explain', 'evening', 'technology.', 'experts', 'discuss', 'ongoing', 'developments', 'research.']",REAL
F133,Immortal Jellyfish Confirmed by Sources,"['cell', 'election', 'music', 'spring', 'rock', 'art', 'watch.', 'dark', 'yeah', 'machine', 'ground', 'push', 'across.', 'hot', 'save', 'window', 'whether', 'many', 'company.', '—', 'shocking', 'claims', 'immortal', 'jellyfish', 'surface', 'internet.']",FAKE
F025,Flat Earth Confirmed by Sources,"['player', 'game', 'discussion', 'exactly', 'door', 'beautiful.', 'interest', 'teach', 'hope', 'reach', 'real', 'center', 'help.', 'mean', 'third', 'guess', 'sit', 'pull', 'allow.', '—', 'shocking', 'claims', 'flat', 'earth', 'surface', 'internet.']",FAKE
F093,Immortal Jellyfish Confirmed by Sources,"['peace', 'event', 'production', 'head.', 'result', 'medical', 'culture', 'alone.', 'collection', 'read', 'pull', 'understand.', '—', 'shocking', 'claims', 'immortal', 'jellyfish', 'surface', 'internet.']",FAKE
F236,Government Cover-Up Confirmed by Sources,"['option', 'mouth', 'way.', 'fast', 'buy', 'movie', 'your.', '—', 'shocking', 'claims', 'government', 'cover-up', 'surface', 'internet.']",FAKE
F069,Flat Earth Confirmed by Sources,"['despite', 'structure', 'sell', 'firm', 'mean', 'work.', '—', 'shocking', 'claims', 'flat', 'earth', 'surface', 'internet.']",FAKE
F219,Flat Earth Confirmed by Sources,"['half', 'east', 'fear.', 'feeling', 'oil', 'capital', 'huge', 'experience.', 'claim', 'board', 'upon', 'base', 'gas', 'agreement.', '—', 'shocking', 'claims', 'flat', 'earth', 'surface', 'internet.']",FAKE
R079,New Report on Election,"['heavy', 'anything', 'reveal.', 'experts', 'discuss', 'ongoing', 'developments', 'election.']",REAL
F042,Hoax Confirmed by Sources,"['evidence', 'control', 'bad', 'set', 'among', 'few.', '—', 'shocking', 'claims', 'hoax', 'surface', 'internet.']",FAKE
R154,New Report on Budget Report,"['develop', 'time', 'world', 'do.', 'along', 'customer', 'player', 'state', 'amount', 'deep', 'just.', 'production', 'speech', 'military', 'me.', 'experts', 'discuss', 'ongoing', 'developments', 'budget', 'report.']",REAL
R089,New Report on Public Health,"['though', 'sign', 'hear', 'worker.', 'often', 'like', 'read', 'make', 'edge', 'adult.', 'experts', 'discuss', 'ongoing', 'developments', 'public', 'health.']",REAL
R038,New Report on Public Health,"['trouble', 'miss', 'police', 'truth', 'back.', 'close', 'think', 'account', 'perhaps.', 'reality', 'authority', 'focus', 'hope', 'foreign.', 'experts', 'discuss', 'ongoing', 'developments', 'public', 'health.']",REAL
R053,New Report on Economic Growth,"['manage', 'city', 'especially', 'board', 'concern.', 'audience', 'always', 'campaign.', 'experts', 'discuss', 'ongoing', 'developments', 'economic', 'growth.']",REAL
F201,Hoax Confirmed by Sources,"['follow', 'far', 'start', 'road.', 'speak', 'reach', 'my.', '—', 'shocking', 'claims', 'hoax', 'surface', 'internet.']",FAKE
F013,Secret Cure Confirmed by Sources,"['probably', 'consider', 'dream', 'heart', 'member.', 'interesting', 'cause', 'production', 'source', 'stuff.', 'public', 'community', 'house', 'week', 'through.', '—', 'shocking', 'claims', 'secret', 'cure', 'surface', 'internet.']",FAKE
R023,New Report on Policy,"['event', 'cultural', 'green.', 'true', 'rule', 'mother', 'field', 'family', 'respond', 'with.', 'ago', 'ever', 'help', 'seem.', 'experts', 'discuss', 'ongoing', 'developments', 'policy.']",REAL
R068,New Report on Technology Breakthrough,"['threat', 'suddenly', 'particularly', 'modern', 'want', 'possible.', 'already', 'positive', 'seek', 'example.', 'level', 'list', 'during.', 'family', 'oil', 'old', 'southern', 'article.', 'experts', 'discuss', 'ongoing', 'developments', 'technology', 'breakthrough.']",REAL
F065,Hoax Confirmed by Sources,"['better', 'perhaps', 'understand', 'do.', 'eat', 'hear', 'region', 'risk', 'exactly', 'need', 'idea.', '—', 'shocking', 'claims', 'hoax', 'surface', 'internet.']",FAKE
F239,Celebrity Scandal Confirmed by Sources,"['theory', 'discover', 'join', 'american.', '—', 'shocking', 'claims', 'celebrity', 'scandal', 'surface', 'internet.']",FAKE
F084,Miracle Drug Confirmed by Sources,"['region', 'rather', 'tax', 'girl.', 'station', 'pass', 'spring', 'general.', 'consumer', 'class', 'base', 'positive', 'ok', 'recently.', 'know', 'argue', 'organization', 'nor.', '—', 'shocking', 'claims', 'miracle', 'drug', 'surface', 'internet.']",FAKE
R120,New Report on Election,"['anyone', 'back', 'base.', 'senior', 'sign', 'traditional', 'protect', 'debate.', 'experts', 'discuss', 'ongoing', 'developments', 'election.']",REAL
F207,Government Cover-Up Confirmed by Sources,"['skin', 'season', 'activity', 'board', 'week.', 'create', 'shoulder', 'natural', 'congress', 'positive.', 'like', 'alone', 'summer.', 'add', 'pull', 'international', 'blue', 'admit.', '—', 'shocking', 'claims', 'government', 'cover-up', 'surface', 'internet.']",FAKE
R158,New Report on Economic Growth,"['clearly', 'central', 'property', 'outside', 'serious.', 'woman', 'find', 'road', 'end', 'enjoy.', 'experts', 'discuss', 'ongoing', 'developments', 'economic', 'growth.']",REAL
R097,New Report on Technology Breakthrough,"['share', 'forget', 'collection', 'professional.', 'experts', 'discuss', 'ongoing', 'developments', 'technology', 'breakthrough.']",REAL
R092,New Report on Technology Breakthrough,"['keep', 'story', 'fact', 'person', 'specific', 'interview.', 'ground', 'bit', 'city', 'many', 'hot.', 'experts', 'discuss', 'ongoing', 'developments', 'technology', 'breakthrough.']",REAL
F172,Hoax Confirmed by Sources,"['common', 'picture', 'onto', 'hundred', 'consumer', 'among', 'member', 'staff.', 'answer', 'member', 'network', 'direction', 'wrong.', '—', 'shocking', 'claims', 'hoax', 'surface', 'internet.']",FAKE
R182,New Report on Economic Growth,"['tonight', 'policy', 'anything', 'commercial', 'party', 'glass', 'share.', 'work', 'visit', 'away', 'floor', 'guess.', 'let', 'according', 'history.', 'situation', 'item', 'member', 'throughout.', 'experts', 'discuss', 'ongoing', 'developments', 'economic', 'growth.']",REAL
F014,Secret Cure Confirmed by Sources,"['since', 'couple', 'field', 'everybody', 'pick', 'voice.', 'former', 'discuss', 'skin', 'case', 'fill', 'role.', '—', 'shocking', 'claims', 'secret', 'cure', 'surface', 'internet.']",FAKE
R230,New Report on Election,"['organization', 'accept', 'action', 'likely', 'support.', 'full', 'tend', 'shoulder', 'society', 'human.', 'alone', 'firm', 'ask.', 'experts', 'discuss', 'ongoing', 'developments', 'election.']",REAL
F223,Government Cover-Up Confirmed by Sources,"['night', 'degree', 'strong', 'involve.', 'onto', 'air', 'step', 'commercial.', 'end', 'include', 'provide', 'recently', 'staff.', 'cold', 'nature', 'prevent.', '—', 'shocking', 'claims', 'government', 'cover-up', 'surface', 'internet.']",FAKE
R221,New Report on Policy,"['though', 'think', 'explain', 'grow', 'effort.', 'political', 'difference', 'stuff', 'million', 'time', 'final', 'both.', 'stop', 'task', 'trial', 'catch', 'task', 'special.', 'experts', 'discuss', 'ongoing', 'developments', 'policy.']",REAL
R173,New Report on Climate Change,"['song', 'nice', 'minute', 'name', 'yes', 'watch', 'staff.', 'offer', 'guy', 'exist', 'evidence', 'image.', 'experts', 'discuss', 'ongoing', 'developments', 'climate', 'change.']",REAL
F249,Immortal Jellyfish Confirmed by Sources,"['risk', 'right', 'get', 'also.', 'truth', 'operation', 'court.', 'movie', 'finally', 'company', 'hear.', '—', 'shocking', 'claims', 'immortal', 'jellyfish', 'surface', 'internet.']",FAKE
F112,Government Cover-Up Confirmed by Sources,"['sometimes', 'benefit', 'mr', 'push', 'join.', 'strategy', 'involve', 'organization', 'else', 'technology.', '—', 'shocking', 'claims', 'government', 'cover-up', 'surface', 'internet.']",FAKE
R058,New Report on Budget Report,"['floor', 'military', 'exist', 'everything', 'town', 'reflect', 'weight', 'since.', 'plant', 'huge', 'anything', 'as.', 'experts', 'discuss', 'ongoing', 'developments', 'budget', 'report.']",REAL
R159,New Report on Economic Growth,"['chair', 'congress', 'section', 'right', 'visit', 'dog', 'become', 'least.', 'billion', 'region', 'student', 'social', 'last', 'argue.', 'child', 'effect', 'simple', 'contain', 'difficult', 'raise.', 'experts', 'discuss', 'ongoing', 'developments', 'economic', 'growth.']",REAL
R029,New Report on Economic Growth,"['try', 'whether', 'listen', 'machine', 'view', 'here.', 'quite', 'early', 'along', 'girl.', 'eye', 'skin', 'stuff', 'travel', 'market', 'thus.', 'experts', 'discuss', 'ongoing', 'developments', 'economic', 'growth.']",REAL
R126,New Report on Research,"['call', 'matter', 'discussion.', 'investment', 'recently', 'whose', 'seek', 'social', 'southern.', 'reflect', 'send', 'nice', 'sure', 'matter', 'mind', 'tough.', 'people', 'eat', 'table', 'choice', 'draw.', 'experts', 'discuss', 'ongoing', 'developments', 'research.']",REAL
R132,New Report on Education,"['week', 'drive', 'risk', 'national', 'capital.', 'animal', 'onto', 'positive.', 'experts', 'discuss', 'ongoing', 'developments', 'education.']",REAL
R025,New Report on Election,"['indicate', 'race', 'south', 'sea', 'describe.', 'doctor', 'exactly', 'spring', 'move', 'wide', 'identify', 'however.', 'piece', 'water', 'board', 'fly', 'thank', 'better.', 'experts', 'discuss', 'ongoing', 'developments', 'election.']",REAL
F214,Secret Cure Confirmed by Sources,"['ago', 'difference', 'everyone', 'officer', 'mind', 'air.', 'create', 'history', 'land.', '—', 'shocking', 'claims', 'secret', 'cure', 'surface', 'internet.']",FAKE
R177,New Report on Policy,"['without', 'board', 'huge', 'section', 'work', 'dinner.', 'relate', 'minute', 'civil', 'series.', 'name', 'significant', 'world', 'relationship.', 'experts', 'discuss', 'ongoing', 'developments', 'policy.']",REAL
R196,New Report on Budget Report,"['next', 'student', 'doctor', 'record', 'task.', 'whole', 'whole', 'consumer', 'benefit', 'save.', 'along', 'election', 'data', 'peace', 'outside', 'task', 'community.', 'experts', 'discuss', 'ongoing', 'developments', 'budget', 'report.']",REAL
R135,New Report on Budget Report,"['guy', 'particular', 'hit', 'five', 'blue', 'control', 'available', 'herself.', 'structure', 'new', 'employee', 'college.', 'agree', 'difficult', 'song', 'modern', 'huge', 'mind', 'poor', 'card.', 'experts', 'discuss', 'ongoing', 'developments', 'budget', 'report.']",REAL
F152,Government Cover-Up Confirmed by Sources,"['imagine', 'develop', 'teacher.', 'phone', 'approach', 'respond', 'congress', 'range', 'per', 'third.', '—', 'shocking', 'claims', 'government', 'cover-up', 'surface', 'internet.']",FAKE
F180,Secret Cure Confirmed by Sources,"['authority', 'pick', 'feel', 'key', 'particular.', '—', 'shocking', 'claims', 'secret', 'cure', 'surface', 'internet.']",FAKE
F003,Secret Cure Confirmed by Sources,"['democratic', 'simple', 'share', 'course', 'mr', 'mrs', 'these.', 'provide', 'lawyer', 'fire', 'yes.', 'sense', 'lot', 'court', 'third.', '—', 'shocking', 'claims', 'secret', 'cure', 'surface', 'internet.']",FAKE
F244,Celebrity Scandal Confirmed by Sources,"['adult', 'feel', 'remain', 'theory', 'house', 'establish', 'billion.', 'attorney', 'partner', 'others', 'particular', 'movement.', 'day', 'paper', 'assume', 'billion', 'water.', '—', 'shocking', 'claims', 'celebrity', 'scandal', 'surface', 'internet.']",FAKE
F194,Immortal Jellyfish Confirmed by Sources,"['near', 'early', 'material', 'stay', 'others', 'close', 'successful.', 'economy', 'magazine', 'live', 'section', 'college', 'make', 'none.', 'account', 'every', 'standard', 'easy', 'report', 'out.', '—', 'shocking', 'claims', 'immortal', 'jellyfish', 'surface', 'internet.']",FAKE
R044,New Report on Policy,"['north', 'answer', 'tend', 'thought', 'difference.', 'also', 'ask', 'available', 'role', 'artist', 'food', 'east.', 'us', 'yet', 'series', 'environment', 'experience', 'hit.', 'experts', 'discuss', 'ongoing', 'developments', 'policy.']",REAL
R141,New Report on Economic Growth,"['building', 'mouth', 'significant', 'break', 'manager.', 'event', 'husband', 'us.', 'experts', 'discuss', 'ongoing', 'developments', 'economic', 'growth.']",REAL
R188,New Report on Climate Change,"['answer', 'seat', 'hot', 'thus.', 'seven', 'thousand', 'democrat', 'lose', 'team.', 'end', 'style', 'agree', 'chance', 'newspaper', 'certainly', 'rich.', 'experts', 'discuss', 'ongoing', 'developments', 'climate', 'change.']",REAL
F010,Aliens Confirmed by Sources,"['person', 'skin', 'individual', 'life.', 'head', 'amount', 'person', 'forget', 'wrong', 'subject', 'travel.', '—', 'shocking', 'claims', 'aliens', 'surface', 'internet.']",FAKE
R106,New Report on Economic Growth,"['significant', 'american', 'hour', 'up.', 'experts', 'discuss', 'ongoing', 'developments', 'economic', 'growth.']",REAL
R049,New Report on Research,"['rise', 'school', 'explain.', 'cut', 'person', 'appear', 'around', 'total', 'land.', 'experts', 'discuss', 'ongoing', 'developments', 'research.']",REAL
R144,New Report on Budget Report,"['car', 'church', 'water', 'prevent', 'nation', 'pick.', 'nothing', 'safe', 'parent', 'within', 'everything', 'society', 'born', 'increase.', 'experts', 'discuss', 'ongoing', 'developments', 'budget', 'report.']",REAL
F199,Celebrity Scandal Confirmed by Sources,"['goal', 'watch', 'understand', 'customer.', 'always', 'mr', 'rate', 'base.', 'summer', 'shoulder', 'who.', '—', 'shocking', 'claims', 'celebrity', 'scandal', 'surface', 'internet.']",FAKE
F215,Secret Cure Confirmed by Sources,"['agency', 'rule', 'away', 'cup', 'free', 'size', 'what.', 'real', 'thank', 'morning', 'just.', '—', 'shocking', 'claims', 'secret', 'cure', 'surface', 'internet.']",FAKE
R176,New Report on Economic Growth,"['explain', 'include', 'resource', 'two', 'discuss', 'across.', 'protect', 'production', 'drop', 'training', 'soon', 'live.', 'experts', 'discuss', 'ongoing', 'developments', 'economic', 'growth.']",REAL
F105,Hoax Confirmed by Sources,"['wish', 'charge', 'personal', 'foreign', 'free', 'successful.', 'subject', 'protect', 'often', 'wall.', 'student', 'music', 'lead', 'future', 'tax', 'green.', '—', 'shocking', 'claims', 'hoax', 'surface', 'internet.']",FAKE
F031,Miracle Drug Confirmed by Sources,"['girl', 'garden', 'religious', 'likely', 'up.', 'accept', 'hundred', 'image', 'easy.', '—', 'shocking', 'claims', 'miracle', 'drug', 'surface', 'internet.']",FAKE
R206,New Report on Research,"['may', 'career', 'financial', 'story', 'mean.', 'experts', 'discuss', 'ongoing', 'developments', 'research.']",REAL
F238,Secret Cure Confirmed by Sources,"['nothing', 'future', 'ready', 'it.', 'east', 'west', 'beyond', 'account.', '—', 'shocking', 'claims', 'secret', 'cure', 'surface', 'internet.']",FAKE
R027,New Report on Climate Change,"['important', 'back', 'paper.', 'difference', 'ago', 'defense', 'also', 'face', 'mean', 'modern.', 'heart', 'large', 'study', 'green', 'least', 'interest', 'system.', 'hand', 'close', 'head', 'catch.', 'experts', 'discuss', 'ongoing', 'developments', 'climate', 'change.']",REAL
F169,Government Cover-Up Confirmed by Sources,"['water', 'notice', 'degree', 'growth', 'song', 'down.', 'speak', 'marriage', 'prevent', 'she.', '—', 'shocking', 'claims', 'government', 'cover-up', 'surface', 'internet.']",FAKE
F208,Aliens Confirmed by Sources,"['win', 'whose', 'clearly', 'drug', 'up.', 'develop', 'investment.', 'kind', 'foreign', 'remain', 'type', 'public.', 'site', 'process', 'hotel', 'among.', '—', 'shocking', 'claims', 'aliens', 'surface', 'internet.']",FAKE
F212,Miracle Drug Confirmed by Sources,"['easy', 'course', 'popular', 'suggest', 'ready', 'money.', 'morning', 'edge', 'human', 'window', 'suddenly', 'simply.', '—', 'shocking', 'claims', 'miracle', 'drug', 'surface', 'internet.']",FAKE
F032,Hoax Confirmed by Sources,"['teacher', 'end', 'others', 'word', 'responsibility.', 'leave', 'return', 'safe', 'stand', 'floor', 'impact', 'position.', '—', 'shocking', 'claims', 'hoax', 'surface', 'internet.']",FAKE
F109,Hoax Confirmed by Sources,"['team', 'character', 'age', 'style', 'term', 'along', 'somebody.', 'fight', 'former', 'bed', 'congress', 'participant.', '—', 'shocking', 'claims', 'hoax', 'surface', 'internet.']",FAKE
R111,New Report on Policy,"['loss', 'really', 'option', 'bad.', 'road', 'run', 'late', 'worry', 'mean.', 'structure', 'quite', 'usually', 'cold.', 'experts', 'discuss', 'ongoing', 'developments', 'policy.']",REAL
F078,Aliens Confirmed by Sources,"['mother', 'whether', 'instead', 'though.', 'movie', 'listen', 'difference', 'bag', 'thousand', 'song', 'half', 'son.', '—', 'shocking', 'claims', 'aliens', 'surface', 'internet.']",FAKE
R105,New Report on Budget Report,"['happy', 'debate', 'hit', 'large', 'rate.', 'trouble', 'production', 'administration', 'new', 'bit', 'east', 'nice.', 'experts', 'discuss', 'ongoing', 'developments', 'budget', 'report.']",REAL
F196,Government Cover-Up Confirmed by Sources,"['quite', 'get', 'trial', 'republican.', 'eat', 'scene.', 'bring', 'drop', 'tell', 'find', 'perhaps', 'direction', 'kid.', '—', 'shocking', 'claims', 'government', 'cover-up', 'surface', 'internet.']",FAKE
F118,Immortal Jellyfish Confirmed by Sources,"['according', 'option', 'order', 'baby', 'various.', 'happen', 'material', 'product', 'food', 'may', 'order', 'goal.', '—', 'shocking', 'claims', 'immortal', 'jellyfish', 'surface', 'internet.']",FAKE
F077,Secret Cure Confirmed by Sources,"['bag', 'speak', 'hospital.', 'though', 'miss', 'outside', 'risk.', '—', 'shocking', 'claims', 'secret', 'cure', 'surface', 'internet.']",FAKE
F070,Government Cover-Up Confirmed by Sources,"['range', 'model', 'fast', 'reduce.', 'front', 'smile', 'agree', 'economic.', '—', 'shocking', 'claims', 'government', 'cover-up', 'surface', 'internet.']",FAKE
F041,Immortal Jellyfish Confirmed by Sources,"['approach', 'movement', 'form', 'address', 'wait.', 'head', 'page', 'firm', 'also.', 'space', 'physical', 'road', 'box', 'office', 'indeed', 'discover.', '—', 'shocking', 'claims', 'immortal', 'jellyfish', 'surface', 'internet.']",FAKE
R026,New Report on Policy,"['drug', 'use', 'important', 'sure', 'success', 'blue.', 'experts', 'discuss', 'ongoing', 'developments', 'policy.']",REAL
R207,New Report on Policy,"['ever', 'fund', 'record', 'i.', 'teacher', 'relate', 'number', 'inside.', 'experts', 'discuss', 'ongoing', 'developments', 'policy.']",REAL
F163,Secret Cure Confirmed by Sources,"['market', 'unit', 'street', 'build.', 'analysis', 'rate', 'eye', 'threat', 'white', 'quickly', 'each.', 'begin', 'hear', 'store', 'chance.', '—', 'shocking', 'claims', 'secret', 'cure', 'surface', 'internet.']",FAKE
F171,Government Cover-Up Confirmed by Sources,"['tree', 'consider', 'kid', 'even', 'perhaps', 'goal', 'still.', 'spend', 'morning', 'follow', 'institution.', '—', 'shocking', 'claims', 'government', 'cover-up', 'surface', 'internet.']",FAKE
F139,Immortal Jellyfish Confirmed by Sources,"['theory', 'fear', 'sometimes', 'wish', 'lawyer.', 'read', 'throw', 'material', 'heart', 'real', 'single', 'save.', 'end', 'majority', 'message', 'field.', '—', 'shocking', 'claims', 'immortal', 'jellyfish', 'surface', 'internet.']",FAKE
F120,Miracle Drug Confirmed by Sources,"['material', 'increase', 'mind', 'center', 'rise', 'apply', 'explain', 'environment.', 'simple', 'money', 'among', 'sure.', '—', 'shocking', 'claims', 'miracle', 'drug', 'surface', 'internet.']",FAKE
F146,Mind Control Confirmed by Sources,"['reduce', 'win', 'ability', 'common', 'opportunity.', 'law', 'per', 'look', 'business', 'give', 'truth', 'their.', '—', 'shocking', 'claims', 'mind', 'control', 'surface', 'internet.']",FAKE
R115,New Report on Research,"['item', 'continue', 'nice', 'right', 'practice.', 'dark', 'far', 'nothing', 'likely', 'specific', 'rather', 'these.', 'experts', 'discuss', 'ongoing', 'developments', 'research.']",REAL
F039,Aliens Confirmed by Sources,"['point', 'wall', 'break', 'full.', 'bed', 'common', 'team', 'official', 'region.', '—', 'shocking', 'claims', 'aliens', 'surface', 'internet.']",FAKE
F225,Hoax Confirmed by Sources,"['ability', 'usually', 'argue', 'turn', 'fire', 'later', 'heart.', 'lay', 'determine', 'agree', 'foot', 'risk', 'offer.', '—', 'shocking', 'claims', 'hoax', 'surface', 'internet.']",FAKE
F140,Aliens Confirmed by Sources,"['ok', 'entire', 'affect', 'card', 'program.', 'director', 'yeah', 'guess', 'fish', 'cup', 'stop.', '—', 'shocking', 'claims', 'aliens', 'surface', 'internet.']",FAKE
F122,Mind Control Confirmed by Sources,"['brother', 'stay.', 'board', 'throw', 'reveal', 'simple', 'boy.', '—', 'shocking', 'claims', 'mind', 'control', 'surface', 'internet.']",FAKE
R070,New Report on Budget Report,"['case', 'degree', 'section', 'my.', 'drive', 'trade', 'include', 'ago.', 'experts', 'discuss', 'ongoing', 'developments', 'budget', 'report.']",REAL
F248,Celebrity Scandal Confirmed by Sources,"['hard', 'skill', 'probably', 'page.', 'bit', 'interest', 'list', 'want', 'skin', 'old', 'discuss', 'boy.', 'majority', 'exactly', 'wife', 'nice', 'argue.', '—', 'shocking', 'claims', 'celebrity', 'scandal', 'surface', 'internet.']",FAKE
R016,New Report on Technology Breakthrough,"['nothing', 'present', 'positive', 'thing', 'compare', 'course.', 'suddenly', 'decision', 'fact', 'recognize', 'on.', 'adult', 'month', 'car', 'able', 'morning', 'least.', 'experts', 'discuss', 'ongoing', 'developments', 'technology', 'breakthrough.']",REAL
R148,New Report on Technology Breakthrough,"['position', 'everyone', 'one', 'image', 'talk.', 'experts', 'discuss', 'ongoing', 'developments', 'technology', 'breakthrough.']",REAL
R142,New Report on Budget Report,"['personal', 'also', 'detail.', 'lead', 'part', 'fear', 'interview.', 'discussion', 'reveal', 'understand', 'laugh', 'security.', 'experts', 'discuss', 'ongoing', 'developments', 'budget', 'report.']",REAL
F141,Miracle Drug Confirmed by Sources,"['rate', 'development', 'old', 'save.', 'market', 'huge', 'weight', 'full.', 'board', 'major', 'visit', 'threat', 'through.', '—', 'shocking', 'claims', 'miracle', 'drug', 'surface', 'internet.']",FAKE
R076,New Report on Technology Breakthrough,"['company', 'rise', 'conference', 'story', 'continue.', 'animal', 'capital', 'sure', 'issue', 'like', 'doctor.', 'experts', 'discuss', 'ongoing', 'developments', 'technology', 'breakthrough.']",REAL
R180,New Report on Budget Report,"['along', 'section', 'carry', 'single.', 'nation', 'president', 'create', 'time', 'method', 'senior', 'opportunity.', 'represent', 'scene', 'case', 'maybe', 'behind', 'explain', 'quality.', 'experts', 'discuss', 'ongoing', 'developments', 'budget', 'report.']",REAL
F126,Aliens Confirmed by Sources,"['need', 'feeling', 'movie.', 'energy', 'conference', 'exactly', 'consumer.', '—', 'shocking', 'claims', 'aliens', 'surface', 'internet.']",FAKE
R134,New Report on Economic Growth,"['different', 'young', 'good', 'take', 'far', 'large', 'treatment', 'before.', 'manager', 'president', 'blood', 'thank', 'economy', 'police.', 'science', 'town', 'education', 'serious', 'though', 'assume.', 'experts', 'discuss', 'ongoing', 'developments', 'economic', 'growth.']",REAL
F132,Mind Control Confirmed by Sources,"['skin', 'note', 'finally', 'wall', 'we.', 'customer', 'others', 'yet', 'rate', 'prevent', 'many', 'what.', 'couple', 'official', 'yard', 'cause', 'administration', 'rock.', '—', 'shocking', 'claims', 'mind', 'control', 'surface', 'internet.']",FAKE
F230,Immortal Jellyfish Confirmed by Sources,"['win', 'poor', 'race', 'large.', 'fall', 'really', 'truth', 'exactly', 'mind.', 'walk', 'court', 'enter', 'sure', 'arm', 'hit', 'choice.', '—', 'shocking', 'claims', 'immortal', 'jellyfish', 'surface', 'internet.']",FAKE
F243,Aliens Confirmed by Sources,"['prepare', 'air', 'music', 'charge', 'third', 'education', 'could.', 'grow', 'step', 'board', 'most.', 'two', 'suffer', 'certainly', 'gas', 'between.', '—', 'shocking', 'claims', 'aliens', 'surface', 'internet.']",FAKE
R191,New Report on Budget Report,"['human', 'value', 'make', 'political', 'successful.', 'evidence', 'teacher', 'family', 'story', 'raise.', 'wear', 'phone', 'happen', 'newspaper.', 'experts', 'discuss', 'ongoing', 'developments', 'budget', 'report.']",REAL
R130,New Report on Public Health,"['history', 'arrive', 'social', 'really', 'compare', 'off.', 'trade', 'memory', 'return.', 'true', 'else', 'alone', 'son', 'people', 'brother.', 'experts', 'discuss', 'ongoing', 'developments', 'public', 'health.']",REAL
F081,Mind Control Confirmed by Sources,"['draw', 'near', 'analysis', 'loss', 'cover', 'half.', 'close', 'family', 'dinner', 'outside.', 'population', 'war', 'report', 'tough', 'step', 'research.', '—', 'shocking', 'claims', 'mind', 'control', 'surface', 'internet.']",FAKE
R209,New Report on Technology Breakthrough,"['world', 'including', 'enough', 'stuff', 'hold.', 'behavior', 'step', 'meeting', 'respond', 'cut', 'box', 'final.', 'experts', 'discuss', 'ongoing', 'developments', 'technology', 'breakthrough.']",REAL
F228,Hoax Confirmed by Sources,"['result', 'free', 'suffer', 'benefit.', 'respond', 'think', 'include', 'move', 'check.', 'force', 'base', 'change', 'window.', '—', 'shocking', 'claims', 'hoax', 'surface', 'internet.']",FAKE
R030,New Report on Budget Report,"['second', 'wide', 'customer', 'energy', 'also', 'church.', 'religious', 'pay', 'small', 'road', 'deep.', 'voice', 'bag', 'region', 'explain.', 'experts', 'discuss', 'ongoing', 'developments', 'budget', 'report.']",REAL
R214,New Report on Education,"['walk', 'participant', 'certainly', 'these.', 'lose', 'beautiful', 'painting.', 'experts', 'discuss', 'ongoing', 'developments', 'education.']",REAL
R175,New Report on Economic Growth,"['property', 'amount', 'trade.', 'work', 'pay', 'oil', 'western', 'dog.', 'cold', 'high', 'two', 'prepare', 'friend.', 'experts', 'discuss', 'ongoing', 'developments', 'economic', 'growth.']",REAL
