id,filtered_words,features,label_index
R129,"['base', 'clearly', 'wish.', 'career', 'leave', 'human', 'tree', 'myself.', 'experts', 'discuss', 'ongoing', 'developments', 'election.']","(10000,[812,2895,2913,3556,3614,4506,4687,4930,5871,8173,8238,8303,9462],[5.117993812416755,4.830311739964974,3.577548771469606,2.849310271098391,0.6753425559264385,0.691153161953081,0.6871770135734415,4.137164559405029,3.914021008090819,3.577548771469606,4.019381523748645,4.137164559405029,0.691153161953081])",1.0
R227,"['figure', 'ball', 'save', 'life', 'computer', 'population', 'top.', 'fast', 'bill', 'simply', 'box', 'partner', 'be.', 'great', 'offer', 'look', 'federal', 'want.', 'experts', 'discuss', 'ongoing', 'developments', 'climate', 'change.']","(10000,[116,633,750,821,1642,2059,2958,3477,3614,4110,4506,4520,4687,6083,6562,7492,7922,8135,8151,9258,9263,9462,9637,9939],[4.137164559405029,4.019381523748645,4.42484663185681,2.849310271098391,3.5085558999826545,2.6902455764687034,4.019381523748645,4.137164559405029,0.6753425559264385,3.8187108282864943,0.691153161953081,4.137164559405029,0.6871770135734415,4.607168188650764,4.830311739964974,4.42484663185681,3.8187108282864943,4.270695952029551,3.914021008090819,4.019381523748645,4.137164559405029,0.691153161953081,5.523458920524919,4.137164559405029])",1.0
F231,"['site', 'woman', 'office', 'heavy', 'similar', 'wait', 'wait', 'level.', 'blue', 'way', 'job.', '—', 'shocking', 'claims', 'aliens', 'surface', 'internet.']","(10000,[503,650,2636,4563,5477,5768,5850,5891,7046,7281,7936,8338,8344,8949,9121,9391],[0.691153161953081,2.958509563063383,5.523458920524919,4.137164559405029,8.84969326371362,3.914021008090819,0.691153161953081,4.607168188650764,4.270695952029551,0.6871770135734415,0.691153161953081,0.691153161953081,4.270695952029551,4.270695952029551,4.830311739964974,4.270695952029551])",0.0
R066,"['true', 'find', 'college', 'interview', 'avoid.', 'campaign', 'identify.', 'everyone', 'story', 'doctor.', 'experts', 'discuss', 'ongoing', 'developments', 'policy.']","(10000,[1175,3614,4506,4687,6035,6675,6855,6944,7188,7229,7488,7510,8057,8893,9462],[5.117993812416755,0.6753425559264385,0.691153161953081,0.6871770135734415,3.383392757028649,4.607168188650764,4.270695952029551,2.849310271098391,3.914021008090819,4.830311739964974,5.523458920524919,4.270695952029551,3.7316994512968646,3.914021008090819,0.691153161953081])",1.0
F095,"['watch', 'lot', 'full', 'wind', 'tough', 'east.', 'management', 'reason', 'quite', 'hundred', 'play.', 'certain', 'lead', 'international.', '—', 'shocking', 'claims', 'mind', 'control', 'surface', 'internet.']","(10000,[503,1167,1208,1241,2558,2708,2886,2944,3184,4517,4943,5175,5356,5447,5850,6056,7281,7936,8338,8897,9288],[0.691153161953081,4.830311739964974,2.7508701982851385,3.4440173788450834,4.607168188650764,3.914021008090819,5.117993812416755,4.019381523748645,2.7508701982851385,5.523458920524919,4.137164559405029,4.42484663185681,4.019381523748645,4.137164559405029,0.691153161953081,3.8187108282864943,0.6871770135734415,0.691153161953081,0.691153161953081,4.270695952029551,3.914021008090819])",0.0
R174,"['light', 'public', 'continue.', 'answer', 'interest', 'drive', 'laugh', 'response', 'almost.', 'experts', 'discuss', 'ongoing', 'developments', 'policy.']","(10000,[70,1140,1720,1770,2445,3614,3619,4506,4687,6221,6325,6944,7098,9462],[4.019381523748645,5.523458920524919,4.830311739964974,2.7826188965997183,4.830311739964974,0.6753425559264385,4.42484663185681,0.691153161953081,0.6871770135734415,5.117993812416755,3.8187108282864943,2.849310271098391,4.607168188650764,0.691153161953081])",1.0
R201,"['newspaper', 'southern', 'individual', 'federal', 'exactly.', 'security', 'ability', 'bring', 'safe', 'box', 'television.', 'experts', 'discuss', 'ongoing', 'developments', 'public', 'health.']","(10000,[160,633,1365,1770,2634,3057,3238,3614,3681,3743,4506,4687,6219,7642,7922,8614,9462],[4.607168188650764,4.019381523748645,5.117993812416755,2.7826188965997183,4.270695952029551,4.42484663185681,4.137164559405029,0.6753425559264385,4.830311739964974,4.019381523748645,0.691153161953081,0.6871770135734415,3.172083663361442,4.019381523748645,3.8187108282864943,4.42484663185681,0.691153161953081])",1.0
R072,"['cover', 'much', 'short', 'civil', 'think', 'already', 'stuff.', 'number', 'claim', 'heart', 'true.', 'experts', 'discuss', 'ongoing', 'developments', 'education.']","(10000,[524,593,594,1262,2335,2825,3614,4506,4687,5047,5493,6104,8519,8937,9462,9808],[3.8187108282864943,4.137164559405029,4.42484663185681,4.830311739964974,3.8187108282864943,4.830311739964974,0.6753425559264385,0.691153161953081,0.6871770135734415,2.7200985396183848,5.523458920524919,4.270695952029551,3.8187108282864943,4.42484663185681,0.691153161953081,4.137164559405029])",1.0
R064,"['dinner', 'rock', 'politics', 'class.', 'behavior', 'option', 'language', 'paper', 'rule', 'management', 'anything.', 'population', 'series', 'candidate', 'focus', 'along', 'analysis.', 'experts', 'discuss', 'ongoing', 'developments', 'research.']","(10000,[343,574,735,1241,1716,2240,2840,3614,3931,4358,4463,4506,4687,5241,5887,6421,7066,7751,8690,9258,9462,9613],[4.270695952029551,4.270695952029551,3.8187108282864943,3.4440173788450834,4.270695952029551,4.019381523748645,3.914021008090819,0.6753425559264385,4.019381523748645,4.42484663185681,4.019381523748645,0.691153161953081,0.6871770135734415,5.117993812416755,3.914021008090819,4.607168188650764,2.849310271098391,5.117993812416755,4.42484663185681,4.019381523748645,0.691153161953081,4.270695952029551])",1.0
F037,"['dog', 'century', 'easy.', 'anyone', 'voice', 'successful', 'plant', 'sister', 'year.', 'right', 'street', 'southern', 'customer', 'glass', 'message', 'left', 'from.', '—', 'shocking', 'claims', 'miracle', 'drug', 'surface', 'internet.']","(10000,[503,666,1256,1413,1662,1790,2715,3495,3521,3530,3684,3743,4175,5659,5850,6932,7244,7281,7517,7841,7860,7936,8338,9564],[0.691153161953081,4.270695952029551,3.125563647726549,3.8187108282864943,4.270695952029551,4.137164559405029,4.270695952029551,5.117993812416755,4.607168188650764,4.42484663185681,4.137164559405029,4.019381523748645,4.830311739964974,4.019381523748645,0.691153161953081,3.8187108282864943,3.6516567436233283,0.6871770135734415,4.830311739964974,4.42484663185681,2.849310271098391,0.691153161953081,0.691153161953081,4.270695952029551])",0.0
R170,"['military', 'seven', 'girl.', 'experts', 'discuss', 'ongoing', 'developments', 'technology', 'breakthrough.']","(10000,[1020,2227,3614,4506,4687,5877,7370,7850,9462],[2.579019941358479,2.7200985396183848,0.6753425559264385,0.691153161953081,0.6871770135734415,3.8187108282864943,4.607168188650764,4.42484663185681,0.691153161953081])",1.0
F110,"['form', 'age', 'activity', 'four.', 'explain', 'computer', 'professional', 'prove', 'article', 'person.', 'second', 'moment', 'benefit', 'develop', 'old', 'seven.', '—', 'shocking', 'claims', 'celebrity', 'scandal', 'surface', 'internet.']","(10000,[503,1241,1702,1750,2155,3401,3486,4921,5214,5341,5621,5653,5850,7083,7281,7936,7960,8110,8151,8338,8791,8945,9256],[0.691153161953081,3.4440173788450834,4.42484663185681,4.830311739964974,4.830311739964974,4.270695952029551,2.849310271098391,2.849310271098391,4.607168188650764,3.7316994512968646,4.830311739964974,4.137164559405029,0.691153161953081,4.019381523748645,0.6871770135734415,0.691153161953081,5.117993812416755,3.914021008090819,3.914021008090819,0.691153161953081,4.830311739964974,5.523458920524919,4.270695952029551])",0.0
F048,"['simply', 'home', 'writer', 'compare', 'education', 'never.', 'benefit', 'particular', 'available', 'national', 'respond.', '—', 'shocking', 'claims', 'secret', 'cure', 'surface', 'internet.']","(10000,[503,1642,2475,3365,3892,3916,5530,5653,5850,6747,6906,7040,7281,7910,7936,8338,8984,9246],[0.691153161953081,3.5085558999826545,4.270695952029551,4.270695952029551,2.5530444549552183,5.523458920524919,3.914021008090819,4.137164559405029,0.691153161953081,2.5530444549552183,4.607168188650764,5.523458920524919,0.6871770135734415,4.830311739964974,0.691153161953081,0.691153161953081,4.607168188650764,4.270695952029551])",0.0
F082,"['religious', 'physical', 'behind.', 'center', 'piece', 'matter', 'include', 'impact', 'cultural.', 'almost', 'person', 'subject', 'citizen.', 'political', 'eye', 'democratic', 'might.', '—', 'shocking', 'claims', 'hoax', 'surface', 'internet.']","(10000,[503,1341,1480,1972,2174,2402,2953,3133,3249,3935,4293,4377,5606,5850,6729,7281,7936,8271,8338,8471,8566,8649,8655],[0.691153161953081,3.914021008090819,4.137164559405029,4.830311739964974,5.117993812416755,4.270695952029551,4.019381523748645,4.607168188650764,3.3262343431887,3.6516567436233283,4.137164559405029,2.60568818844064,4.137164559405029,0.691153161953081,5.117993812416755,0.6871770135734415,0.691153161953081,4.830311739964974,0.691153161953081,5.117993812416755,4.42484663185681,4.270695952029551,4.607168188650764])",0.0
F187,"['picture', 'attack', 'often', 'service', 'central', 'garden.', 'speak', 'once.', '—', 'shocking', 'claims', 'miracle', 'drug', 'surface', 'internet.']","(10000,[7,503,1256,2252,2481,4732,5693,5850,7281,7432,7860,7936,8338,8692,8928],[4.270695952029551,0.691153161953081,3.125563647726549,4.270695952029551,4.137164559405029,4.137164559405029,5.117993812416755,0.691153161953081,0.6871770135734415,5.523458920524919,2.849310271098391,0.691153161953081,0.691153161953081,4.830311739964974,3.914021008090819])",0.0
F027,"['tax', 'discussion', 'benefit', 'human.', 'money', 'reality', 'grow', 'never', 'participant.', 'save', 'establish', 'identify', 'identify', 'before.', '—', 'shocking', 'claims', 'miracle', 'drug', 'surface', 'internet.']","(10000,[281,503,680,1256,1762,2404,2923,3967,4520,5315,5653,5850,6103,6587,7281,7696,7860,7936,8338,8391],[4.270695952029551,0.691153161953081,3.914021008090819,3.125563647726549,4.42484663185681,4.607168188650764,3.577548771469606,7.637421656572989,4.137164559405029,4.607168188650764,4.137164559405029,0.691153161953081,4.42484663185681,4.270695952029551,0.6871770135734415,5.117993812416755,2.849310271098391,0.691153161953081,0.691153161953081,4.830311739964974])",0.0
F202,"['entire', 'nice', 'even', 'hand.', 'throw', 'bar', 'color', 'adult', 'effort.', '—', 'shocking', 'claims', 'hoax', 'surface', 'internet.']","(10000,[72,503,2912,3370,4377,5850,6406,7281,7332,7936,8325,8338,8824,9832,9878],[3.7316994512968646,0.691153161953081,5.117993812416755,3.914021008090819,2.60568818844064,0.691153161953081,4.42484663185681,0.6871770135734415,4.270695952029551,0.691153161953081,4.137164559405029,0.691153161953081,4.830311739964974,3.8187108282864943,4.42484663185681])",0.0
F197,"['charge', 'eat', 'dark', 'ask', 'strong.', 'american', 'remember', 'also.', '—', 'shocking', 'claims', 'secret', 'cure', 'surface', 'internet.']","(10000,[278,503,697,3507,3892,5685,5850,6747,6812,7276,7281,7652,7936,8121,8338],[4.607168188650764,0.691153161953081,4.019381523748645,4.270695952029551,2.5530444549552183,4.830311739964974,0.691153161953081,2.5530444549552183,4.019381523748645,3.8187108282864943,0.6871770135734415,4.137164559405029,0.691153161953081,4.42484663185681,0.691153161953081])",0.0
R128,"['approach', 'walk', 'southern', 'range', 'store.', 'letter', 'star', 'turn.', 'experts', 'discuss', 'ongoing', 'developments', 'climate', 'change.']","(10000,[165,564,821,2059,3095,3334,3614,3743,4506,4687,5170,6142,7443,9462],[4.137164559405029,4.607168188650764,2.849310271098391,2.6902455764687034,4.137164559405029,4.830311739964974,0.6753425559264385,4.019381523748645,0.691153161953081,0.6871770135734415,4.019381523748645,4.137164559405029,4.830311739964974,0.691153161953081])",1.0
F157,"['nothing', 'father', 'huge', 'probably', 'action', 'law.', 'somebody', 'past', 'dream', 'receive', 'base.', '—', 'shocking', 'claims', 'government', 'cover-up', 'surface', 'internet.']","(10000,[503,1800,2198,2259,2297,2366,3089,4292,4617,5850,6633,6838,7281,7936,8338,8538,9275,9813],[0.691153161953081,3.577548771469606,4.270695952029551,2.849310271098391,3.914021008090819,4.019381523748645,4.42484663185681,3.8187108282864943,4.270695952029551,0.691153161953081,4.42484663185681,4.42484663185681,0.6871770135734415,0.691153161953081,0.691153161953081,5.117993812416755,3.7316994512968646,2.997730276216664])",0.0
F117,"['someone', 'health', 'low', 'political', 'student.', 'life', 'deal', 'trouble', 'us', 'create', 'big.', '—', 'shocking', 'claims', 'hoax', 'surface', 'internet.']","(10000,[503,1099,1404,1433,1890,2909,3477,3671,3935,4377,5850,6660,7281,7936,8338,8411,8805],[0.691153161953081,5.523458920524919,3.8187108282864943,4.830311739964974,5.117993812416755,4.42484663185681,4.137164559405029,4.270695952029551,3.6516567436233283,2.60568818844064,0.691153161953081,3.8187108282864943,0.6871770135734415,0.691153161953081,0.691153161953081,3.4440173788450834,4.019381523748645])",0.0
F173,"['alone', 'operation', 'west', 'water.', 'control', 'admit', 'year', 'environment', 'culture', 'season', 'form.', '—', 'shocking', 'claims', 'secret', 'cure', 'surface', 'internet.']","(10000,[503,1208,2358,2407,2492,3892,3973,4249,5085,5850,5922,6747,7281,7936,8338,8645,8714,8899],[0.691153161953081,2.7508701982851385,4.607168188650764,4.607168188650764,4.019381523748645,2.5530444549552183,4.830311739964974,5.117993812416755,3.914021008090819,0.691153161953081,4.270695952029551,2.5530444549552183,0.6871770135734415,0.691153161953081,0.691153161953081,4.607168188650764,4.830311739964974,4.270695952029551])",0.0
F024,"['truth', 'order', 'walk', 'ground', 'force', 'mrs.', 'professional', 'feel', 'term', 'small', 'speak.', '—', 'shocking', 'claims', 'aliens', 'surface', 'internet.']","(10000,[222,391,503,641,650,1226,2069,2155,2188,3115,5750,5850,6142,6487,7281,7936,8338],[4.607168188650764,4.270695952029551,0.691153161953081,5.117993812416755,2.958509563063383,4.42484663185681,4.019381523748645,4.830311739964974,4.270695952029551,4.270695952029551,5.117993812416755,0.691153161953081,4.137164559405029,3.4440173788450834,0.6871770135734415,0.691153161953081,0.691153161953081])",0.0
F096,"['oil', 'firm', 'star', 'front', 'kind', 'tend', 'according.', 'road', 'within', 'operation', 'my.', '—', 'shocking', 'claims', 'celebrity', 'scandal', 'surface', 'internet.']","(10000,[503,504,1810,3486,4596,4921,5170,5725,5850,5922,6035,6044,7281,7936,8338,8894,9817,9907],[0.691153161953081,4.830311739964974,4.137164559405029,2.849310271098391,4.830311739964974,2.849310271098391,4.019381523748645,3.914021008090819,0.691153161953081,4.270695952029551,3.383392757028649,4.137164559405029,0.6871770135734415,0.691153161953081,0.691153161953081,3.914021008090819,3.914021008090819,5.117993812416755])",0.0
R247,"['produce', 'issue', 'face', 'agency.', 'none', 'head', 'manage', 'institution', 'yeah.', 'experts', 'discuss', 'ongoing', 'developments', 'public', 'health.']","(10000,[1051,1064,1648,1770,3243,3614,4034,4506,4687,6219,6616,7883,8134,9462,9831],[5.523458920524919,3.914021008090819,4.137164559405029,2.7826188965997183,5.117993812416755,0.6753425559264385,4.137164559405029,0.691153161953081,0.6871770135734415,3.172083663361442,4.42484663185681,4.137164559405029,5.117993812416755,0.691153161953081,4.42484663185681])",1.0
F226,"['tonight', 'make', 'director', 'natural', 'treat.', 'appear', 'establish', 'night', 'single', 'age', 'hot', 'market', 'less.', '—', 'shocking', 'claims', 'government', 'cover-up', 'surface', 'internet.']","(10000,[359,503,1853,2259,2657,2923,3389,3525,4988,5850,6869,7281,7889,7936,8182,8338,8791,9066,9693,9813],[5.117993812416755,0.691153161953081,4.019381523748645,2.849310271098391,3.2721671219184243,3.577548771469606,4.607168188650764,4.137164559405029,4.270695952029551,0.691153161953081,3.914021008090819,0.6871770135734415,4.607168188650764,0.691153161953081,4.137164559405029,0.691153161953081,4.830311739964974,4.42484663185681,3.8187108282864943,2.997730276216664])",0.0
F100,"['standard', 'show', 'grow.', 'response', 'word', 'report', 'say', 'doctor', 'scientist.', '—', 'shocking', 'claims', 'flat', 'earth', 'surface', 'internet.']","(10000,[503,777,2445,2918,2967,3519,4019,5850,5862,6505,7281,7936,8094,8338,9166,9676],[0.691153161953081,4.607168188650764,4.830311739964974,3.0385522707369192,4.42484663185681,4.42484663185681,4.137164559405029,0.691153161953081,4.607168188650764,4.270695952029551,0.6871770135734415,0.691153161953081,4.137164559405029,0.691153161953081,4.607168188650764,3.0385522707369192])",0.0
F246,"['event', 'stock', 'adult', 'stop', 'sometimes', 'once.', 'ok', 'bag', 'oil.', 'project', 'town', 'west', 'notice.', 'agency', 'election', 'movie', 'water', 'difficult', 'account', 'shake.', '—', 'shocking', 'claims', 'government', 'cover-up', 'surface', 'internet.']","(10000,[72,132,415,503,765,793,796,1439,1712,1990,2230,2259,2589,2645,4715,5085,5850,5869,6176,7281,7366,7728,7936,8338,8692,9187,9813],[3.7316994512968646,4.607168188650764,4.270695952029551,0.691153161953081,4.137164559405029,4.830311739964974,3.8187108282864943,3.914021008090819,4.019381523748645,5.523458920524919,4.830311739964974,2.849310271098391,4.137164559405029,3.6516567436233283,3.914021008090819,3.914021008090819,0.691153161953081,4.019381523748645,5.117993812416755,0.6871770135734415,5.117993812416755,3.8187108282864943,0.691153161953081,0.691153161953081,4.830311739964974,4.270695952029551,2.997730276216664])",0.0
F183,"['long', 'whose', 'eye', 'huge.', 'conference', 'father', 'game', 'total', 'field', 'same.', '—', 'shocking', 'claims', 'aliens', 'surface', 'internet.']","(10000,[474,503,650,1341,1800,5321,5657,5850,6279,7074,7281,7936,8338,8904,8975,9539],[5.117993812416755,0.691153161953081,2.958509563063383,3.914021008090819,3.577548771469606,4.137164559405029,4.137164559405029,0.691153161953081,4.607168188650764,3.383392757028649,0.6871770135734415,0.691153161953081,0.691153161953081,4.019381523748645,4.42484663185681,4.42484663185681])",0.0
R063,"['ok', 'exist', 'receive', 'everyone', 'law', 'thing', 'less.', 'star', 'tend', 'military', 'human', 'class.', 'picture', 'republican', 'deep', 'stuff.', 'experts', 'discuss', 'ongoing', 'developments', 'policy.']","(10000,[359,1762,1810,2481,2645,2825,3614,3857,3979,4506,4616,4617,4687,5170,5241,5877,6602,6944,8303,8893,9462],[5.117993812416755,4.42484663185681,4.137164559405029,4.137164559405029,3.6516567436233283,4.830311739964974,0.6753425559264385,4.270695952029551,4.019381523748645,0.691153161953081,4.270695952029551,4.270695952029551,0.6871770135734415,4.019381523748645,5.117993812416755,3.8187108282864943,4.137164559405029,2.849310271098391,4.137164559405029,3.914021008090819,0.691153161953081])",1.0
R005,"['despite', 'indicate', 'clearly', 'father', 'night', 'nation', 'lead', 'station.', 'experts', 'discuss', 'ongoing', 'developments', 'election.']","(10000,[1290,1301,1800,3556,3614,4014,4506,4687,5356,6485,6869,8238,9462],[5.523458920524919,4.270695952029551,3.577548771469606,2.849310271098391,0.6753425559264385,4.270695952029551,0.691153161953081,0.6871770135734415,4.019381523748645,4.42484663185681,3.914021008090819,4.019381523748645,0.691153161953081])",1.0
R084,"['clear', 'color', 'focus', 'us', 'season', 'accept.', 'protect', 'artist', 'perform', 'month', 'peace.', 'push', 'seven', 'mr', 'conference.', 'experts', 'discuss', 'ongoing', 'developments', 'election.']","(10000,[1098,1352,1611,1898,2358,2647,3556,3614,3931,4506,4687,4944,5741,5978,6660,7235,7850,8931,9462,9832],[4.42484663185681,5.117993812416755,4.607168188650764,4.830311739964974,4.607168188650764,3.914021008090819,2.849310271098391,0.6753425559264385,4.019381523748645,0.691153161953081,0.6871770135734415,5.523458920524919,4.137164559405029,3.577548771469606,3.8187108282864943,3.914021008090819,4.42484663185681,4.830311739964974,0.691153161953081,3.8187108282864943])",1.0
R124,"['recognize', 'figure', 'sell', 'ago', 'officer', 'accept', 'wall', 'front.', 'long', 'hold', 'head.', 'especially', 'former', 'across', 'toward.', 'experts', 'discuss', 'ongoing', 'developments', 'education.']","(10000,[696,1896,2389,2657,3593,3614,4110,4160,4253,4485,4506,4531,4687,5047,6404,7074,8171,8173,8904,9462],[4.137164559405029,3.8187108282864943,4.42484663185681,3.2721671219184243,5.117993812416755,0.6753425559264385,3.8187108282864943,4.019381523748645,5.117993812416755,4.607168188650764,0.691153161953081,5.117993812416755,0.6871770135734415,2.7200985396183848,4.137164559405029,3.383392757028649,4.019381523748645,3.577548771469606,4.019381523748645,0.691153161953081])",1.0
R118,"['everything', 'business', 'discover', 'must', 'need.', 'claim', 'international', 'reduce', 'thus', 'kind', 'card.', 'build', 'arrive', 'perhaps.', 'experts', 'discuss', 'ongoing', 'developments', 'research.']","(10000,[188,1023,2092,3014,3614,4170,4506,4687,5374,5441,5684,6044,6544,7066,7391,8159,8937,9156,9462],[4.019381523748645,4.270695952029551,5.117993812416755,4.607168188650764,0.6753425559264385,4.270695952029551,0.691153161953081,0.6871770135734415,4.137164559405029,4.830311739964974,4.830311739964974,4.137164559405029,5.117993812416755,2.849310271098391,3.914021008090819,3.7316994512968646,4.42484663185681,3.7316994512968646,0.691153161953081])",1.0
F001,"['half', 'interest', 'goal', 'prove', 'stay', 'understand.', 'court', 'left', 'medical', 'indeed', 'fact', 'government.', '—', 'shocking', 'claims', 'aliens', 'surface', 'internet.']","(10000,[70,433,503,650,1662,1780,4568,4934,5089,5214,5710,5850,7215,7281,7936,8268,8338,8413],[4.019381523748645,4.137164559405029,0.691153161953081,2.958509563063383,4.270695952029551,4.42484663185681,4.607168188650764,4.270695952029551,3.6516567436233283,4.607168188650764,4.42484663185681,0.691153161953081,3.914021008090819,0.6871770135734415,0.691153161953081,3.914021008090819,0.691153161953081,3.8187108282864943])",0.0
F007,"['understand', 'writer', 'thought', 'ready', 'poor', 'reality.', 'mr', 'since', 'believe', 'industry.', '—', 'shocking', 'claims', 'immortal', 'jellyfish', 'surface', 'internet.']","(10000,[55,503,533,662,2066,2647,3082,5850,6287,6487,6557,6906,7281,7936,8103,8338,9876],[4.42484663185681,0.691153161953081,4.830311739964974,5.117993812416755,2.7508701982851385,3.914021008090819,5.523458920524919,0.691153161953081,3.914021008090819,3.4440173788450834,3.8187108282864943,4.607168188650764,0.6871770135734415,0.691153161953081,4.270695952029551,0.691153161953081,2.7508701982851385])",0.0
F046,"['race', 'thousand', 'action', 'pull', 'today', 'understand', 'race.', 'past', 'first', 'represent', 'doctor', 'environmental', 'suggest', 'fish', 'along.', 'second', 'year', 'tv', 'nothing', 'realize.', '—', 'shocking', 'claims', 'mind', 'control', 'surface', 'internet.']","(10000,[320,454,503,777,1208,1376,1766,2710,3184,4292,4547,5850,6027,6403,6487,6597,6633,6798,7281,7816,7936,8338,8717,8899,9256,9275,9806],[4.019381523748645,3.577548771469606,0.691153161953081,4.607168188650764,2.7508701982851385,4.42484663185681,4.607168188650764,5.117993812416755,2.7508701982851385,3.8187108282864943,3.914021008090819,0.691153161953081,4.607168188650764,4.607168188650764,3.4440173788450834,4.137164559405029,4.42484663185681,3.8187108282864943,0.6871770135734415,4.270695952029551,0.691153161953081,0.691153161953081,3.8187108282864943,4.270695952029551,4.270695952029551,3.7316994512968646,5.117993812416755])",0.0
R103,"['city', 'congress', 'street', 'exactly.', 'significant', 'five', 'kind.', 'experts', 'discuss', 'ongoing', 'developments', 'research.']","(10000,[160,2784,3614,3684,4506,4687,5495,5974,7066,8552,8728,9462],[4.607168188650764,4.830311739964974,0.6753425559264385,4.137164559405029,0.691153161953081,0.6871770135734415,4.270695952029551,3.577548771469606,2.849310271098391,4.019381523748645,3.4440173788450834,0.691153161953081])",1.0
R037,"['address', 'increase', 'world', 'simply', 'than.', 'watch', 'wide', 'put', 'purpose', 'form', 'factor.', 'model', 'town', 'magazine', 'although', 'opportunity', 'responsibility.', 'experts', 'discuss', 'ongoing', 'developments', 'budget', 'report.']","(10000,[1642,1822,2523,2708,2836,3614,4454,4506,4687,4715,4991,5416,5432,5621,6976,7102,7779,7963,8089,8413,8871,9360,9462],[3.5085558999826545,5.117993812416755,4.830311739964974,3.914021008090819,4.137164559405029,0.6753425559264385,3.914021008090819,0.691153161953081,0.6871770135734415,3.914021008090819,2.579019941358479,5.117993812416755,2.7508701982851385,4.830311739964974,4.830311739964974,4.830311739964974,3.7316994512968646,4.270695952029551,5.117993812416755,3.8187108282864943,4.607168188650764,3.8187108282864943,0.691153161953081])",1.0
F193,"['exactly', 'modern', 'cold', 'religious', 'pull', 'economic.', 'outside', 'approach', 'growth', 'between.', 'think', 'wait', 'president.', '—', 'shocking', 'claims', 'secret', 'cure', 'surface', 'internet.']","(10000,[320,503,2007,2096,2335,2336,3011,3095,3892,3920,4293,5374,5477,5850,6597,6747,7281,7936,8338,8568],[4.019381523748645,0.691153161953081,4.607168188650764,3.8187108282864943,3.8187108282864943,3.914021008090819,4.607168188650764,4.137164559405029,2.5530444549552183,4.137164559405029,4.137164559405029,4.137164559405029,4.42484663185681,0.691153161953081,4.137164559405029,2.5530444549552183,0.6871770135734415,0.691153161953081,0.691153161953081,4.42484663185681])",0.0
R166,"['party', 'lot', 'find', 'support.', 'defense', 'watch', 'recognize', 'amount', 'vote.', 'method', 'thought', 'include', 'yes', 'today', 'southern.', 'experts', 'discuss', 'ongoing', 'developments', 'election.']","(10000,[55,659,1379,1417,2708,2953,3543,3556,3614,4506,4687,4943,5044,6015,6878,7222,7510,8171,9462,9806],[4.42484663185681,5.117993812416755,4.270695952029551,5.117993812416755,3.914021008090819,4.019381523748645,3.8187108282864943,2.849310271098391,0.6753425559264385,0.691153161953081,0.6871770135734415,4.137164559405029,4.019381523748645,4.830311739964974,5.523458920524919,4.137164559405029,4.270695952029551,4.019381523748645,0.691153161953081,5.117993812416755])",1.0
F017,"['wrong', 'avoid', 'watch', 'her.', 'economic', 'approach', 'loss', 'green', 'write', 'leader.', '—', 'shocking', 'claims', 'immortal', 'jellyfish', 'surface', 'internet.']","(10000,[503,551,1388,2066,2708,3095,5329,5445,5850,6512,7281,7748,7936,8338,9144,9495,9876],[0.691153161953081,4.42484663185681,5.117993812416755,2.7508701982851385,3.914021008090819,4.137164559405029,4.42484663185681,4.830311739964974,0.691153161953081,3.914021008090819,0.6871770135734415,5.523458920524919,0.691153161953081,0.691153161953081,2.661258039595451,5.117993812416755,2.7508701982851385])",0.0
R008,"['effect', 'source', 'remain', 'trial', 'size', 'officer', 'religious.', 'customer', 'final', 'present', 'job', 'tree', 'house.', 'experts', 'discuss', 'ongoing', 'developments', 'economic', 'growth.']","(10000,[557,696,1413,1653,3192,3410,3614,3756,4506,4687,5205,5871,6324,7721,8130,8444,9034,9144,9462],[4.607168188650764,4.137164559405029,3.8187108282864943,4.42484663185681,4.019381523748645,4.270695952029551,0.6753425559264385,4.019381523748645,0.691153161953081,0.6871770135734415,4.42484663185681,3.914021008090819,5.117993812416755,3.914021008090819,4.270695952029551,4.830311739964974,2.8844015909096608,2.661258039595451,0.691153161953081])",1.0
F071,"['company', 'technology', 'wall.', '—', 'shocking', 'claims', 'celebrity', 'scandal', 'surface', 'internet.']","(10000,[503,942,1020,3072,3486,4921,5850,7281,7936,8338],[0.691153161953081,4.137164559405029,2.579019941358479,4.42484663185681,2.849310271098391,2.849310271098391,0.691153161953081,0.6871770135734415,0.691153161953081,0.691153161953081])",0.0
F028,"['seek', 'yes', 'tell', 'interest.', 'bag', 'policy', 'voice', 'thousand.', '—', 'shocking', 'claims', 'mind', 'control', 'surface', 'internet.']","(10000,[171,415,503,1208,1511,1850,3184,3530,4142,5044,5850,6444,7281,7936,8338],[4.270695952029551,4.270695952029551,0.691153161953081,2.7508701982851385,5.117993812416755,4.019381523748645,2.7508701982851385,4.42484663185681,4.019381523748645,4.019381523748645,0.691153161953081,4.830311739964974,0.6871770135734415,0.691153161953081,0.691153161953081])",0.0
F227,"['sell', 'return', 'heavy.', 'bar', 'source', 'become.', '—', 'shocking', 'claims', 'immortal', 'jellyfish', 'surface', 'internet.']","(10000,[503,635,1411,2066,4485,5850,7281,7332,7721,7936,8338,9714,9876],[0.691153161953081,4.270695952029551,4.830311739964974,2.7508701982851385,4.607168188650764,0.691153161953081,0.6871770135734415,4.270695952029551,3.914021008090819,0.691153161953081,0.691153161953081,5.117993812416755,2.7508701982851385])",0.0
R200,"['upon', 'vote', 'american', 'college.', 'republican', 'analysis', 'common', 'ahead', 'personal', 'seven', 'bank.', 'star', 'per', 'various', 'lose.', 'experts', 'discuss', 'ongoing', 'developments', 'public', 'health.']","(10000,[298,1296,1770,3614,4506,4616,4687,5017,5170,6219,6332,6647,6735,7652,7850,7939,8268,9214,9462,9578,9615],[4.270695952029551,4.270695952029551,2.7826188965997183,0.6753425559264385,0.691153161953081,4.270695952029551,0.6871770135734415,5.117993812416755,4.019381523748645,3.172083663361442,4.019381523748645,4.137164559405029,4.137164559405029,4.137164559405029,4.42484663185681,3.577548771469606,3.914021008090819,4.019381523748645,0.691153161953081,5.117993812416755,5.117993812416755])",1.0
R225,"['rock', 'foreign', 'everything', 'first.', 'owner', 'political', 'civil', 'song.', 'name', 'away', 'world', 'speech', 'school', 'now.', 'experts', 'discuss', 'ongoing', 'developments', 'climate', 'change.']","(10000,[15,502,574,593,821,2059,2679,3614,3737,3756,3802,3935,4506,4687,6053,6206,6934,9156,9360,9462],[4.019381523748645,4.019381523748645,4.270695952029551,4.137164559405029,2.849310271098391,2.6902455764687034,3.914021008090819,0.6753425559264385,4.270695952029551,4.019381523748645,5.523458920524919,3.6516567436233283,0.691153161953081,0.6871770135734415,3.7316994512968646,3.7316994512968646,5.523458920524919,3.7316994512968646,3.8187108282864943,0.691153161953081])",1.0
R062,"['require', 'partner', 'movie.', 'design', 'security', 'talk', 'kitchen', 'instead', 'contain.', 'party', 'guess', 'fight', 'look', 'drug', 'election.', 'experts', 'discuss', 'ongoing', 'developments', 'budget', 'report.']","(10000,[116,756,1379,2526,2634,3292,3556,3614,3922,4506,4527,4687,4715,4991,5432,7860,8449,8660,8925,9462,9939],[4.137164559405029,4.830311739964974,4.270695952029551,4.42484663185681,4.270695952029551,5.523458920524919,2.849310271098391,0.6753425559264385,4.42484663185681,0.691153161953081,4.607168188650764,0.6871770135734415,3.914021008090819,2.579019941358479,2.7508701982851385,2.849310271098391,4.42484663185681,4.270695952029551,4.270695952029551,0.691153161953081,4.137164559405029])",1.0
F033,"['tell', 'low', 'protect.', 'toward', 'serve', 'exist', 'imagine', 'social', 'court.', '—', 'shocking', 'claims', 'hoax', 'surface', 'internet.']","(10000,[481,503,823,1725,1850,3194,4377,5301,5850,6602,7281,7936,8338,8411,8693],[4.607168188650764,0.691153161953081,4.270695952029551,4.42484663185681,4.019381523748645,4.270695952029551,2.60568818844064,4.137164559405029,0.691153161953081,4.137164559405029,0.6871770135734415,0.691153161953081,0.691153161953081,3.4440173788450834,5.117993812416755])",0.0
F012,"['morning', 'meeting', 'account', 'discuss', 'whatever.', 'father', 'truth', 'wonder', 'matter.', '—', 'shocking', 'claims', 'hoax', 'surface', 'internet.']","(10000,[20,503,1553,1800,2069,3160,3614,4377,4723,5850,7281,7936,7968,8338,9187],[4.42484663185681,0.691153161953081,5.117993812416755,3.577548771469606,4.019381523748645,4.137164559405029,0.6753425559264385,2.60568818844064,5.117993812416755,0.691153161953081,0.6871770135734415,0.691153161953081,5.117993812416755,0.691153161953081,4.270695952029551])",0.0
R121,"['fast', 'especially', 'religious', 'analysis.', 'enjoy', 'hit', 'guy', 'wife', 'machine', 'get', 'market.', 'experts', 'discuss', 'ongoing', 'developments', 'research.']","(10000,[94,1805,3021,3614,4293,4506,4687,6421,7066,8040,8173,8252,8353,9263,9426,9462],[4.270695952029551,4.830311739964974,3.914021008090819,0.6753425559264385,4.137164559405029,0.691153161953081,0.6871770135734415,4.607168188650764,2.849310271098391,3.4440173788450834,3.577548771469606,4.270695952029551,3.7316994512968646,4.137164559405029,4.42484663185681,0.691153161953081])",1.0
F210,"['meeting', 'person', 'reason', 'list', 'serious', 'interest', 'possible.', 'give', 'growth', 'different', 'number', 'be.', '—', 'shocking', 'claims', 'aliens', 'surface', 'internet.']","(10000,[20,70,320,503,650,1117,2272,2944,3249,3783,5850,6562,6683,7281,7936,8338,8519,8728],[4.42484663185681,4.019381523748645,4.019381523748645,0.691153161953081,2.958509563063383,4.830311739964974,4.830311739964974,4.019381523748645,3.3262343431887,4.607168188650764,0.691153161953081,4.830311739964974,4.270695952029551,0.6871770135734415,0.691153161953081,0.691153161953081,3.8187108282864943,3.4440173788450834])",0.0
F151,"['quite', 'day', 'else', 'religious', 'current.', 'thus', 'blue', 'toward', 'pick.', '—', 'shocking', 'claims', 'hoax', 'surface', 'internet.']","(10000,[503,3194,4293,4377,5034,5344,5684,5768,5850,6000,6056,7281,7936,8338,9133],[0.691153161953081,4.270695952029551,4.137164559405029,2.60568818844064,4.137164559405029,4.830311739964974,4.830311739964974,3.914021008090819,0.691153161953081,4.42484663185681,3.8187108282864943,0.6871770135734415,0.691153161953081,0.691153161953081,4.270695952029551])",0.0
F099,"['along', 'cup', 'night', 'write', 'yet', 'organization', 'number.', 'may', 'amount', 'usually', 'make.', '—', 'shocking', 'claims', 'secret', 'cure', 'surface', 'internet.']","(10000,[503,1364,2840,2990,3059,3892,4037,4702,5445,5850,6747,6869,7222,7281,7576,7936,8338,9160],[0.691153161953081,4.019381523748645,3.914021008090819,4.270695952029551,4.137164559405029,2.5530444549552183,4.137164559405029,4.830311739964974,4.830311739964974,0.691153161953081,2.5530444549552183,3.914021008090819,4.137164559405029,0.6871770135734415,5.523458920524919,0.691153161953081,0.691153161953081,4.270695952029551])",0.0
R090,"['true', 'state', 'decision.', 'machine', 'condition', 'everybody', 'only.', 'experts', 'discuss', 'ongoing', 'developments', 'technology', 'breakthrough.']","(10000,[1020,1243,1808,2227,2561,3614,4506,4687,5328,5377,7188,8040,9462],[2.579019941358479,4.270695952029551,4.607168188650764,2.7200985396183848,3.8187108282864943,0.6753425559264385,0.691153161953081,0.6871770135734415,4.270695952029551,5.117993812416755,3.914021008090819,3.4440173788450834,0.691153161953081])",1.0
R125,"['hit', 'card', 'guess', 'value.', 'congress', 'clearly', 'nice', 'interest', 'western', 'figure', 'leader.', 'experts', 'discuss', 'ongoing', 'developments', 'budget', 'report.']","(10000,[70,490,524,2144,3370,3614,4110,4506,4687,4991,5432,8238,8252,8660,8728,9462,9495],[4.019381523748645,5.117993812416755,3.8187108282864943,4.42484663185681,3.914021008090819,0.6753425559264385,3.8187108282864943,0.691153161953081,0.6871770135734415,2.579019941358479,2.7508701982851385,4.019381523748645,4.270695952029551,4.270695952029551,3.4440173788450834,0.691153161953081,5.117993812416755])",1.0
R091,"['pretty', 'key', 'natural', 'local', 'size', 'glass.', 'stay', 'eye', 'team.', 'win', 'college', 'expert', 'same.', 'experts', 'discuss', 'ongoing', 'developments', 'climate', 'change.']","(10000,[228,433,474,821,914,1341,2059,2398,3131,3192,3614,3919,4506,4687,4988,6021,8057,9432,9462],[4.42484663185681,4.137164559405029,5.117993812416755,2.849310271098391,4.42484663185681,3.914021008090819,2.6902455764687034,4.137164559405029,4.270695952029551,4.019381523748645,0.6753425559264385,4.830311739964974,0.691153161953081,0.6871770135734415,4.270695952029551,4.270695952029551,3.7316994512968646,4.270695952029551,0.691153161953081])",1.0
R157,"['help', 'financial.', 'business', 'break', 'mouth', 'become', 'street', 'discover', 'organization', 'exactly.', 'unit', 'price', 'drop', 'better', 'plan.', 'organization', 'exactly', 'eye', 'performance', 'ability.', 'experts', 'discuss', 'ongoing', 'developments', 'climate', 'change.']","(10000,[160,226,668,821,1109,1341,1364,1738,2059,2096,2543,3614,3684,4170,4506,4687,5374,6335,7090,7497,8577,9087,9347,9351,9462],[4.607168188650764,5.523458920524919,4.42484663185681,2.849310271098391,5.523458920524919,3.914021008090819,8.03876304749729,4.42484663185681,2.6902455764687034,3.8187108282864943,3.577548771469606,0.6753425559264385,4.137164559405029,4.270695952029551,0.691153161953081,0.6871770135734415,4.137164559405029,4.137164559405029,4.270695952029551,4.137164559405029,3.8187108282864943,4.830311739964974,4.270695952029551,4.607168188650764,0.691153161953081])",1.0
F098,"['phone', 'attorney', 'game', 'eye', 'goal', 'remember.', 'pattern', 'cell', 'get', 'however', 'seek', 'federal.', '—', 'shocking', 'claims', 'miracle', 'drug', 'surface', 'internet.']","(10000,[171,503,617,911,1256,1341,1626,2782,3210,4853,5089,5849,5850,7281,7860,7936,8338,8975,9426],[4.270695952029551,0.691153161953081,4.607168188650764,4.42484663185681,3.125563647726549,3.914021008090819,4.137164559405029,4.830311739964974,3.914021008090819,5.117993812416755,3.6516567436233283,5.523458920524919,0.691153161953081,0.6871770135734415,2.849310271098391,0.691153161953081,0.691153161953081,4.42484663185681,4.42484663185681])",0.0
F164,"['area', 'whole', 'year.', 'purpose', 'pick', 'plan', 'dog', 'foreign', 'brother.', '—', 'shocking', 'claims', 'immortal', 'jellyfish', 'surface', 'internet.']","(10000,[503,627,2066,5098,5649,5850,6123,6206,7281,7372,7517,7936,8089,8338,9564,9876],[0.691153161953081,4.42484663185681,2.7508701982851385,5.117993812416755,4.42484663185681,0.691153161953081,4.42484663185681,3.7316994512968646,0.6871770135734415,4.270695952029551,4.830311739964974,0.691153161953081,5.117993812416755,0.691153161953081,4.270695952029551,2.7508701982851385])",0.0
R050,"['budget', 'care', 'hard', 'protect.', 'support', 'position', 'try', 'seat.', 'experts', 'discuss', 'ongoing', 'developments', 'economic', 'growth.']","(10000,[1268,1339,3614,4506,4687,4693,4991,5125,5310,8217,8693,9034,9144,9462],[5.117993812416755,4.42484663185681,0.6753425559264385,0.691153161953081,0.6871770135734415,4.270695952029551,2.579019941358479,4.019381523748645,4.137164559405029,4.607168188650764,5.117993812416755,2.8844015909096608,2.661258039595451,0.691153161953081])",1.0
R249,"['unit', 'class', 'analysis', 'present.', 'across', 'air', 'drive', 'level.', 'experts', 'discuss', 'ongoing', 'developments', 'climate', 'change.']","(10000,[88,821,1296,2059,3614,3816,4007,4506,4687,6325,6335,7074,9121,9462],[4.270695952029551,2.849310271098391,4.270695952029551,2.6902455764687034,0.6753425559264385,5.523458920524919,3.914021008090819,0.691153161953081,0.6871770135734415,3.8187108282864943,4.137164559405029,3.383392757028649,4.830311739964974,0.691153161953081])",1.0
R093,"['listen', 'safe', 'spend', 'ready', 'full', 'pass', 'leg.', 'glass', 'month', 'tell', 'baby', 'ready', 'meet.', 'style', 'risk', 'all.', 'experts', 'discuss', 'ongoing', 'developments', 'election.']","(10000,[353,429,1238,1348,1535,1850,2347,3556,3614,4506,4687,5741,6557,6932,7642,8000,8392,8794,8897,9462],[4.607168188650764,4.019381523748645,5.523458920524919,3.8187108282864943,4.830311739964974,4.019381523748645,5.523458920524919,2.849310271098391,0.6753425559264385,0.691153161953081,0.6871770135734415,4.137164559405029,7.637421656572989,3.8187108282864943,4.019381523748645,3.914021008090819,4.42484663185681,3.914021008090819,4.270695952029551,0.691153161953081])",1.0
R131,"['car', 'certainly', 'structure', 'coach', 'compare.', 'experts', 'discuss', 'ongoing', 'developments', 'education.']","(10000,[673,2996,3514,3614,3674,4506,4570,4687,5047,9462],[4.137164559405029,3.577548771469606,4.607168188650764,0.6753425559264385,4.42484663185681,0.691153161953081,4.830311739964974,0.6871770135734415,2.7200985396183848,0.691153161953081])",1.0
F107,"['others', 'suffer', 'medical', 'board', 'significant', 'base.', 'long', 'factor', 'benefit.', 'exactly', 'pick', 'even', 'family', 'young', 'matter', 'magazine.', 'term', 'floor', 'kind', 'head', 'food', 'yard', 'blood.', '—', 'shocking', 'claims', 'flat', 'earth', 'surface', 'internet.']","(10000,[424,503,1064,1840,2096,2188,2402,2419,2918,4319,4349,5850,6044,6135,6406,6838,6940,7281,7372,7454,7809,7936,8268,8297,8338,8552,8653,8904,9561,9676],[4.270695952029551,0.691153161953081,3.914021008090819,4.830311739964974,3.8187108282864943,4.270695952029551,4.270695952029551,5.117993812416755,3.0385522707369192,3.2208738275308737,5.523458920524919,0.691153161953081,4.137164559405029,4.42484663185681,4.42484663185681,4.42484663185681,4.137164559405029,0.6871770135734415,4.270695952029551,3.6516567436233283,4.137164559405029,0.691153161953081,3.914021008090819,4.137164559405029,0.691153161953081,4.019381523748645,4.42484663185681,4.019381523748645,4.42484663185681,3.0385522707369192])",0.0
F153,"['building', 'son', 'staff', 'sign', 'decision', 'training', 'top.', 'room', 'develop', 'compare.', 'true', 'three', 'dark', 'less', 'animal', 'check', 'score.', '—', 'shocking', 'claims', 'hoax', 'surface', 'internet.']","(10000,[209,494,503,697,1195,1241,2193,3901,4377,4570,5850,5852,5925,6083,6224,6756,7188,7195,7281,7360,7538,7936,8338],[4.270695952029551,4.607168188650764,0.691153161953081,4.019381523748645,5.117993812416755,3.4440173788450834,4.270695952029551,4.270695952029551,2.60568818844064,4.830311739964974,0.691153161953081,4.270695952029551,4.607168188650764,4.607168188650764,4.137164559405029,3.5085558999826545,3.914021008090819,5.117993812416755,0.6871770135734415,4.270695952029551,4.270695952029551,0.691153161953081,0.691153161953081])",0.0
F091,"['argue', 'sort', 'trade', 'star', 'president', 'son', 'dark.', 'defense', 'imagine', 'since', 'five.', 'maybe', 'level', 'near', 'city.', '—', 'shocking', 'claims', 'flat', 'earth', 'surface', 'internet.']","(10000,[206,209,419,503,1306,1499,1776,2918,3543,3730,4818,5170,5301,5720,5850,5974,6287,6717,7281,7936,8338,9676],[5.523458920524919,4.270695952029551,4.42484663185681,0.691153161953081,3.914021008090819,4.270695952029551,4.607168188650764,3.0385522707369192,3.8187108282864943,4.137164559405029,4.42484663185681,4.019381523748645,4.137164559405029,4.830311739964974,0.691153161953081,3.577548771469606,3.914021008090819,4.830311739964974,0.6871770135734415,0.691153161953081,0.691153161953081,3.0385522707369192])",0.0
R246,"['wall', 'market', 'poor', 'door', 'beyond', 'stock.', 'feel', 'war', 'scientist', 'significant', 'bed', 'television', 'pick.', 'second', 'place', 'mention', 'coach', 'manage', 'must', 'economic.', 'experts', 'discuss', 'ongoing', 'developments', 'economic', 'growth.']","(10000,[1023,2007,2657,2907,3115,3514,3614,4506,4644,4687,4847,5344,6226,6390,6404,7883,8103,8552,8713,8719,8900,9034,9144,9256,9462,9497],[4.270695952029551,4.607168188650764,3.2721671219184243,4.42484663185681,4.270695952029551,4.607168188650764,0.6753425559264385,0.691153161953081,5.523458920524919,0.6871770135734415,3.914021008090819,4.830311739964974,5.117993812416755,4.607168188650764,4.137164559405029,4.137164559405029,4.270695952029551,4.019381523748645,5.523458920524919,4.137164559405029,4.137164559405029,2.8844015909096608,2.661258039595451,4.270695952029551,0.691153161953081,4.019381523748645])",1.0
F004,"['clear', 'employee', 'trial', 'sign.', 'break', 'never', 'voice.', 'including', 'treatment', 'attention', 'sure.', '—', 'shocking', 'claims', 'secret', 'cure', 'surface', 'internet.']","(10000,[217,281,503,668,1173,1611,3144,3410,3892,5850,6548,6747,7281,7334,7936,8015,8338,9414],[4.137164559405029,4.270695952029551,0.691153161953081,4.42484663185681,5.117993812416755,4.607168188650764,4.607168188650764,4.270695952029551,2.5530444549552183,0.691153161953081,4.830311739964974,2.5530444549552183,0.6871770135734415,4.137164559405029,0.691153161953081,4.137164559405029,0.691153161953081,5.523458920524919])",0.0
F220,"['clearly', 'leg', 'great', 'run', 'staff', 'risk.', 'keep', 'everything', 'decade', 'force.', '—', 'shocking', 'claims', 'celebrity', 'scandal', 'surface', 'internet.']","(10000,[266,503,750,3486,4921,5850,6030,6224,6290,6291,6711,7281,7936,8238,8338,9156,9594],[4.607168188650764,0.691153161953081,4.42484663185681,2.849310271098391,2.849310271098391,0.691153161953081,4.270695952029551,4.137164559405029,4.137164559405029,4.830311739964974,5.117993812416755,0.6871770135734415,0.691153161953081,4.019381523748645,0.691153161953081,3.7316994512968646,4.42484663185681])",0.0
F121,"['receive', 'third', 'open', 'structure', 'note', 'section', 'try.', 'cell', 'continue', 'measure', 'race', 'maybe.', 'someone', 'white', 'need', 'guess', 'sister.', '—', 'shocking', 'claims', 'hoax', 'surface', 'internet.']","(10000,[454,503,528,743,2664,2875,2996,3210,3671,3960,4377,4617,5783,5843,5850,6537,6968,7281,7936,8338,8660,8771,9909],[3.577548771469606,0.691153161953081,4.607168188650764,4.607168188650764,4.137164559405029,5.523458920524919,3.577548771469606,3.914021008090819,4.270695952029551,5.117993812416755,2.60568818844064,4.270695952029551,4.607168188650764,4.607168188650764,0.691153161953081,4.270695952029551,3.914021008090819,0.6871770135734415,0.691153161953081,0.691153161953081,4.270695952029551,4.270695952029551,4.270695952029551])",0.0
F245,"['five', 'partner', 'player', 'benefit', 'early', 'project.', 'however', 'well', 'whose', 'answer', 'generation', 'set.', '—', 'shocking', 'claims', 'mind', 'control', 'surface', 'internet.']","(10000,[116,157,503,911,1208,3184,3619,4092,5101,5653,5767,5850,5974,6604,6963,7281,7936,8338,9539],[4.137164559405029,4.607168188650764,0.691153161953081,4.42484663185681,2.7508701982851385,2.7508701982851385,4.42484663185681,4.019381523748645,5.117993812416755,4.137164559405029,5.117993812416755,0.691153161953081,3.577548771469606,4.137164559405029,4.607168188650764,0.6871770135734415,0.691153161953081,0.691153161953081,4.42484663185681])",0.0
R035,"['history', 'sense', 'painting', 'clear', 'sea', 'general', 'seek.', 'address', 'care', 'book', 'glass', 'law.', 'experts', 'discuss', 'ongoing', 'developments', 'climate', 'change.']","(10000,[393,821,1034,1611,2059,2922,3614,4454,4506,4687,5310,5447,5465,6543,6932,8538,9462,9617],[4.607168188650764,2.849310271098391,4.137164559405029,4.607168188650764,2.6902455764687034,4.830311739964974,0.6753425559264385,3.914021008090819,0.691153161953081,0.6871770135734415,4.137164559405029,4.137164559405029,4.42484663185681,4.019381523748645,3.8187108282864943,5.117993812416755,0.691153161953081,3.8187108282864943])",1.0
R024,"['defense', 'return', 'product.', 'still', 'accept', 'ever', 'throughout', 'focus.', 'experts', 'discuss', 'ongoing', 'developments', 'education.']","(10000,[635,2657,3543,3614,3712,4270,4506,4687,5047,5594,5948,8016,9462],[4.270695952029551,3.2721671219184243,3.8187108282864943,0.6753425559264385,4.42484663185681,4.607168188650764,0.691153161953081,0.6871770135734415,2.7200985396183848,4.019381523748645,4.019381523748645,5.117993812416755,0.691153161953081])",1.0
F079,"['style', 'author', 'simply', 'walk', 'key.', '—', 'shocking', 'claims', 'miracle', 'drug', 'surface', 'internet.']","(10000,[503,1256,1642,4657,5850,6142,7281,7860,7936,8000,8338,9350],[0.691153161953081,3.125563647726549,3.5085558999826545,4.830311739964974,0.691153161953081,4.137164559405029,0.6871770135734415,2.849310271098391,0.691153161953081,3.914021008090819,0.691153161953081,4.830311739964974])",0.0
R094,"['sit', 'important', 'process', 'bar', 'body', 'important.', 'establish', 'relationship', 'start', 'land.', 'experts', 'discuss', 'ongoing', 'developments', 'policy.']","(10000,[841,1967,2923,2996,3065,3614,4260,4506,4687,6944,6946,7332,8040,9123,9462],[4.607168188650764,3.7316994512968646,3.577548771469606,3.577548771469606,5.523458920524919,0.6753425559264385,4.137164559405029,0.691153161953081,0.6871770135734415,2.849310271098391,4.42484663185681,4.270695952029551,3.4440173788450834,4.830311739964974,0.691153161953081])",1.0
R040,"['artist', 'health', 'film', 'partner', 'play', 'religious.', 'price', 'official', 'next', 'military', 'never', 'catch.', 'experts', 'discuss', 'ongoing', 'developments', 'policy.']","(10000,[116,281,1738,2173,3614,4506,4687,5003,5877,6426,6944,8273,8444,8485,8805,8931,9462],[4.137164559405029,4.270695952029551,4.42484663185681,4.42484663185681,0.6753425559264385,0.691153161953081,0.6871770135734415,4.607168188650764,3.8187108282864943,4.830311739964974,2.849310271098391,3.8187108282864943,4.830311739964974,4.270695952029551,4.019381523748645,4.830311739964974,0.691153161953081])",1.0
F170,"['successful', 'next', 'night', 'medical', 'score.', 'end', 'control', 'book', 'trip.', '—', 'shocking', 'claims', 'immortal', 'jellyfish', 'surface', 'internet.']","(10000,[393,453,503,1208,2066,5659,5850,6865,6869,7195,7281,7936,8268,8273,8338,9876],[4.607168188650764,3.3262343431887,0.691153161953081,2.7508701982851385,2.7508701982851385,4.019381523748645,0.691153161953081,5.117993812416755,3.914021008090819,5.117993812416755,0.6871770135734415,0.691153161953081,3.914021008090819,3.8187108282864943,0.691153161953081,2.7508701982851385])",0.0
F130,"['pretty', 'firm', 'card', 'rich', 'notice', 'guess.', 'federal', 'early', 'police', 'particularly', 'market.', 'sing', 'worry', 'message', 'face', 'sport', 'great.', '—', 'shocking', 'claims', 'immortal', 'jellyfish', 'surface', 'internet.']","(10000,[503,633,1525,2066,2144,2715,3876,3919,4034,4092,5850,6212,6443,6451,6591,7255,7281,7936,8278,8338,8343,8353,8894,9876],[0.691153161953081,4.019381523748645,4.42484663185681,2.7508701982851385,4.42484663185681,4.270695952029551,4.137164559405029,4.830311739964974,4.137164559405029,4.019381523748645,0.691153161953081,3.914021008090819,3.7316994512968646,3.914021008090819,4.830311739964974,4.830311739964974,0.6871770135734415,0.691153161953081,4.607168188650764,0.691153161953081,4.42484663185681,3.7316994512968646,3.914021008090819,2.7508701982851385])",0.0
R085,"['consider', 'along', 'dream.', 'time', 'somebody', 'never', 'development', 'together', 'bar', 'author.', 'receive', 'need', 'space', 'building', 'but.', 'experts', 'discuss', 'ongoing', 'developments', 'economic', 'growth.']","(10000,[281,312,373,2430,2840,2871,3089,3614,4506,4617,4687,5852,6537,7332,8157,8312,8927,9034,9144,9188,9462],[4.270695952029551,4.019381523748645,5.523458920524919,5.117993812416755,3.914021008090819,4.42484663185681,4.42484663185681,0.6753425559264385,0.691153161953081,4.270695952029551,0.6871770135734415,4.270695952029551,4.270695952029551,4.270695952029551,3.914021008090819,4.270695952029551,5.523458920524919,2.8844015909096608,2.661258039595451,4.42484663185681,0.691153161953081])",1.0
R054,"['former', 'able', 'network', 'fire', 'environment.', 'tell', 'including', 'address', 'especially', 'campaign', 'across.', 'protect', 'finally', 'wear', 'organization.', 'main', 'gas', 'charge', 'argue', 'usually', 'ball', 'raise', 'put.', 'experts', 'discuss', 'ongoing', 'developments', 'budget', 'report.']","(10000,[1637,1817,1850,2990,3496,3527,3614,3730,4160,4454,4506,4687,4991,5089,5191,5432,5476,5607,5627,6581,6675,6812,7235,7334,7492,8173,8270,9152,9462],[4.42484663185681,4.137164559405029,4.019381523748645,4.270695952029551,4.607168188650764,4.42484663185681,0.6753425559264385,4.137164559405029,4.019381523748645,3.914021008090819,0.691153161953081,0.6871770135734415,2.579019941358479,3.6516567436233283,4.607168188650764,2.7508701982851385,5.523458920524919,4.830311739964974,4.607168188650764,3.7316994512968646,4.607168188650764,4.019381523748645,3.914021008090819,4.137164559405029,4.42484663185681,3.577548771469606,5.117993812416755,4.137164559405029,0.691153161953081])",1.0
R047,"['leg', 'practice', 'market', 'product.', 'performance', 'pm', 'rich', 'up.', 'experts', 'discuss', 'ongoing', 'developments', 'technology', 'breakthrough.']","(10000,[796,1020,2227,2657,3614,4270,4280,4506,4687,6212,6290,7026,9351,9462],[3.8187108282864943,2.579019941358479,2.7200985396183848,3.2721671219184243,0.6753425559264385,4.607168188650764,4.830311739964974,0.691153161953081,0.6871770135734415,3.914021008090819,4.137164559405029,4.270695952029551,4.607168188650764,0.691153161953081])",1.0
R199,"['position', 'rather', 'school', 'alone', 'thought.', 'several', 'crime', 'bank', 'box', 'child', 'manage.', 'experts', 'discuss', 'ongoing', 'developments', 'economic', 'growth.']","(10000,[731,1339,2483,2492,2679,2837,3614,4461,4506,4687,7244,7922,8982,9034,9144,9227,9462],[4.137164559405029,4.42484663185681,5.117993812416755,4.019381523748645,3.914021008090819,4.270695952029551,0.6753425559264385,5.523458920524919,0.691153161953081,0.6871770135734415,3.6516567436233283,3.8187108282864943,5.117993812416755,2.8844015909096608,2.661258039595451,4.830311739964974,0.691153161953081])",1.0
F062,"['minute', 'key', 'discover', 'second.', '—', 'shocking', 'claims', 'miracle', 'drug', 'surface', 'internet.']","(10000,[190,503,1256,3131,3357,4170,5850,7281,7860,7936,8338],[5.117993812416755,0.691153161953081,3.125563647726549,4.270695952029551,4.42484663185681,4.270695952029551,0.691153161953081,0.6871770135734415,2.849310271098391,0.691153161953081,0.691153161953081])",0.0
R244,"['important', 'film', 'often', 'maybe', 'six', 'easy', 'tend.', 'production', 'within', 'science', 'charge.', 'experts', 'discuss', 'ongoing', 'developments', 'technology', 'breakthrough.']","(10000,[7,760,1020,1967,2227,3363,3614,4506,4687,4722,4818,5003,5401,5797,8353,9462,9817],[4.270695952029551,4.42484663185681,2.579019941358479,3.7316994512968646,2.7200985396183848,4.019381523748645,0.6753425559264385,0.691153161953081,0.6871770135734415,5.117993812416755,4.42484663185681,4.607168188650764,4.137164559405029,5.523458920524919,3.7316994512968646,0.691153161953081,3.914021008090819])",1.0
R107,"['structure', 'set', 'leader', 'always', 'make', 'throw.', 'player', 'like', 'attorney.', 'continue', 'special', 'support', 'manager', 'sport.', 'experts', 'discuss', 'ongoing', 'developments', 'election.']","(10000,[743,1055,1526,1652,2111,2996,3330,3525,3556,3614,4102,4506,4687,5342,6604,8217,9011,9207,9462],[4.607168188650764,4.270695952029551,5.117993812416755,4.830311739964974,5.117993812416755,3.577548771469606,4.137164559405029,4.137164559405029,2.849310271098391,0.6753425559264385,5.117993812416755,0.691153161953081,0.6871770135734415,4.607168188650764,4.137164559405029,4.607168188650764,4.137164559405029,4.607168188650764,0.691153161953081])",1.0
F148,"['painting', 'local', 'hold', 'moment.', '—', 'shocking', 'claims', 'aliens', 'surface', 'internet.']","(10000,[228,503,650,1034,2389,4096,5850,7281,7936,8338],[4.42484663185681,0.691153161953081,2.958509563063383,4.137164559405029,4.42484663185681,5.523458920524919,0.691153161953081,0.6871770135734415,0.691153161953081,0.691153161953081])",0.0
F023,"['idea', 'war', 'itself.', 'left', 'style', 'open', 'list', 'behind.', '—', 'shocking', 'claims', 'mind', 'control', 'surface', 'internet.']","(10000,[503,1208,1662,2862,3184,5783,5850,5958,7281,7936,8000,8271,8338,8719,8728],[0.691153161953081,2.7508701982851385,4.270695952029551,5.117993812416755,2.7508701982851385,4.607168188650764,0.691153161953081,4.830311739964974,0.6871770135734415,0.691153161953081,3.914021008090819,4.830311739964974,0.691153161953081,4.137164559405029,3.4440173788450834])",0.0
R075,"['american', 'bed', 'major', 'however.', 'save', 'hundred', 'health', 'dog', 'old.', 'us', 'collection', 'student', 'radio', 'floor', 'appear.', 'experts', 'discuss', 'ongoing', 'developments', 'budget', 'report.']","(10000,[1058,1952,2812,3536,3614,4319,4506,4520,4687,4991,5175,5432,6660,7652,8209,8805,9086,9261,9462,9497,9564],[4.607168188650764,4.830311739964974,5.117993812416755,4.42484663185681,0.6753425559264385,3.2208738275308737,0.691153161953081,4.137164559405029,0.6871770135734415,2.579019941358479,4.42484663185681,2.7508701982851385,3.8187108282864943,4.137164559405029,4.019381523748645,4.019381523748645,4.830311739964974,4.830311739964974,0.691153161953081,4.019381523748645,4.270695952029551])",1.0
R220,"['wife', 'reason', 'guess', 'others.', 'yeah', 'lead', 'arrive', 'number.', 'yet', 'though', 'nor.', 'experts', 'discuss', 'ongoing', 'developments', 'public', 'health.']","(10000,[1770,2944,3021,3249,3385,3614,4037,4506,4673,4687,4702,5356,6219,7391,8439,8660,9462],[2.7826188965997183,4.019381523748645,3.914021008090819,3.3262343431887,4.270695952029551,0.6753425559264385,4.137164559405029,0.691153161953081,5.523458920524919,0.6871770135734415,4.830311739964974,4.019381523748645,3.172083663361442,3.914021008090819,5.117993812416755,4.270695952029551,0.691153161953081])",1.0
R099,"['sound', 'office', 'practice', 'agency', 'show', 'century.', 'especially', 'action', 'least', 'better', 'also', 'lot.', 'experts', 'discuss', 'ongoing', 'developments', 'economic', 'growth.']","(10000,[765,1634,2543,2788,3614,3792,4019,4280,4506,4687,6166,6633,8173,8344,8544,9034,9144,9462],[4.137164559405029,4.270695952029551,3.577548771469606,5.523458920524919,0.6753425559264385,3.8187108282864943,4.137164559405029,4.830311739964974,0.691153161953081,0.6871770135734415,4.270695952029551,4.42484663185681,3.577548771469606,4.270695952029551,5.523458920524919,2.8844015909096608,2.661258039595451,0.691153161953081])",1.0
F066,"['lawyer', 'find', 'main', 'appear', 'myself.', 'seem', 'direction', 'standard', 'key.', '—', 'shocking', 'claims', 'flat', 'earth', 'surface', 'internet.']","(10000,[503,1637,2588,2895,2918,2967,4657,5850,7281,7510,7936,8182,8338,8554,9021,9676],[0.691153161953081,4.42484663185681,4.607168188650764,4.830311739964974,3.0385522707369192,4.42484663185681,4.830311739964974,0.691153161953081,0.6871770135734415,4.270695952029551,0.691153161953081,4.137164559405029,0.691153161953081,4.830311739964974,4.607168188650764,3.0385522707369192])",0.0
F060,"['rich', 'recognize', 'technology', 'goal.', 'natural', 'cover', 'image', 'network', 'throw.', 'culture', 'choose', 'drop', 'suggest', 'they.', '—', 'shocking', 'claims', 'flat', 'earth', 'surface', 'internet.']","(10000,[503,935,1020,1777,2918,4988,5303,5850,6104,6212,7281,7816,7936,8171,8338,8577,8645,9152,9207,9676,9706],[0.691153161953081,4.607168188650764,2.579019941358479,5.523458920524919,3.0385522707369192,4.270695952029551,4.607168188650764,0.691153161953081,4.270695952029551,3.914021008090819,0.6871770135734415,4.270695952029551,0.691153161953081,4.019381523748645,0.691153161953081,3.8187108282864943,4.607168188650764,4.137164559405029,4.607168188650764,3.0385522707369192,4.607168188650764])",0.0
F022,"['letter', 'economy', 'brother', 'environment.', 'across', 'western', 'customer.', 'amount', 'send', 'practice', 'suddenly', 'speech', 'political', 'talk.', '—', 'shocking', 'claims', 'government', 'cover-up', 'surface', 'internet.']","(10000,[217,291,502,503,524,564,2259,3809,3935,4280,5089,5523,5850,6714,7074,7222,7281,7936,8338,8581,9813],[4.137164559405029,3.914021008090819,4.019381523748645,0.691153161953081,3.8187108282864943,4.607168188650764,2.849310271098391,4.830311739964974,3.6516567436233283,4.830311739964974,3.6516567436233283,4.42484663185681,0.691153161953081,4.607168188650764,3.383392757028649,4.137164559405029,0.6871770135734415,0.691153161953081,0.691153161953081,4.42484663185681,2.997730276216664])",0.0
F127,"['blue', 'operation', 'compare', 'point.', 'suggest', 'natural', 'smile', 'foreign', 'worry.', 'commercial', 'similar', 'put', 'movie', 'already', 'put', 'certain', 'scientist.', '—', 'shocking', 'claims', 'mind', 'control', 'surface', 'internet.']","(10000,[454,503,594,1208,1439,2713,3184,4988,5768,5850,5922,6206,6443,7046,7281,7816,7936,8338,8871,9166,9231,9246,9288],[3.577548771469606,0.691153161953081,4.42484663185681,2.7508701982851385,3.914021008090819,4.42484663185681,2.7508701982851385,4.270695952029551,3.914021008090819,0.691153161953081,4.270695952029551,3.7316994512968646,3.7316994512968646,4.270695952029551,0.6871770135734415,4.270695952029551,0.691153161953081,0.691153161953081,9.214336377301528,4.607168188650764,5.523458920524919,4.270695952029551,3.914021008090819])",0.0
R212,"['important', 'begin', 'three', 'crime.', 'agent', 'gun', 'girl', 'stage', 'task', 'nature', 'this.', 'nice', 'foot', 'determine.', 'experts', 'discuss', 'ongoing', 'developments', 'education.']","(10000,[30,278,1029,1513,1967,3370,3611,3614,4506,4687,4963,5016,5047,5925,7890,8313,8451,8512,9462],[4.607168188650764,4.607168188650764,4.270695952029551,4.42484663185681,3.7316994512968646,3.914021008090819,4.42484663185681,0.6753425559264385,0.691153161953081,0.6871770135734415,5.523458920524919,5.523458920524919,2.7200985396183848,4.607168188650764,4.607168188650764,4.270695952029551,4.270695952029551,5.117993812416755,0.691153161953081])",1.0
F119,"['help', 'summer', 'fight', 'where.', 'push', 'standard', 'month', 'note', 'nice.', '—', 'shocking', 'claims', 'mind', 'control', 'surface', 'internet.']","(10000,[503,1208,2526,2967,3184,4522,5741,5850,5978,7281,7936,8338,8780,9347,9481,9909],[0.691153161953081,2.7508701982851385,4.42484663185681,4.42484663185681,2.7508701982851385,5.117993812416755,4.137164559405029,0.691153161953081,3.577548771469606,0.6871770135734415,0.691153161953081,0.691153161953081,5.117993812416755,4.270695952029551,4.607168188650764,4.270695952029551])",0.0
F103,"['adult.', 'according', 'arm', 'day', 'somebody', 'citizen', 'view.', '—', 'shocking', 'claims', 'hoax', 'surface', 'internet.']","(10000,[8,503,3089,3984,4377,5850,5972,7281,7564,7904,7936,8338,9133],[4.270695952029551,0.691153161953081,4.42484663185681,4.019381523748645,2.60568818844064,0.691153161953081,5.523458920524919,0.6871770135734415,4.830311739964974,5.117993812416755,0.691153161953081,0.691153161953081,4.270695952029551])",0.0
F191,"['fire', 'forget', 'population', 'training', 'shoulder', 'population', 'gun.', 'difference', 'push', 'physical', 'drive', 'safe', 'election', 'yes.', 'contain', 'forget', 'identify', 'east', 'notice.', 'floor', 'stop', 'one', 'program', 'language', 'ten.', '—', 'shocking', 'claims', 'mind', 'control', 'surface', 'internet.']","(10000,[132,503,573,796,815,1208,1716,2601,3184,3967,4319,5191,5850,5978,6325,6576,6756,7146,7281,7366,7493,7538,7586,7642,7866,7936,8338,8649,9258,9415],[4.607168188650764,0.691153161953081,4.607168188650764,3.8187108282864943,4.607168188650764,2.7508701982851385,4.270695952029551,5.117993812416755,2.7508701982851385,3.8187108282864943,3.2208738275308737,4.607168188650764,0.691153161953081,3.577548771469606,3.8187108282864943,4.137164559405029,3.5085558999826545,9.214336377301528,0.6871770135734415,5.117993812416755,4.42484663185681,4.270695952029551,5.523458920524919,4.019381523748645,4.019381523748645,0.691153161953081,0.691153161953081,4.270695952029551,8.03876304749729,5.523458920524919])",0.0
F002,"['road', 'plan', 'hit', 'difference.', 'politics', 'read', 'event', 'type', 'east', 'building.', '—', 'shocking', 'claims', 'mind', 'control', 'surface', 'internet.']","(10000,[503,1208,2278,3184,3526,5725,5850,5887,6123,6576,7281,7650,7728,7936,8252,8338,8915],[0.691153161953081,2.7508701982851385,5.523458920524919,2.7508701982851385,4.607168188650764,3.914021008090819,0.691153161953081,3.914021008090819,4.42484663185681,4.137164559405029,0.6871770135734415,4.137164559405029,3.8187108282864943,0.691153161953081,4.270695952029551,0.691153161953081,4.830311739964974])",0.0
R155,"['head', 'happy', 'federal.', 'choose', 'south', 'couple', 'party.', 'science', 'glass', 'prove.', 'experts', 'discuss', 'ongoing', 'developments', 'election.']","(10000,[1064,2782,3363,3556,3614,4201,4506,4687,4816,5105,5347,6932,7702,9462,9706],[3.914021008090819,4.830311739964974,4.019381523748645,2.849310271098391,0.6753425559264385,5.523458920524919,0.691153161953081,0.6871770135734415,3.6516567436233283,5.117993812416755,4.137164559405029,3.8187108282864943,4.42484663185681,0.691153161953081,4.607168188650764])",1.0
R006,"['affect', 'score', 'next.', 'hear', 'per', 'blood', 'floor', 'thing.', 'experts', 'discuss', 'ongoing', 'developments', 'technology', 'breakthrough.']","(10000,[298,1020,1927,2227,2359,2735,3614,4319,4506,4687,4842,5844,6055,9462],[4.270695952029551,2.579019941358479,5.117993812416755,2.7200985396183848,5.117993812416755,5.523458920524919,0.6753425559264385,3.2208738275308737,0.691153161953081,0.6871770135734415,3.914021008090819,4.42484663185681,4.42484663185681,0.691153161953081])",1.0
F086,"['wife', 'rise', 'sport', 'name', 'tough.', 'thousand', 'wonder.', '—', 'shocking', 'claims', 'government', 'cover-up', 'surface', 'internet.']","(10000,[15,503,2259,3021,4816,5850,6798,7036,7281,7936,8278,8338,8509,9813],[4.019381523748645,0.691153161953081,2.849310271098391,3.914021008090819,3.6516567436233283,0.691153161953081,3.8187108282864943,5.117993812416755,0.6871770135734415,0.691153161953081,4.607168188650764,0.691153161953081,4.607168188650764,2.997730276216664])",0.0
R168,"['step', 'event', 'never', 'son', 'civil', 'without.', 'head', 'drive', 'style', 'skill', 'concern.', 'hold', 'record', 'treat', 'scientist', 'wonder.', 'experts', 'discuss', 'ongoing', 'developments', 'election.']","(10000,[209,281,593,1064,1558,2389,3556,3614,3804,4347,4506,4687,6226,6325,7728,8000,8509,8750,9462,9719,9968],[4.270695952029551,4.270695952029551,4.137164559405029,3.914021008090819,3.8187108282864943,4.42484663185681,2.849310271098391,0.6753425559264385,5.523458920524919,4.019381523748645,0.691153161953081,0.6871770135734415,5.117993812416755,3.8187108282864943,3.8187108282864943,3.914021008090819,4.607168188650764,4.607168188650764,0.691153161953081,5.117993812416755,4.830311739964974])",1.0
R077,"['work', 'speech', 'talk', 'save', 'particularly', 'let.', 'buy', 'congress', 'church', 'really', 'campaign.', 'color', 'ready', 'live', 'help', 'he.', 'experts', 'discuss', 'ongoing', 'developments', 'public', 'health.']","(10000,[80,493,502,1273,1770,3564,3614,4112,4506,4520,4687,5856,6219,6443,6557,8257,8728,8925,9347,9462,9527,9832],[4.42484663185681,4.607168188650764,4.019381523748645,3.7316994512968646,2.7826188965997183,5.523458920524919,0.6753425559264385,4.137164559405029,0.691153161953081,4.137164559405029,0.6871770135734415,5.117993812416755,3.172083663361442,3.7316994512968646,3.8187108282864943,5.117993812416755,3.4440173788450834,4.270695952029551,4.270695952029551,0.691153161953081,4.137164559405029,3.8187108282864943])",1.0
F209,"['easy', 'poor', 'hard', 'catch', 'vote', 'commercial.', 'life', 'loss', 'force', 'night.', 'cup', 'tv', 'board', 'plant', 'anyone', 'data.', '—', 'shocking', 'claims', 'hoax', 'surface', 'internet.']","(10000,[391,503,666,760,3059,3222,3477,4377,4547,4613,5125,5329,5850,6873,7244,7281,7454,7936,7949,8103,8338,9214],[4.270695952029551,0.691153161953081,4.270695952029551,4.42484663185681,4.137164559405029,5.523458920524919,4.137164559405029,2.60568818844064,3.914021008090819,4.830311739964974,4.019381523748645,4.42484663185681,0.691153161953081,5.523458920524919,3.6516567436233283,0.6871770135734415,3.6516567436233283,0.691153161953081,4.830311739964974,4.270695952029551,0.691153161953081,4.019381523748645])",0.0
R236,"['push', 'away', 'possible', 'community', 'food', 'magazine.', 'use', 'red', 'administration', 'station', 'record', 'better.', 'police', 'mission', 'next', 'professor', 'visit', 'international.', 'experts', 'discuss', 'ongoing', 'developments', 'public', 'health.']","(10000,[52,698,1770,2419,2543,2886,3614,3737,3876,4347,4506,4687,5133,5185,5978,6069,6100,6219,7078,8174,8273,8415,8653,9462],[4.42484663185681,4.019381523748645,2.7826188965997183,5.117993812416755,3.577548771469606,5.117993812416755,0.6753425559264385,4.270695952029551,4.137164559405029,4.019381523748645,0.691153161953081,0.6871770135734415,4.830311739964974,4.137164559405029,3.577548771469606,4.830311739964974,4.607168188650764,3.172083663361442,4.830311739964974,3.8187108282864943,3.8187108282864943,4.137164559405029,4.42484663185681,0.691153161953081])",1.0
F186,"['hot', 'collection', 'best', 'republican.', 'education', 'fast', 'many', 'section.', '—', 'shocking', 'claims', 'aliens', 'surface', 'internet.']","(10000,[503,650,763,1133,5188,5530,5850,5966,7281,7936,8209,8338,9263,9693],[0.691153161953081,2.958509563063383,4.019381523748645,5.117993812416755,3.914021008090819,3.914021008090819,0.691153161953081,4.830311739964974,0.6871770135734415,0.691153161953081,4.019381523748645,0.691153161953081,4.137164559405029,3.8187108282864943])",0.0
R243,"['best', 'drive', 'billion', 'enter', 'sure', 'still', 'condition.', 'moment', 'lead', 'success', 'great.', 'experts', 'discuss', 'ongoing', 'developments', 'public', 'health.']","(10000,[258,763,1770,1821,3401,3614,3712,4506,4687,5356,6219,6325,6591,7435,7723,9462,9828],[4.42484663185681,4.019381523748645,2.7826188965997183,4.137164559405029,4.270695952029551,0.6753425559264385,4.42484663185681,0.691153161953081,0.6871770135734415,4.019381523748645,3.172083663361442,3.8187108282864943,4.830311739964974,4.607168188650764,5.117993812416755,0.691153161953081,4.830311739964974])",1.0
F094,"['size', 'group', 'everybody', 'reason', 'officer', 'eight.', '—', 'shocking', 'claims', 'immortal', 'jellyfish', 'surface', 'internet.']","(10000,[460,503,696,2066,2561,2944,3192,5850,7281,7766,7936,8338,9876],[5.523458920524919,0.691153161953081,4.137164559405029,2.7508701982851385,3.8187108282864943,4.019381523748645,4.019381523748645,0.691153161953081,0.6871770135734415,4.607168188650764,0.691153161953081,0.691153161953081,2.7508701982851385])",0.0
R032,"['area', 'public', 'past', 'ball', 'material.', 'buy', 'series', 'growth', 'nothing.', 'democratic', 'pay', 'specific', 'put', 'wonder.', 'experts', 'discuss', 'ongoing', 'developments', 'economic', 'growth.']","(10000,[80,320,1770,2059,3614,4463,4506,4687,4897,5606,5616,5649,7492,8509,8661,8871,9034,9144,9275,9462],[4.42484663185681,4.019381523748645,2.7826188965997183,2.6902455764687034,0.6753425559264385,4.019381523748645,0.691153161953081,0.6871770135734415,4.019381523748645,4.137164559405029,4.830311739964974,4.42484663185681,4.42484663185681,4.607168188650764,5.523458920524919,4.607168188650764,2.8844015909096608,2.661258039595451,3.7316994512968646,0.691153161953081])",1.0
R033,"['sound', 'give', 'everybody', 'pass', 'toward', 'fear.', 'magazine', 'forward', 'cause', 'computer', 'benefit', 'like', 'hard', 'available.', 'experts', 'discuss', 'ongoing', 'developments', 'education.']","(10000,[316,2481,2561,3194,3330,3614,3783,4506,4687,5047,5125,5653,6166,7615,8151,8392,8411,8413,9462],[4.42484663185681,4.137164559405029,3.8187108282864943,4.270695952029551,4.137164559405029,0.6753425559264385,4.607168188650764,0.691153161953081,0.6871770135734415,2.7200985396183848,4.019381523748645,4.137164559405029,4.270695952029551,5.117993812416755,3.914021008090819,4.42484663185681,3.4440173788450834,3.8187108282864943,0.691153161953081])",1.0
R045,"['decision', 'must', 'reveal', 'down.', 'law', 'president', 'white.', 'experts', 'discuss', 'ongoing', 'developments', 'technology', 'breakthrough.']","(10000,[1020,1023,1306,1507,2193,2227,3614,3979,4506,4687,6877,9025,9462],[2.579019941358479,4.270695952029551,3.914021008090819,4.607168188650764,4.270695952029551,2.7200985396183848,0.6753425559264385,4.019381523748645,0.691153161953081,0.6871770135734415,5.117993812416755,4.830311739964974,0.691153161953081])",1.0
R116,"['soon', 'music', 'baby', 'push', 'through.', 'hour', 'fund', 'beat', 'budget.', 'say', 'class', 'write', 'detail', 'control', 'ago.', 'experts', 'discuss', 'ongoing', 'developments', 'education.']","(10000,[527,781,1041,1143,1208,1222,1348,2569,3614,4007,4506,4638,4687,5047,5445,5862,5978,6370,7939,9462],[4.830311739964974,4.607168188650764,4.019381523748645,4.830311739964974,2.7508701982851385,5.523458920524919,3.8187108282864943,4.607168188650764,0.6753425559264385,3.914021008090819,0.691153161953081,4.137164559405029,0.6871770135734415,2.7200985396183848,4.830311739964974,4.607168188650764,3.577548771469606,4.137164559405029,3.577548771469606,0.691153161953081])",1.0
F056,"['career', 'see', 'appear.', 'popular', 'face', 'wind', 'resource', 'build', 'especially.', 'wind', 'door', 'could.', 'fly', 'prepare', 'prevent.', '—', 'shocking', 'claims', 'celebrity', 'scandal', 'surface', 'internet.']","(10000,[503,1670,1770,1952,2286,2338,2558,3014,3486,4034,4847,4921,4930,5354,5850,5944,6148,7281,7876,7936,8338],[0.691153161953081,3.7316994512968646,2.7826188965997183,4.830311739964974,3.914021008090819,4.830311739964974,9.214336377301528,4.607168188650764,2.849310271098391,4.137164559405029,3.914021008090819,2.849310271098391,4.137164559405029,3.914021008090819,0.691153161953081,4.270695952029551,4.830311739964974,0.6871770135734415,5.117993812416755,0.691153161953081,0.691153161953081])",0.0
R043,"['necessary', 'keep', 'late', 'beat', 'environment.', 'federal', 'soldier', 'race', 'many', 'admit.', 'painting', 'page', 'last', 'meet', 'represent', 'loss.', 'experts', 'discuss', 'ongoing', 'developments', 'policy.']","(10000,[454,633,690,1034,2569,2827,3079,3614,3761,3989,4141,4506,4687,5089,5188,6944,7979,8717,9462,9594,9940],[3.577548771469606,4.019381523748645,5.523458920524919,4.137164559405029,4.607168188650764,4.42484663185681,4.830311739964974,0.6753425559264385,5.117993812416755,4.42484663185681,4.830311739964974,0.691153161953081,0.6871770135734415,3.6516567436233283,3.914021008090819,2.849310271098391,4.830311739964974,3.8187108282864943,0.691153161953081,4.42484663185681,4.607168188650764])",1.0
R145,"['crime', 'plant', 'law', 'house', 'which.', 'community', 'old', 'conference', 'treat', 'stay', 'partner', 'ever.', 'experts', 'discuss', 'ongoing', 'developments', 'economic', 'growth.']","(10000,[116,433,731,3614,3979,4506,4687,5657,5836,6315,7083,7244,8174,8404,8750,9034,9144,9462],[4.137164559405029,4.137164559405029,4.137164559405029,0.6753425559264385,4.019381523748645,0.691153161953081,0.6871770135734415,4.137164559405029,4.42484663185681,5.523458920524919,4.019381523748645,3.6516567436233283,3.8187108282864943,5.523458920524919,4.607168188650764,2.8844015909096608,2.661258039595451,0.691153161953081])",1.0
F200,"['represent', 'past', 'else', 'describe', 'create', 'mind.', 'film', 'between.', 'world', 'live', 'surface', 'travel', 'national.', '—', 'shocking', 'claims', 'secret', 'cure', 'surface', 'internet.']","(10000,[493,503,1404,3011,3892,5003,5034,5850,6747,6764,7085,7281,7682,7936,8338,8681,8717,9275,9360],[4.607168188650764,0.691153161953081,3.8187108282864943,4.607168188650764,2.5530444549552183,4.607168188650764,4.137164559405029,0.691153161953081,2.5530444549552183,4.830311739964974,4.270695952029551,1.374354027146883,4.830311739964974,0.691153161953081,0.691153161953081,4.607168188650764,3.8187108282864943,3.7316994512968646,3.8187108282864943])",0.0
F034,"['speech', 'wrong', 'create', 'cut.', 'member', 'probably', 'instead', 'talk', 'agree', 'financial', 'relationship.', 'know', 'theory', 'soldier', 'ago', 'ground.', 'always', 'power', 'hot', 'support', 'treatment', 'plant.', '—', 'shocking', 'claims', 'celebrity', 'scandal', 'surface', 'internet.']","(10000,[502,503,1320,1404,1468,1896,2297,3056,3486,4141,4527,4898,4921,5850,6512,6790,6925,7178,7281,7407,7779,7936,8015,8217,8338,8678,8925,9011,9693],[4.019381523748645,0.691153161953081,4.830311739964974,3.8187108282864943,4.270695952029551,3.8187108282864943,3.914021008090819,3.914021008090819,2.849310271098391,4.830311739964974,4.607168188650764,5.117993812416755,2.849310271098391,0.691153161953081,3.914021008090819,4.42484663185681,4.019381523748645,5.523458920524919,0.6871770135734415,5.117993812416755,3.7316994512968646,0.691153161953081,4.137164559405029,4.607168188650764,0.691153161953081,5.523458920524919,4.270695952029551,4.137164559405029,3.8187108282864943])",0.0
F149,"['public', 'near', 'simple', 'able', 'trial.', 'develop', 'appear.', 'ground', 'see', 'grow', 'record', 'machine.', '—', 'shocking', 'claims', 'secret', 'cure', 'surface', 'internet.']","(10000,[503,1241,1770,1902,1952,2404,2913,3032,3496,3892,4347,5354,5850,5974,6487,6747,7281,7936,8338],[0.691153161953081,3.4440173788450834,2.7826188965997183,5.523458920524919,4.830311739964974,4.607168188650764,3.577548771469606,4.270695952029551,4.607168188650764,2.5530444549552183,4.019381523748645,3.914021008090819,0.691153161953081,3.577548771469606,3.4440173788450834,2.5530444549552183,0.6871770135734415,0.691153161953081,0.691153161953081])",0.0
F051,"['democrat', 'occur', 'network', 'term.', '—', 'shocking', 'claims', 'secret', 'cure', 'surface', 'internet.']","(10000,[503,1921,3892,5234,5850,6533,6747,7281,7936,8338,9152],[0.691153161953081,4.830311739964974,2.5530444549552183,4.607168188650764,0.691153161953081,5.523458920524919,2.5530444549552183,0.6871770135734415,0.691153161953081,0.691153161953081,4.137164559405029])",0.0
F089,"['hotel', 'sister', 'western', 'care', 'structure.', 'decision', 'describe', 'nature', 'window', 'window', 'occur.', 'name', 'cut', 'accept', 'together', 'inside.', '—', 'shocking', 'claims', 'flat', 'earth', 'surface', 'internet.']","(10000,[15,503,524,1206,2193,2403,2516,2657,2663,2918,3521,3611,5310,5392,5465,5850,7085,7281,7936,8312,8338,9676],[4.019381523748645,0.691153161953081,3.8187108282864943,4.830311739964974,4.270695952029551,8.274329118810059,5.523458920524919,3.2721671219184243,4.42484663185681,3.0385522707369192,4.607168188650764,4.42484663185681,4.137164559405029,5.523458920524919,4.42484663185681,0.691153161953081,4.270695952029551,0.6871770135734415,0.691153161953081,4.270695952029551,0.691153161953081,3.0385522707369192])",0.0
F135,"['school', 'table', 'great', 'give.', 'boy', 'have.', 'system', 'stage', 'reality', 'practice.', 'official', 'dream', 'allow', 'cold', 'else', 'allow.', '—', 'shocking', 'claims', 'flat', 'earth', 'surface', 'internet.']","(10000,[30,157,503,680,750,2366,2679,2918,3567,3920,3931,3996,4835,4882,5034,5850,7281,7601,7936,8338,8485,8759,9676],[4.607168188650764,4.607168188650764,0.691153161953081,3.914021008090819,4.42484663185681,4.019381523748645,3.914021008090819,3.0385522707369192,5.117993812416755,4.137164559405029,4.019381523748645,4.607168188650764,5.523458920524919,5.117993812416755,4.137164559405029,0.691153161953081,0.6871770135734415,4.42484663185681,0.691153161953081,0.691153161953081,4.270695952029551,5.117993812416755,3.0385522707369192])",0.0
F088,"['face', 'degree', 'tell', 'list', 'next', 'everybody', 'represent.', 'expect', 'provide', 'job', 'actually', 'manage', 'someone', 'chair.', 'manage', 'million', 'chance', 'unit', 'school', 'tonight', 'authority.', '—', 'shocking', 'claims', 'government', 'cover-up', 'surface', 'internet.']","(10000,[346,503,557,1584,1850,2006,2259,2561,2679,3389,3538,3671,3691,4034,5850,5946,6335,6447,7281,7883,7936,8273,8338,8651,8728,9813,9943],[5.117993812416755,0.691153161953081,4.607168188650764,5.117993812416755,4.019381523748645,4.830311739964974,2.849310271098391,3.8187108282864943,3.914021008090819,4.607168188650764,5.117993812416755,4.270695952029551,5.117993812416755,4.137164559405029,0.691153161953081,4.42484663185681,4.137164559405029,4.607168188650764,0.6871770135734415,8.274329118810059,0.691153161953081,3.8187108282864943,0.691153161953081,4.42484663185681,3.4440173788450834,2.997730276216664,3.7316994512968646])",0.0
R010,"['lot', 'low', 'majority', 'throw', 'interest', 'dark.', 'control', 'next', 'heavy.', 'experts', 'discuss', 'ongoing', 'developments', 'election.']","(10000,[70,1208,1411,3556,3614,4506,4687,4943,6717,8273,8325,8411,9244,9462],[4.019381523748645,2.7508701982851385,4.830311739964974,2.849310271098391,0.6753425559264385,0.691153161953081,0.6871770135734415,4.137164559405029,4.830311739964974,3.8187108282864943,4.137164559405029,3.4440173788450834,4.270695952029551,0.691153161953081])",1.0
R211,"['wish', 'goal', 'professor', 'own.', 'hot', 'despite', 'data', 'call', 'term', 'big', 'process.', 'take', 'enough', 'growth', 'stuff', 'arrive', 'several.', 'experts', 'discuss', 'ongoing', 'developments', 'policy.']","(10000,[74,320,495,855,1301,1695,2188,2543,3048,3614,4506,4687,4748,5089,5146,6944,7391,7722,7813,8077,9462,9693],[5.523458920524919,4.019381523748645,4.137164559405029,5.117993812416755,4.270695952029551,4.42484663185681,4.270695952029551,3.577548771469606,5.117993812416755,0.6753425559264385,0.691153161953081,0.6871770135734415,4.42484663185681,3.6516567436233283,4.42484663185681,2.849310271098391,3.914021008090819,4.42484663185681,5.523458920524919,5.523458920524919,0.691153161953081,3.8187108282864943])",1.0
F204,"['administration', 'article', 'return', 'marriage.', 'read', 'inside', 'civil.', 'wide', 'past', 'prevent', 'entire.', '—', 'shocking', 'claims', 'miracle', 'drug', 'surface', 'internet.']","(10000,[503,635,656,1256,1344,1702,2836,3252,4464,5185,5850,7281,7650,7860,7936,8338,9066,9275],[0.691153161953081,4.270695952029551,5.117993812416755,3.125563647726549,5.523458920524919,4.42484663185681,4.137164559405029,4.270695952029551,5.117993812416755,4.137164559405029,0.691153161953081,0.6871770135734415,4.137164559405029,2.849310271098391,0.691153161953081,0.691153161953081,4.42484663185681,3.7316994512968646])",0.0
F168,"['director', 'cold', 'threat', 'commercial', 'than.', 'case', 'successful', 'audience', 'federal', 'move', 'woman.', 'tough', 'activity', 'wear', 'hard', 'international', 'human', 'perhaps.', '—', 'shocking', 'claims', 'miracle', 'drug', 'surface', 'internet.']","(10000,[188,503,633,1256,1278,1312,1822,1853,3920,5125,5441,5447,5659,5850,6282,6342,6443,6581,7281,7860,7936,8070,8110,8303,8338],[4.019381523748645,0.691153161953081,4.019381523748645,3.125563647726549,5.523458920524919,4.42484663185681,5.117993812416755,4.019381523748645,4.137164559405029,4.019381523748645,4.830311739964974,4.137164559405029,4.019381523748645,0.691153161953081,4.607168188650764,3.8187108282864943,3.7316994512968646,3.7316994512968646,0.6871770135734415,2.849310271098391,0.691153161953081,4.42484663185681,3.914021008090819,4.137164559405029,0.691153161953081])",0.0
R011,"['cell', 'across', 'offer', 'factor.', 'quite', 'time', 'season.', 'worker', 'specific', 'work', 'push', 'baby', 'church.', 'experts', 'discuss', 'ongoing', 'developments', 'public', 'health.']","(10000,[1348,1770,2059,2676,2958,3210,3614,4506,4687,5416,5978,6056,6219,7074,7140,8094,8157,9462,9527],[3.8187108282864943,2.7826188965997183,2.6902455764687034,4.137164559405029,4.019381523748645,3.914021008090819,0.6753425559264385,0.691153161953081,0.6871770135734415,5.117993812416755,3.577548771469606,3.8187108282864943,3.172083663361442,3.383392757028649,5.523458920524919,4.137164559405029,3.914021008090819,0.691153161953081,4.137164559405029])",1.0
R232,"['yeah', 'yes', 'consumer', 'force', 'operation', 'establish', 'person.', 'decide', 'team', 'billion', 'area', 'attention', 'exist', 'goal.', 'experts', 'discuss', 'ongoing', 'developments', 'climate', 'change.']","(10000,[258,391,468,821,935,1750,2059,2923,3144,3249,3614,4506,4687,5044,5649,5922,6602,8293,9462,9475],[4.42484663185681,4.270695952029551,4.607168188650764,2.849310271098391,4.607168188650764,4.830311739964974,2.6902455764687034,3.577548771469606,4.607168188650764,3.3262343431887,0.6753425559264385,0.691153161953081,0.6871770135734415,4.019381523748645,4.42484663185681,4.270695952029551,4.137164559405029,4.830311739964974,0.691153161953081,3.914021008090819])",1.0
R042,"['class', 'sit', 'drop', 'drive', 'respond', 'rest.', 'likely', 'space.', 'experts', 'discuss', 'ongoing', 'developments', 'public', 'health.']","(10000,[309,1098,1770,2500,2989,3614,4007,4506,4687,6219,6325,6946,8577,9462],[4.270695952029551,4.42484663185681,2.7826188965997183,3.7316994512968646,5.117993812416755,0.6753425559264385,3.914021008090819,0.691153161953081,0.6871770135734415,3.172083663361442,3.8187108282864943,4.42484663185681,3.8187108282864943,0.691153161953081])",1.0
F182,"['degree', 'identify', 'large', 'energy.', 'yeah', 'happen', 'pattern', 'see', 'claim.', '—', 'shocking', 'claims', 'hoax', 'surface', 'internet.']","(10000,[503,617,1876,3249,3967,4377,4704,5354,5779,5850,7022,7281,7936,8338,9943],[0.691153161953081,4.607168188650764,5.117993812416755,3.3262343431887,3.8187108282864943,2.60568818844064,4.270695952029551,3.914021008090819,4.830311739964974,0.691153161953081,4.270695952029551,0.6871770135734415,0.691153161953081,0.691153161953081,3.7316994512968646])",0.0
F036,"['important', 'field', 'development', 'director', 'dream.', 'south', 'recognize', 'road.', '—', 'shocking', 'claims', 'miracle', 'drug', 'surface', 'internet.']","(10000,[503,1256,1831,1853,1967,2430,2871,4816,5850,7074,7281,7860,7936,8171,8338],[0.691153161953081,3.125563647726549,5.117993812416755,4.019381523748645,3.7316994512968646,5.117993812416755,4.42484663185681,3.6516567436233283,0.691153161953081,3.383392757028649,0.6871770135734415,2.849310271098391,0.691153161953081,4.019381523748645,0.691153161953081])",0.0
F068,"['simply', 'establish', 'language', 'long', 'require', 'ago.', 'color', 'let', 'argue', 'myself.', 'end', 'plan', 'article.', '—', 'shocking', 'claims', 'secret', 'cure', 'surface', 'internet.']","(10000,[453,503,1642,1716,2895,2923,3730,3892,5850,6123,6340,6747,7281,7936,7939,8267,8338,8449,8904,9832],[3.3262343431887,0.691153161953081,3.5085558999826545,4.270695952029551,4.830311739964974,3.577548771469606,4.137164559405029,2.5530444549552183,0.691153161953081,4.42484663185681,4.830311739964974,2.5530444549552183,0.6871770135734415,0.691153161953081,3.577548771469606,4.607168188650764,0.691153161953081,4.42484663185681,4.019381523748645,3.8187108282864943])",0.0
R015,"['newspaper', 'notice', 'worker', 'eat', 'cell', 'soon', 'heavy.', 'rather', 'church', 'hear', 'return', 'get', 'miss', 'improve.', 'player', 'appear', 'half', 'report', 'base.', 'experts', 'discuss', 'ongoing', 'developments', 'election.']","(10000,[635,1041,1071,1273,1411,1525,1780,2676,2837,3210,3238,3556,3614,4506,4687,4842,5564,6505,6604,6838,7276,8182,9426,9462],[4.270695952029551,4.019381523748645,4.270695952029551,3.7316994512968646,4.830311739964974,4.42484663185681,4.42484663185681,4.137164559405029,4.270695952029551,3.914021008090819,4.137164559405029,2.849310271098391,0.6753425559264385,0.691153161953081,0.6871770135734415,3.914021008090819,5.117993812416755,4.270695952029551,4.137164559405029,4.42484663185681,3.8187108282864943,4.137164559405029,4.42484663185681,0.691153161953081])",1.0
R147,"['sound', 'education', 'whether', 'eye.', 'sport', 'middle', 'hot', 'democrat.', 'experts', 'discuss', 'ongoing', 'developments', 'climate', 'change.']","(10000,[821,2059,2600,3406,3614,4506,4687,5530,6166,8278,9462,9693,9878,9924],[2.849310271098391,2.6902455764687034,5.523458920524919,4.270695952029551,0.6753425559264385,0.691153161953081,0.6871770135734415,3.914021008090819,4.270695952029551,4.607168188650764,0.691153161953081,3.8187108282864943,4.42484663185681,5.117993812416755])",1.0
F198,"['involve', 'possible', 'oil', 'science', 'conference.', 'son', 'college', 'prevent', 'blue', 'dream', 'learn', 'event', 'where.', '—', 'shocking', 'claims', 'government', 'cover-up', 'surface', 'internet.']","(10000,[209,503,1898,2259,2366,3252,3363,4522,5768,5850,5967,6035,6100,6271,7281,7728,7936,8057,8338,9813],[4.270695952029551,0.691153161953081,4.830311739964974,2.849310271098391,4.019381523748645,4.270695952029551,4.019381523748645,5.117993812416755,3.914021008090819,0.691153161953081,4.607168188650764,3.383392757028649,4.607168188650764,4.42484663185681,0.6871770135734415,3.8187108282864943,0.691153161953081,3.7316994512968646,0.691153161953081,2.997730276216664])",0.0
R081,"['value', 'audience', 'water', 'note', 'vote', 'house.', 'experts', 'discuss', 'ongoing', 'developments', 'climate', 'change.']","(10000,[821,1312,2059,2589,3614,3756,4506,4687,7403,9214,9462,9909],[2.849310271098391,4.42484663185681,2.6902455764687034,4.137164559405029,0.6753425559264385,4.019381523748645,0.691153161953081,0.6871770135734415,4.830311739964974,4.019381523748645,0.691153161953081,4.270695952029551])",1.0
F050,"['none', 'former', 'address', 'water.', 'simple', 'government', 'message', 'hear.', 'inside', 'account', 'although', 'test', 'hard', 'factor', 'million.', '—', 'shocking', 'claims', 'aliens', 'surface', 'internet.']","(10000,[286,503,650,2259,2715,2913,3973,4160,4454,5125,5850,6586,7281,7724,7779,7936,8338,9066,9187,9561,9831],[4.830311739964974,0.691153161953081,2.958509563063383,2.849310271098391,4.270695952029551,3.577548771469606,4.830311739964974,4.019381523748645,3.914021008090819,4.019381523748645,0.691153161953081,4.42484663185681,0.6871770135734415,5.523458920524919,3.7316994512968646,0.691153161953081,0.691153161953081,4.42484663185681,4.270695952029551,4.42484663185681,4.42484663185681])",0.0
F162,"['eat', 'cover', 'authority', 'father', 'full', 'sing.', 'card', 'season', 'establish', 'imagine.', 'number', 'glass', 'computer', 'difficult', 'agree.', '—', 'shocking', 'claims', 'celebrity', 'scandal', 'surface', 'internet.']","(10000,[503,1176,1712,1800,2144,2358,2923,3486,4066,4921,5850,6104,6521,6932,7276,7281,7936,8151,8338,8519,8897,9026],[0.691153161953081,4.137164559405029,4.019381523748645,3.577548771469606,4.42484663185681,4.607168188650764,3.577548771469606,2.849310271098391,5.117993812416755,2.849310271098391,0.691153161953081,4.270695952029551,4.830311739964974,3.8187108282864943,3.8187108282864943,0.6871770135734415,0.691153161953081,3.914021008090819,0.691153161953081,3.8187108282864943,4.270695952029551,5.523458920524919])",0.0
R028,"['reason', 'investment', 'create', 'although', 'statement.', 'dark', 'identify', 'miss', 'later', 'kitchen.', 'candidate', 'market', 'bag', 'theory.', 'experts', 'discuss', 'ongoing', 'developments', 'technology', 'breakthrough.']","(10000,[415,560,697,1020,1071,1404,1562,1951,2227,2657,2944,3548,3614,3967,4358,4506,4687,6477,7779,9462],[4.270695952029551,4.42484663185681,4.019381523748645,2.579019941358479,4.270695952029551,3.8187108282864943,4.830311739964974,5.523458920524919,2.7200985396183848,3.2721671219184243,4.019381523748645,5.117993812416755,0.6753425559264385,3.8187108282864943,4.42484663185681,0.691153161953081,0.6871770135734415,5.523458920524919,3.7316994512968646,0.691153161953081])",1.0
R195,"['color', 'show', 'long', 'choice', 'personal.', 'degree', 'think', 'share', 'recent', 'study', 'friend', 'find.', 'end', 'approach', 'song', 'character', 'act', 'personal', 'respond', 'three.', 'experts', 'discuss', 'ongoing', 'developments', 'budget', 'report.']","(10000,[453,488,2335,2500,3095,3614,3947,4019,4224,4404,4506,4687,4867,4991,5432,5591,6053,6710,6928,7350,7359,7939,8904,9462,9832,9943],[3.3262343431887,4.42484663185681,3.8187108282864943,3.7316994512968646,4.137164559405029,0.6753425559264385,4.42484663185681,4.137164559405029,5.117993812416755,5.523458920524919,0.691153161953081,0.6871770135734415,4.607168188650764,2.579019941358479,2.7508701982851385,5.117993812416755,3.7316994512968646,5.117993812416755,4.270695952029551,3.914021008090819,5.117993812416755,3.577548771469606,4.019381523748645,0.691153161953081,3.8187108282864943,3.7316994512968646])",1.0
F116,"['pm', 'room', 'consider', 'low', 'ago', 'force', 'energy.', 'air', 'rich', 'war', 'early.', '—', 'shocking', 'claims', 'aliens', 'surface', 'internet.']","(10000,[88,312,391,494,503,650,1896,3753,5779,5850,6212,7026,7281,7936,8338,8411,8719],[4.270695952029551,4.019381523748645,4.270695952029551,4.607168188650764,0.691153161953081,2.958509563063383,3.8187108282864943,5.523458920524919,4.830311739964974,0.691153161953081,3.914021008090819,4.270695952029551,0.6871770135734415,0.691153161953081,0.691153161953081,3.4440173788450834,4.137164559405029])",0.0
R018,"['require', 'let', 'issue', 'discuss', 'ready', 'then.', 'wrong', 'stand', 'care.', 'experts', 'discuss', 'ongoing', 'developments', 'research.']","(10000,[3614,4506,4687,5379,5390,6512,6557,6616,6886,7066,8267,8449,9462],[1.350685111852877,0.691153161953081,0.6871770135734415,5.117993812416755,5.523458920524919,3.914021008090819,3.8187108282864943,4.42484663185681,4.830311739964974,2.849310271098391,4.607168188650764,4.42484663185681,0.691153161953081])",1.0
F073,"['war', 'sound', 'debate', 'bill', 'teacher.', 'customer', 'assume', 'change', 'anyone', 'once.', 'citizen', 'movement', 'central', 'past', 'simply', 'citizen', 'reveal.', 'drug', 'try', 'fund', 'mention.', '—', 'shocking', 'claims', 'immortal', 'jellyfish', 'surface', 'internet.']","(10000,[8,387,503,666,1073,1413,1642,2006,2066,2664,4638,4693,5294,5500,5850,6166,7281,7860,7936,8135,8276,8338,8692,8719,8928,9275,9876],[8.541391904059102,4.42484663185681,0.691153161953081,4.270695952029551,4.42484663185681,3.8187108282864943,3.5085558999826545,4.830311739964974,2.7508701982851385,4.137164559405029,4.137164559405029,4.270695952029551,4.607168188650764,5.117993812416755,0.691153161953081,4.270695952029551,0.6871770135734415,2.849310271098391,0.691153161953081,4.270695952029551,4.830311739964974,0.691153161953081,4.830311739964974,4.137164559405029,3.914021008090819,3.7316994512968646,2.7508701982851385])",0.0
F059,"['product', 'produce', 'international', 'traditional', 'draw', 'suddenly.', 'style', 'west', 'instead.', '—', 'shocking', 'claims', 'miracle', 'drug', 'surface', 'internet.']","(10000,[188,447,503,1256,1648,1955,2041,4486,5085,5850,7281,7860,7936,8000,8167,8338],[4.019381523748645,4.607168188650764,0.691153161953081,3.125563647726549,4.137164559405029,5.117993812416755,5.117993812416755,4.830311739964974,3.914021008090819,0.691153161953081,0.6871770135734415,2.849310271098391,0.691153161953081,3.914021008090819,4.607168188650764,0.691153161953081])",0.0
R078,"['year', 'machine', 'public', 'police', 'program', 'throw.', 'real', 'manager', 'impact.', 'experts', 'discuss', 'ongoing', 'developments', 'budget', 'report.']","(10000,[573,1652,1770,3614,3876,4506,4687,4991,5324,5432,8040,8899,9207,9462,9691],[4.607168188650764,4.830311739964974,2.7826188965997183,0.6753425559264385,4.137164559405029,0.691153161953081,0.6871770135734415,2.579019941358479,5.117993812416755,2.7508701982851385,3.4440173788450834,4.270695952029551,4.607168188650764,0.691153161953081,4.137164559405029])",1.0
F216,"['second', 'tend', 'back', 'group', 'dinner', 'physical.', 'much', 'seek', 'place.', 'newspaper', 'born', 'mention', 'investment', 'leg', 'information', 'arrive', 'treatment.', '—', 'shocking', 'claims', 'secret', 'cure', 'surface', 'internet.']","(10000,[171,503,524,1116,1562,1810,2240,2907,3143,3238,3892,4131,5850,6290,6747,7281,7391,7766,7936,8190,8338,8430,9256,9545],[4.270695952029551,0.691153161953081,3.8187108282864943,5.117993812416755,4.830311739964974,4.137164559405029,4.019381523748645,4.42484663185681,5.523458920524919,4.137164559405029,2.5530444549552183,5.523458920524919,0.691153161953081,4.137164559405029,2.5530444549552183,0.6871770135734415,3.914021008090819,4.607168188650764,0.691153161953081,4.607168188650764,0.691153161953081,4.607168188650764,4.270695952029551,4.607168188650764])",0.0
F206,"['certainly', 'view', 'visit', 'statement', 'be.', 'score', 'east', 'play', 'upon', 'space.', 'majority', 'offer', 'the.', '—', 'shocking', 'claims', 'celebrity', 'scandal', 'surface', 'internet.']","(10000,[503,673,698,1098,1927,2173,2260,2958,3486,4921,5850,6562,6576,6735,7281,7293,7936,8338,9244,9817],[0.691153161953081,4.137164559405029,4.019381523748645,4.42484663185681,5.117993812416755,4.42484663185681,4.830311739964974,4.019381523748645,2.849310271098391,2.849310271098391,0.691153161953081,4.830311739964974,4.137164559405029,4.137164559405029,0.6871770135734415,4.270695952029551,0.691153161953081,0.691153161953081,4.270695952029551,3.914021008090819])",0.0
R036,"['box', 'public', 'many', 'agency', 'relate', 'street', 'staff', 'first.', 'agency', 'worker', 'beyond', 'every', 'thousand', 'animal.', 'experts', 'discuss', 'ongoing', 'developments', 'research.']","(10000,[765,988,1770,2676,3614,3684,3756,4506,4687,5188,6224,6798,7066,7721,7922,8900,9462,9681],[8.274329118810059,4.270695952029551,2.7826188965997183,4.137164559405029,0.6753425559264385,4.137164559405029,4.019381523748645,0.691153161953081,0.6871770135734415,3.914021008090819,4.137164559405029,3.8187108282864943,2.849310271098391,3.914021008090819,3.8187108282864943,4.137164559405029,0.691153161953081,4.42484663185681])",1.0
F104,"['safe', 'important', 'phone', 'toward', 'involve', 'hear.', 'building', 'fish', 'run', 'cell.', '—', 'shocking', 'claims', 'aliens', 'surface', 'internet.']","(10000,[266,286,503,650,1376,1626,1967,3194,5850,5852,6271,7281,7642,7936,8338,8549],[4.607168188650764,4.830311739964974,0.691153161953081,2.958509563063383,4.42484663185681,4.137164559405029,3.7316994512968646,4.270695952029551,0.691153161953081,4.270695952029551,4.42484663185681,0.6871770135734415,4.019381523748645,0.691153161953081,0.691153161953081,5.117993812416755])",0.0
F000,"['act', 'center', 'respond', 'second.', 'camera', 'vote', 'mention', 'director', 'around', 'article', 'us', 'challenge.', '—', 'shocking', 'claims', 'hoax', 'surface', 'internet.']","(10000,[190,503,1480,1650,1702,1853,2500,2907,4377,5850,6197,6660,6928,7281,7936,8172,8338,9214],[5.117993812416755,0.691153161953081,4.137164559405029,5.523458920524919,4.42484663185681,4.019381523748645,3.7316994512968646,4.42484663185681,2.60568818844064,0.691153161953081,4.270695952029551,3.8187108282864943,4.270695952029551,0.6871770135734415,0.691153161953081,5.523458920524919,0.691153161953081,4.019381523748645])",0.0
R136,"['million', 'require', 'situation', 'statement', 'indicate.', 'experts', 'discuss', 'ongoing', 'developments', 'education.']","(10000,[3136,3614,4506,4528,4687,5047,8449,8651,9462,9817],[4.42484663185681,0.6753425559264385,0.691153161953081,5.523458920524919,0.6871770135734415,2.7200985396183848,4.42484663185681,4.42484663185681,0.691153161953081,3.914021008090819])",1.0
F019,"['wear', 'science', 'serve', 'law', 'young', 'science.', 'ok', 'exist', 'already', 'run', 'event', 'drug', 'air.', 'protect', 'likely', 'marriage', 'eye', 'treatment', 'soldier.', '—', 'shocking', 'claims', 'immortal', 'jellyfish', 'surface', 'internet.']","(10000,[266,309,503,594,939,1341,1725,1918,2066,2645,3334,3363,3979,5850,6229,6581,6602,7235,7281,7728,7809,7860,7936,8015,8338,9876],[4.607168188650764,4.270695952029551,0.691153161953081,4.42484663185681,5.523458920524919,3.914021008090819,4.42484663185681,5.117993812416755,2.7508701982851385,3.6516567436233283,4.830311739964974,4.019381523748645,4.019381523748645,0.691153161953081,4.42484663185681,3.7316994512968646,4.137164559405029,3.914021008090819,0.6871770135734415,3.8187108282864943,4.137164559405029,2.849310271098391,0.691153161953081,4.137164559405029,0.691153161953081,2.7508701982851385])",0.0
R012,"['four', 'resource', 'work', 'kitchen', 'step', 'according.', 'opportunity', 'determine.', 'democratic', 'technology', 'education', 'add', 'congress.', 'experts', 'discuss', 'ongoing', 'developments', 'technology', 'breakthrough.']","(10000,[756,1020,1243,1558,1670,2227,2513,3614,4506,4687,5530,5606,6976,8512,9462,9527,9887,9907],[4.830311739964974,5.158039882716958,4.270695952029551,3.8187108282864943,3.7316994512968646,2.7200985396183848,4.830311739964974,0.6753425559264385,0.691153161953081,0.6871770135734415,3.914021008090819,4.137164559405029,4.830311739964974,5.117993812416755,0.691153161953081,4.137164559405029,4.830311739964974,5.117993812416755])",1.0
R052,"['left', 'college', 'thank', 'city', 'show', 'although.', 'foreign', 'number', 'opportunity.', 'experts', 'discuss', 'ongoing', 'developments', 'education.']","(10000,[1662,1687,3614,4019,4506,4533,4687,5047,5495,6206,6852,8057,8519,9462],[4.270695952029551,4.137164559405029,0.6753425559264385,4.137164559405029,0.691153161953081,4.830311739964974,0.6871770135734415,2.7200985396183848,4.270695952029551,3.7316994512968646,5.523458920524919,3.7316994512968646,3.8187108282864943,0.691153161953081])",1.0
R123,"['something', 'six', 'site', 'education', 'become', 'do.', 'authority', 'dream', 'wind', 'finally', 'culture.', 'however', 'pattern', 'box', 'various', 'imagine', 'necessary.', 'experts', 'discuss', 'ongoing', 'developments', 'climate', 'change.']","(10000,[617,821,911,1107,1176,1817,1862,2059,2366,2558,3614,4506,4687,5301,5401,5530,5703,5891,6647,7090,7922,9462,9826],[4.607168188650764,2.849310271098391,4.42484663185681,5.523458920524919,4.137164559405029,4.137164559405029,4.607168188650764,2.6902455764687034,4.019381523748645,4.607168188650764,0.6753425559264385,0.691153161953081,0.6871770135734415,4.137164559405029,4.137164559405029,3.914021008090819,5.117993812416755,4.607168188650764,4.137164559405029,4.270695952029551,3.8187108282864943,0.691153161953081,4.830311739964974])",1.0
F040,"['return', 'population', 'shoulder', 'current', 'surface.', 'material', 'minute', 'happen', 'federal.', '—', 'shocking', 'claims', 'government', 'cover-up', 'surface', 'internet.']","(10000,[503,635,2259,2782,3231,3357,4704,5417,5850,6756,7281,7936,8338,9189,9258,9813],[0.691153161953081,4.270695952029551,2.849310271098391,4.830311739964974,3.577548771469606,4.42484663185681,4.270695952029551,5.523458920524919,0.691153161953081,3.5085558999826545,0.6871770135734415,0.691153161953081,0.691153161953081,4.270695952029551,4.019381523748645,2.997730276216664])",0.0
R160,"['experience', 'forward', 'quickly.', 'owner', 'data', 'think', 'upon', 'kind.', 'arm', 'large', 'education', 'difference.', 'experts', 'discuss', 'ongoing', 'developments', 'climate', 'change.']","(10000,[821,1695,2059,2335,2784,3614,3635,3818,3984,4506,4687,5530,6053,6735,7022,8411,8915,9462],[2.849310271098391,4.42484663185681,2.6902455764687034,3.8187108282864943,4.830311739964974,0.6753425559264385,4.019381523748645,5.523458920524919,4.019381523748645,0.691153161953081,0.6871770135734415,3.914021008090819,3.7316994512968646,4.137164559405029,4.270695952029551,3.4440173788450834,4.830311739964974,0.691153161953081])",1.0
F067,"['room', 'difficult', 'sense', 'green', 'become', 'foot.', 'market', 'case', 'life', 'perhaps', 'include', 'page.', '—', 'shocking', 'claims', 'immortal', 'jellyfish', 'surface', 'internet.']","(10000,[494,503,551,1259,1712,2041,2066,2657,2953,3477,3813,5447,5850,6342,7090,7281,7936,8338,9876],[4.607168188650764,0.691153161953081,4.42484663185681,4.137164559405029,4.019381523748645,5.117993812416755,2.7508701982851385,3.2721671219184243,4.019381523748645,4.137164559405029,4.830311739964974,4.137164559405029,0.691153161953081,3.8187108282864943,4.270695952029551,0.6871770135734415,0.691153161953081,0.691153161953081,2.7508701982851385])",0.0
R069,"['political', 'rest', 'spend.', 'experts', 'discuss', 'ongoing', 'developments', 'research.']","(10000,[2708,3614,3935,4506,4516,4687,7066,9462],[3.914021008090819,0.6753425559264385,3.6516567436233283,0.691153161953081,5.117993812416755,0.6871770135734415,2.849310271098391,0.691153161953081])",1.0
F160,"['system', 'also', 'activity.', 'word', 'trouble', 'mind', 'concern', 'whom.', 'risk', 'cause', 'step', 'necessary', 'lead', 'hair.', '—', 'shocking', 'claims', 'mind', 'control', 'surface', 'internet.']","(10000,[316,503,735,1208,1558,1968,2909,3184,3519,3792,3996,5212,5356,5850,7281,7417,7936,7979,8338,8794],[4.42484663185681,0.691153161953081,3.8187108282864943,2.7508701982851385,3.8187108282864943,4.830311739964974,4.42484663185681,5.501740396570277,4.42484663185681,3.8187108282864943,4.607168188650764,5.117993812416755,4.019381523748645,0.691153161953081,0.6871770135734415,5.523458920524919,0.691153161953081,4.830311739964974,0.691153161953081,3.914021008090819])",0.0
F053,"['material', 'stock', 'still', 'section', 'accept', 'few.', 'environmental', 'order', 'among', 'generation', 'church.', 'land', 'protect', 'eat.', '—', 'shocking', 'claims', 'hoax', 'surface', 'internet.']","(10000,[503,682,793,1226,2406,2657,3231,3712,4377,5850,6027,6963,6968,7148,7235,7281,7362,7936,8094,8338],[0.691153161953081,5.117993812416755,4.830311739964974,4.42484663185681,5.117993812416755,3.2721671219184243,3.577548771469606,4.42484663185681,2.60568818844064,0.691153161953081,4.607168188650764,4.607168188650764,3.914021008090819,4.830311739964974,3.914021008090819,0.6871770135734415,4.019381523748645,0.691153161953081,4.137164559405029,0.691153161953081])",0.0
R074,"['century', 'decade', 'level', 'wall.', 'anything', 'option', 'listen', 'treatment', 'probably', 'program', 'late', 'letter.', 'experts', 'discuss', 'ongoing', 'developments', 'education.']","(10000,[429,573,1499,2114,2297,3072,3079,3614,4300,4506,4687,5047,6030,7841,8015,9462,9613],[4.019381523748645,4.607168188650764,4.270695952029551,4.42484663185681,3.914021008090819,4.42484663185681,4.830311739964974,0.6753425559264385,5.523458920524919,0.691153161953081,0.6871770135734415,2.7200985396183848,4.270695952029551,4.42484663185681,4.137164559405029,0.691153161953081,4.270695952029551])",1.0
R007,"['mouth', 'begin', 'fear', 'specific.', 'suffer', 'end', 'apply', 'each.', 'experts', 'discuss', 'ongoing', 'developments', 'election.']","(10000,[264,453,1513,3556,3614,4506,4687,6021,6135,7312,7497,9462,9513],[5.523458920524919,3.3262343431887,4.42484663185681,2.849310271098391,0.6753425559264385,0.691153161953081,0.6871770135734415,4.270695952029551,4.42484663185681,4.607168188650764,4.137164559405029,0.691153161953081,4.42484663185681])",1.0
R119,"['enough', 'protect', 'finally', 'kid', 'onto.', 'family', 'pm', 'eye', 'strategy', 'wait', 'form.', 'soon', 'resource', 'science', 'look', 'similar.', 'experts', 'discuss', 'ongoing', 'developments', 'climate', 'change.']","(10000,[821,1041,1341,1670,1776,1817,2059,2291,3363,3614,3723,4249,4506,4687,4748,5477,5683,7026,7235,8297,9462,9939],[2.849310271098391,4.019381523748645,3.914021008090819,3.7316994512968646,4.607168188650764,4.137164559405029,2.6902455764687034,4.830311739964974,4.019381523748645,0.6753425559264385,4.830311739964974,5.117993812416755,0.691153161953081,0.6871770135734415,4.42484663185681,4.42484663185681,5.117993812416755,4.270695952029551,3.914021008090819,4.137164559405029,0.691153161953081,4.137164559405029])",1.0
R087,"['stay', 'however', 'class', 'our.', 'sing', 'sort', 'father', 'effort', 'heavy', 'true', 'phone.', 'experts', 'discuss', 'ongoing', 'developments', 'budget', 'report.']","(10000,[433,911,1800,3614,4007,4506,4687,4991,5432,5720,5726,6451,7188,8949,9109,9462,9621],[4.137164559405029,4.42484663185681,3.577548771469606,0.6753425559264385,3.914021008090819,0.691153161953081,0.6871770135734415,2.579019941358479,2.7508701982851385,4.830311739964974,4.270695952029551,3.914021008090819,3.914021008090819,4.270695952029551,5.523458920524919,0.691153161953081,5.523458920524919])",1.0
F145,"['marriage', 'recent', 'end', 'picture', 'or.', 'year', 'nothing', 'certain', 'rather', 'country.', 'moment', 'everything', 'wrong', 'four.', '—', 'shocking', 'claims', 'miracle', 'drug', 'surface', 'internet.']","(10000,[453,503,1256,2481,2837,3401,4292,5591,5850,6229,6512,7281,7860,7936,7960,8338,8899,9062,9156,9288,9718],[3.3262343431887,0.691153161953081,3.125563647726549,4.137164559405029,4.270695952029551,4.270695952029551,3.8187108282864943,5.117993812416755,0.691153161953081,4.42484663185681,3.914021008090819,0.6871770135734415,2.849310271098391,0.691153161953081,5.117993812416755,0.691153161953081,4.270695952029551,5.523458920524919,3.7316994512968646,3.914021008090819,5.117993812416755])",0.0
R065,"['hope', 'discussion', 'must', 'drop', 'price', 'with.', 'head', 'soon', 'tv', 'side.', 'still', 'local', 'father', 'often', 'keep.', 'experts', 'discuss', 'ongoing', 'developments', 'budget', 'report.']","(10000,[7,228,1023,1041,1064,1738,1800,3614,3712,3924,4506,4547,4687,4991,5315,5432,6000,7640,8577,9462,9767],[4.270695952029551,4.42484663185681,4.270695952029551,4.019381523748645,3.914021008090819,4.42484663185681,3.577548771469606,0.6753425559264385,4.42484663185681,5.117993812416755,0.691153161953081,3.914021008090819,0.6871770135734415,2.579019941358479,4.607168188650764,2.7508701982851385,4.42484663185681,5.117993812416755,3.8187108282864943,0.691153161953081,5.523458920524919])",1.0
R208,"['provide', 'character', 'join', 'different.', 'pressure', 'throughout', 'expect', 'interview', 'guy', 'popular.', 'production', 'meet', 'race', 'begin.', 'experts', 'discuss', 'ongoing', 'developments', 'budget', 'report.']","(10000,[94,454,3409,3614,3691,4506,4687,4867,4991,5432,5661,5946,5948,6035,7274,7786,8353,8952,9462,9940],[4.270695952029551,3.577548771469606,4.607168188650764,0.6753425559264385,5.117993812416755,0.691153161953081,0.6871770135734415,4.607168188650764,2.579019941358479,2.7508701982851385,4.607168188650764,4.42484663185681,4.019381523748645,3.383392757028649,5.523458920524919,5.523458920524919,3.7316994512968646,4.42484663185681,0.691153161953081,4.607168188650764])",1.0
R048,"['result', 'mind', 'collection', 'person', 'fact', 'yeah', 'attack.', 'trade', 'throughout', 'name', 'poor.', 'break', 'small', 'plan', 'five.', 'experts', 'discuss', 'ongoing', 'developments', 'budget', 'report.']","(10000,[15,222,399,419,668,1776,2613,3184,3249,3614,3643,4506,4687,4991,5432,5948,6123,7215,8209,9462],[4.019381523748645,4.607168188650764,4.137164559405029,4.42484663185681,4.42484663185681,4.607168188650764,5.523458920524919,2.7508701982851385,6.6524686863774,0.6753425559264385,5.523458920524919,0.691153161953081,0.6871770135734415,2.579019941358479,2.7508701982851385,4.019381523748645,4.42484663185681,3.914021008090819,4.019381523748645,0.691153161953081])",1.0
F076,"['certain', 'travel', 'various', 'member.', 'owner', 'star', 'old', 'executive.', '—', 'shocking', 'claims', 'aliens', 'surface', 'internet.']","(10000,[503,650,751,2403,5170,5850,6053,6647,7083,7281,7936,8338,8681,9288],[0.691153161953081,2.958509563063383,5.523458920524919,4.137164559405029,4.019381523748645,0.691153161953081,3.7316994512968646,4.137164559405029,4.019381523748645,0.6871770135734415,0.691153161953081,0.691153161953081,4.607168188650764,3.914021008090819])",0.0
R019,"['paper', 'receive', 'wear', 'assume', 'interview.', 'full', 'current', 'allow.', 'experts', 'discuss', 'ongoing', 'developments', 'policy.']","(10000,[2664,3614,4506,4617,4687,5138,6581,6944,7601,8690,8897,9189,9462],[4.137164559405029,0.6753425559264385,0.691153161953081,4.270695952029551,0.6871770135734415,4.42484663185681,3.7316994512968646,2.849310271098391,4.42484663185681,4.42484663185681,4.270695952029551,4.270695952029551,0.691153161953081])",1.0
F115,"['thought', 'medical', 'mother', 'media', 'quite', 'measure', 'age.', 'term', 'move', 'finish', 'many', 'way', 'result', 'professor.', 'nothing', 'friend', 'hospital', 'film', 'seem.', '—', 'shocking', 'claims', 'immortal', 'jellyfish', 'surface', 'internet.']","(10000,[55,354,399,488,503,528,1209,2066,2188,3180,4262,4292,4502,4930,5003,5188,5850,6056,6282,6578,7281,7936,8268,8338,9391,9876],[4.42484663185681,4.42484663185681,4.137164559405029,4.42484663185681,0.691153161953081,4.607168188650764,4.42484663185681,2.7508701982851385,4.270695952029551,5.523458920524919,5.523458920524919,3.8187108282864943,5.117993812416755,4.137164559405029,4.607168188650764,3.914021008090819,0.691153161953081,3.8187108282864943,4.607168188650764,4.830311739964974,0.6871770135734415,0.691153161953081,3.914021008090819,0.691153161953081,4.270695952029551,2.7508701982851385])",0.0
R031,"['trial', 'dinner', 'news', 'between.', 'fact', 'window', 'front', 'follow.', 'experts', 'discuss', 'ongoing', 'developments', 'education.']","(10000,[504,2240,2403,2433,3011,3410,3614,4506,4687,5047,7215,7870,9462],[4.830311739964974,4.019381523748645,4.137164559405029,5.117993812416755,4.607168188650764,4.270695952029551,0.6753425559264385,0.691153161953081,0.6871770135734415,2.7200985396183848,3.914021008090819,5.523458920524919,0.691153161953081])",1.0
R190,"['onto', 'prepare', 'type', 'idea', 'receive.', 'keep', 'republican', 'measure', 'think', 'human', 'despite', 'choice.', 'particular', 'thank', 'quality', 'none', 'cultural.', 'experts', 'discuss', 'ongoing', 'developments', 'research.']","(10000,[528,779,1301,1687,2286,2335,2687,3506,3526,3614,4319,4506,4616,4687,5958,7066,8303,8471,8984,9462,9594,9831],[4.607168188650764,5.117993812416755,4.270695952029551,4.137164559405029,3.914021008090819,3.8187108282864943,5.523458920524919,4.607168188650764,4.607168188650764,0.6753425559264385,3.2208738275308737,0.691153161953081,4.270695952029551,0.6871770135734415,4.830311739964974,2.849310271098391,4.137164559405029,5.117993812416755,4.607168188650764,0.691153161953081,4.42484663185681,4.42484663185681])",1.0
F057,"['ever', 'first', 'summer', 'magazine', 'focus.', 'operation', 'low', 'newspaper', 'bring', 'three', 'it.', 'miss', 'decade', 'foreign', 'behind', 'material', 'left.', '—', 'shocking', 'claims', 'mind', 'control', 'surface', 'internet.']","(10000,[503,1071,1208,3057,3184,3231,3238,4346,5134,5594,5850,5922,5925,6030,6206,6403,7281,7805,7936,8016,8338,8411,8413,9481],[0.691153161953081,4.270695952029551,2.7508701982851385,4.42484663185681,2.7508701982851385,3.577548771469606,4.137164559405029,4.830311739964974,5.117993812416755,4.019381523748645,0.691153161953081,4.270695952029551,4.607168188650764,4.270695952029551,3.7316994512968646,4.607168188650764,0.6871770135734415,5.117993812416755,0.691153161953081,5.117993812416755,0.691153161953081,3.4440173788450834,3.8187108282864943,4.607168188650764])",0.0
F158,"['vote', 'best', 'drop', 'government', 'democrat', 'happy', 'model.', 'make', 'consider', 'color', 'scientist.', 'simply', 'class', 'painting', 'fly', 'body', 'themselves.', '—', 'shocking', 'claims', 'immortal', 'jellyfish', 'surface', 'internet.']","(10000,[312,503,763,841,1034,1642,2066,2259,3525,4007,5234,5347,5850,5853,5944,7281,7936,8338,8577,9156,9166,9214,9832,9876],[4.019381523748645,0.691153161953081,4.019381523748645,4.607168188650764,4.137164559405029,3.5085558999826545,2.7508701982851385,2.849310271098391,4.137164559405029,3.914021008090819,4.607168188650764,4.137164559405029,0.691153161953081,5.523458920524919,4.270695952029551,0.6871770135734415,0.691153161953081,0.691153161953081,3.8187108282864943,3.7316994512968646,4.607168188650764,4.019381523748645,3.8187108282864943,2.7508701982851385])",0.0
F234,"['build', 'goal', 'reality', 'stop.', 'south', 'firm', 'actually', 'level', 'serve', 'ready.', '—', 'shocking', 'claims', 'flat', 'earth', 'surface', 'internet.']","(10000,[503,680,1499,1725,2918,3014,3978,4816,5089,5850,6447,6917,7281,7936,8338,8894,9676],[0.691153161953081,3.914021008090819,4.270695952029551,4.42484663185681,3.0385522707369192,4.607168188650764,5.523458920524919,3.6516567436233283,3.6516567436233283,0.691153161953081,4.607168188650764,4.830311739964974,0.6871770135734415,0.691153161953081,0.691153161953081,3.914021008090819,3.0385522707369192])",0.0
F155,"['center', 'activity', 'energy.', 'act', 'white', 'art', 'per', 'environment.', 'much', 'peace', 'act', 'statement', 'part', 'fly', 'deal.', '—', 'shocking', 'claims', 'flat', 'earth', 'surface', 'internet.']","(10000,[298,503,524,1480,2918,5089,5779,5843,5850,5944,6697,6928,7281,7854,7936,8110,8338,8740,9470,9676,9817],[4.270695952029551,0.691153161953081,3.8187108282864943,4.137164559405029,3.0385522707369192,3.6516567436233283,4.830311739964974,4.607168188650764,0.691153161953081,4.270695952029551,4.137164559405029,8.541391904059102,0.6871770135734415,4.270695952029551,0.691153161953081,3.914021008090819,0.691153161953081,5.117993812416755,5.117993812416755,3.0385522707369192,3.914021008090819])",0.0
F106,"['skin', 'throughout', 'member', 'nature', 'director.', 'together', 'party', 'project', 'certainly.', 'administration', 'movement', 'policy', 'item.', '—', 'shocking', 'claims', 'flat', 'earth', 'surface', 'internet.']","(10000,[503,1379,2230,2918,3611,4142,5185,5294,5833,5850,5948,6790,7019,7281,7299,7936,8312,8338,8408,9676],[0.691153161953081,4.270695952029551,4.830311739964974,3.0385522707369192,4.42484663185681,4.019381523748645,4.137164559405029,4.607168188650764,3.8187108282864943,0.691153161953081,4.019381523748645,4.42484663185681,5.523458920524919,0.6871770135734415,5.523458920524919,0.691153161953081,4.270695952029551,0.691153161953081,4.607168188650764,3.0385522707369192])",0.0
R051,"['high', 'determine', 'heavy', 'alone', 'account.', 'experts', 'discuss', 'ongoing', 'developments', 'policy.']","(10000,[2116,2492,3614,4506,4687,6944,7734,8949,9211,9462],[4.42484663185681,4.019381523748645,0.6753425559264385,0.691153161953081,0.6871770135734415,2.849310271098391,4.607168188650764,4.270695952029551,5.117993812416755,0.691153161953081])",1.0
R203,"['field', 'one', 'ago', 'billion', 'window.', 'republican', 'month.', 'check', 'need', 'exactly', 'audience', 'fill.', 'experts', 'discuss', 'ongoing', 'developments', 'education.']","(10000,[258,453,619,815,1312,1481,1896,2096,3614,3901,4506,4616,4687,5047,6537,7074,9462],[4.42484663185681,3.3262343431887,4.830311739964974,4.607168188650764,4.42484663185681,5.523458920524919,3.8187108282864943,3.8187108282864943,0.6753425559264385,4.270695952029551,0.691153161953081,4.270695952029551,0.6871770135734415,2.7200985396183848,4.270695952029551,3.383392757028649,0.691153161953081])",1.0
F063,"['baby', 'action', 'candidate', 'draw', 'true', 'community', 'wish.', 'knowledge', 'teach', 'cause', 'cell', 'test', 'thousand.', '—', 'shocking', 'claims', 'secret', 'cure', 'surface', 'internet.']","(10000,[316,503,812,1348,3210,3892,4358,5850,6444,6586,6633,6747,7188,7281,7864,7936,8167,8174,8338,8522],[4.42484663185681,0.691153161953081,5.117993812416755,3.8187108282864943,3.914021008090819,2.5530444549552183,4.42484663185681,0.691153161953081,4.830311739964974,4.42484663185681,4.42484663185681,2.5530444549552183,3.914021008090819,0.6871770135734415,4.270695952029551,0.691153161953081,4.607168188650764,3.8187108282864943,0.691153161953081,4.830311739964974])",0.0
R080,"['treat', 'around', 'onto', 'sure', 'long.', 'explain', 'crime', 'citizen', 'left', 'service.', 'become', 'information', 'plant', 'actually', 'standard', 'easy.', 'experts', 'discuss', 'ongoing', 'developments', 'policy.']","(10000,[8,273,731,1662,1821,2967,3614,4175,4221,4319,4506,4687,5341,6197,6447,6944,7090,7244,8190,8750,9462],[4.270695952029551,5.523458920524919,4.137164559405029,4.270695952029551,4.137164559405029,4.42484663185681,0.6753425559264385,4.830311739964974,4.830311739964974,3.2208738275308737,0.691153161953081,0.6871770135734415,3.7316994512968646,4.270695952029551,4.607168188650764,2.849310271098391,4.270695952029551,3.6516567436233283,4.607168188650764,4.607168188650764,0.691153161953081])",1.0
R226,"['name', 'population', 'born', 'institution', 'dinner', 'build', 'human.', 'affect', 'affect', 'risk', 'respond', 'teacher', 'range', 'as.', 'similar', 'first', 'number', 'compare.', 'experts', 'discuss', 'ongoing', 'developments', 'public', 'health.']","(10000,[15,165,1770,2240,2500,3014,3243,3614,4506,4570,4687,6035,6055,6219,6403,7046,8391,8519,8708,8794,9258,9462,9545],[4.019381523748645,4.137164559405029,2.7826188965997183,4.019381523748645,3.7316994512968646,4.607168188650764,5.117993812416755,0.6753425559264385,0.691153161953081,4.830311739964974,0.6871770135734415,3.383392757028649,8.84969326371362,3.172083663361442,4.607168188650764,4.270695952029551,4.830311739964974,3.8187108282864943,3.914021008090819,3.914021008090819,4.019381523748645,0.691153161953081,4.607168188650764])",1.0
F144,"['learn', 'far', 'fill', 'money', 'also.', 'drop', 'adult', 'owner', 'assume', 'story.', '—', 'shocking', 'claims', 'hoax', 'surface', 'internet.']","(10000,[72,503,2664,4158,4377,5850,5967,6053,6103,6624,7281,7936,8121,8338,8577,9727],[3.7316994512968646,0.691153161953081,4.137164559405029,4.137164559405029,2.60568818844064,0.691153161953081,4.607168188650764,3.7316994512968646,4.42484663185681,5.117993812416755,0.6871770135734415,0.691153161953081,4.42484663185681,0.691153161953081,3.8187108282864943,4.42484663185681])",0.0
F241,"['safe', 'sea', 'republican', 'coach', 'face', 'western.', 'fear', 'maybe', 'conference', 'dream', 'town', 'sometimes', 'name.', '—', 'shocking', 'claims', 'flat', 'earth', 'surface', 'internet.']","(10000,[503,2366,2918,3497,3514,4034,4616,4715,4818,5657,5850,5869,7281,7642,7936,8338,8919,9513,9617,9676],[0.691153161953081,4.019381523748645,3.0385522707369192,4.019381523748645,4.607168188650764,4.137164559405029,4.270695952029551,3.914021008090819,4.42484663185681,4.137164559405029,0.691153161953081,4.019381523748645,0.6871770135734415,4.019381523748645,0.691153161953081,0.691153161953081,5.523458920524919,4.42484663185681,3.8187108282864943,3.0385522707369192])",0.0
R150,"['fact', 'throughout', 'address', 'paper', 'natural', 'cause.', 'knowledge', 'reflect', 'bring', 'relationship', 'start', 'democratic.', 'affect', 'give', 'church.', 'remain', 'pull', 'black.', 'experts', 'discuss', 'ongoing', 'developments', 'election.']","(10000,[2611,2996,3057,3556,3614,3783,4214,4260,4454,4506,4687,4988,5205,5321,5948,6055,6597,7070,7215,7864,8094,8690,9462],[5.523458920524919,3.577548771469606,4.42484663185681,2.849310271098391,0.6753425559264385,4.607168188650764,5.117993812416755,4.137164559405029,3.914021008090819,0.691153161953081,0.6871770135734415,4.270695952029551,4.42484663185681,4.137164559405029,4.019381523748645,4.42484663185681,4.137164559405029,4.830311739964974,3.914021008090819,4.270695952029551,4.137164559405029,4.42484663185681,0.691153161953081])",1.0
R153,"['certain', 'clearly', 'enjoy', 'throughout.', 'save', 'important', 'consider', 'knowledge', 'wrong', 'quickly', 'interest.', 'yard', 'everybody', 'position', 'already', 'prepare', 'floor', 'drive.', 'experts', 'discuss', 'ongoing', 'developments', 'research.']","(10000,[312,424,594,1339,1511,1805,1967,2286,2561,2622,3391,3614,4319,4506,4520,4687,6512,7066,7864,8238,9288,9391,9462],[4.019381523748645,4.270695952029551,4.42484663185681,4.42484663185681,5.117993812416755,4.830311739964974,3.7316994512968646,3.914021008090819,3.8187108282864943,4.830311739964974,5.117993812416755,0.6753425559264385,3.2208738275308737,0.691153161953081,4.137164559405029,0.6871770135734415,3.914021008090819,2.849310271098391,4.270695952029551,4.019381523748645,3.914021008090819,4.270695952029551,0.691153161953081])",1.0
F175,"['people', 'win', 'gas.', 'compare', 'behind', 'century', 'physical', 'individual.', '—', 'shocking', 'claims', 'hoax', 'surface', 'internet.']","(10000,[503,2398,3188,4263,4346,4377,5850,7281,7841,7936,8338,8649,9246,9544],[0.691153161953081,4.137164559405029,5.523458920524919,4.607168188650764,4.830311739964974,2.60568818844064,0.691153161953081,0.6871770135734415,4.42484663185681,0.691153161953081,0.691153161953081,4.270695952029551,4.270695952029551,5.117993812416755])",0.0
F161,"['population', 'deep', 'condition.', 'result', 'base', 'ever', 'politics', 'key', 'job', 'write.', 'many', 'nation', 'way', 'gun', 'such.', '—', 'shocking', 'claims', 'immortal', 'jellyfish', 'surface', 'internet.']","(10000,[399,503,557,1762,2066,3131,3629,4014,5188,5594,5850,5887,7281,7723,7936,8173,8313,8338,9258,9391,9593,9876],[4.137164559405029,0.691153161953081,4.607168188650764,4.42484663185681,2.7508701982851385,4.270695952029551,5.523458920524919,4.270695952029551,3.914021008090819,4.019381523748645,0.691153161953081,3.914021008090819,0.6871770135734415,5.117993812416755,0.691153161953081,3.577548771469606,4.270695952029551,0.691153161953081,4.019381523748645,4.270695952029551,5.117993812416755,2.7508701982851385])",0.0
F147,"['respond', 'popular', 'cost', 'near', 'account', 'consumer', 'high.', 'minute', 'high', 'federal', 'piece', 'cultural', 'example', 'citizen', 'get.', '—', 'shocking', 'claims', 'secret', 'cure', 'surface', 'internet.']","(10000,[8,503,633,2116,2147,2500,3133,3357,3892,4490,5850,5974,6148,6747,7281,7936,8094,8338,9187,9233,9475,9606],[4.270695952029551,0.691153161953081,4.019381523748645,4.42484663185681,5.523458920524919,3.7316994512968646,4.607168188650764,4.42484663185681,2.5530444549552183,4.42484663185681,0.691153161953081,3.577548771469606,4.830311739964974,2.5530444549552183,0.6871770135734415,0.691153161953081,4.137164559405029,0.691153161953081,4.270695952029551,4.270695952029551,3.914021008090819,5.117993812416755])",0.0
F018,"['order', 'care', 'edge', 'represent', 'model.', 'value', 'cut.', 'page', 'either', 'science', 'beautiful.', '—', 'shocking', 'claims', 'secret', 'cure', 'surface', 'internet.']","(10000,[503,870,1226,2827,3363,3892,3921,4898,5310,5850,6747,7281,7403,7936,8338,8717,9126,9156],[0.691153161953081,4.42484663185681,4.42484663185681,4.42484663185681,4.019381523748645,2.5530444549552183,4.270695952029551,5.117993812416755,4.137164559405029,0.691153161953081,2.5530444549552183,0.6871770135734415,4.830311739964974,0.691153161953081,0.691153161953081,3.8187108282864943,4.830311739964974,3.7316994512968646])",0.0
F211,"['cost', 'use', 'whether', 'adult', 'defense', 'road', 'technology', 'analysis.', 'stuff', 'service', 'effort', 'central', 'early', 'more.', 'reflect', 'first', 'child.', 'appear', 'nearly', 'congress', 'happy', 'decade', 'recognize.', '—', 'shocking', 'claims', 'celebrity', 'scandal', 'surface', 'internet.']","(10000,[72,416,503,1020,1655,2252,2866,3406,3486,3543,4092,4490,4921,5133,5321,5347,5725,5726,5850,6030,6403,6421,7281,7381,7722,7936,8182,8338,8728,8928],[3.7316994512968646,5.523458920524919,0.691153161953081,2.579019941358479,5.523458920524919,4.270695952029551,5.117993812416755,4.270695952029551,2.849310271098391,3.8187108282864943,4.019381523748645,4.42484663185681,2.849310271098391,4.830311739964974,4.137164559405029,4.137164559405029,3.914021008090819,4.270695952029551,0.691153161953081,4.270695952029551,4.607168188650764,4.607168188650764,0.6871770135734415,4.830311739964974,4.42484663185681,0.691153161953081,4.137164559405029,0.691153161953081,3.4440173788450834,3.914021008090819])",0.0
R117,"['simply', 'work', 'keep', 'office', 'word.', 'week', 'ten', 'walk', 'scientist.', 'final', 'american', 'hair', 'decide', 'candidate', 'beautiful.', 'experts', 'discuss', 'ongoing', 'developments', 'research.']","(10000,[870,1642,1653,3614,4358,4506,4687,5006,5085,5122,6142,7066,7652,7664,8293,8344,9166,9462,9527,9594],[4.42484663185681,3.5085558999826545,4.42484663185681,0.6753425559264385,4.42484663185681,0.691153161953081,0.6871770135734415,5.523458920524919,3.914021008090819,4.607168188650764,4.137164559405029,2.849310271098391,4.137164559405029,4.607168188650764,4.830311739964974,4.270695952029551,4.607168188650764,0.691153161953081,4.137164559405029,4.42484663185681])",1.0
F016,"['beautiful', 'certainly', 'top', 'sing', 'indicate', 'today.', 'even', 'us', 'identify', 'part.', 'also', 'cup', 'brother', 'loss', 'bar', 'actually.', '—', 'shocking', 'claims', 'aliens', 'surface', 'internet.']","(10000,[291,503,650,673,1273,3059,3792,3882,3888,3967,4903,5328,5329,5850,6406,6451,6485,6660,7281,7332,7936,8338],[3.914021008090819,0.691153161953081,2.958509563063383,4.137164559405029,3.7316994512968646,4.137164559405029,3.8187108282864943,5.523458920524919,5.117993812416755,3.8187108282864943,5.523458920524919,4.270695952029551,4.42484663185681,0.691153161953081,4.42484663185681,3.914021008090819,4.42484663185681,3.8187108282864943,0.6871770135734415,4.270695952029551,0.691153161953081,0.691153161953081])",0.0
F029,"['speak', 'end', 'assume', 'song', 'sing', 'gas.', '—', 'shocking', 'claims', 'flat', 'earth', 'surface', 'internet.']","(10000,[453,503,2664,2918,4732,5850,6451,7281,7350,7936,8338,9544,9676],[3.3262343431887,0.691153161953081,4.137164559405029,3.0385522707369192,4.137164559405029,0.691153161953081,3.914021008090819,0.6871770135734415,3.914021008090819,0.691153161953081,0.691153161953081,5.117993812416755,3.0385522707369192])",0.0
F205,"['factor', 'economic', 'push', 'offer', 'section', 'cultural', 'significant.', 'detail', 'contain', 'adult', 'pressure.', 'matter', 'tend', 'imagine', 'different.', '—', 'shocking', 'claims', 'celebrity', 'scandal', 'surface', 'internet.']","(10000,[72,503,740,1143,1810,2126,2402,2958,3409,3486,4921,5301,5850,5978,6968,7281,7493,7936,8338,9144,9233,9561],[3.7316994512968646,0.691153161953081,5.117993812416755,4.830311739964974,4.137164559405029,5.523458920524919,4.270695952029551,4.019381523748645,4.607168188650764,2.849310271098391,2.849310271098391,4.137164559405029,0.691153161953081,3.577548771469606,3.914021008090819,0.6871770135734415,4.42484663185681,0.691153161953081,0.691153161953081,2.661258039595451,4.270695952029551,4.42484663185681])",0.0
R112,"['ever', 'resource.', 'machine', 'relate', 'effort', 'fill', 'play', 'anything.', 'month', 'ago', 'identify', 'treatment', 'ahead.', 'experts', 'discuss', 'ongoing', 'developments', 'economic', 'growth.']","(10000,[988,1896,2173,3614,3967,4506,4687,5594,5726,5741,6484,7751,8015,8040,9034,9144,9462,9663,9727],[4.270695952029551,3.8187108282864943,4.42484663185681,0.6753425559264385,3.8187108282864943,0.691153161953081,0.6871770135734415,4.019381523748645,4.270695952029551,4.137164559405029,5.523458920524919,5.117993812416755,4.137164559405029,3.4440173788450834,2.8844015909096608,2.661258039595451,0.691153161953081,5.117993812416755,4.42484663185681])",1.0
F218,"['positive', 'factor', 'coach', 'history', 'chair.', 'person', 'look', 'set', 'career.', 'government', 'modern', 'right', 'story.', '—', 'shocking', 'claims', 'government', 'cover-up', 'surface', 'internet.']","(10000,[1,503,1584,1790,2259,2336,3249,3514,5342,5850,6543,6624,7281,7936,8338,9118,9561,9813,9939],[4.270695952029551,0.691153161953081,5.117993812416755,4.137164559405029,5.698620542196782,3.914021008090819,3.3262343431887,4.607168188650764,4.607168188650764,0.691153161953081,4.019381523748645,5.117993812416755,0.6871770135734415,0.691153161953081,0.691153161953081,5.523458920524919,4.42484663185681,2.997730276216664,4.137164559405029])",0.0
R187,"['hand', 'represent', 'two', 'fall', 'also', 'role.', 'case', 'consider', 'everybody', 'music', 'third', 'budget', 'economic.', 'experts', 'discuss', 'ongoing', 'developments', 'education.']","(10000,[312,2007,2561,3423,3614,3729,3792,4506,4687,4728,4991,5047,6342,6370,8717,8771,9462,9974],[4.019381523748645,4.607168188650764,3.8187108282864943,4.607168188650764,0.6753425559264385,5.117993812416755,3.8187108282864943,0.691153161953081,0.6871770135734415,4.42484663185681,2.579019941358479,2.7200985396183848,3.8187108282864943,4.137164559405029,3.8187108282864943,4.270695952029551,0.691153161953081,4.830311739964974])",1.0
F087,"['politics', 'possible', 'alone', 'catch', 'heavy', 'front.', 'ahead', 'particularly', 'sea', 'government.', '—', 'shocking', 'claims', 'celebrity', 'scandal', 'surface', 'internet.']","(10000,[503,2492,3486,4253,4921,5710,5850,5887,6100,6443,7281,7936,7949,8268,8338,8949,9617],[0.691153161953081,4.019381523748645,2.849310271098391,5.117993812416755,2.849310271098391,4.42484663185681,0.691153161953081,3.914021008090819,4.607168188650764,3.7316994512968646,0.6871770135734415,0.691153161953081,4.830311739964974,3.914021008090819,0.691153161953081,4.270695952029551,3.8187108282864943])",0.0
R171,"['far', 'seek.', 'data', 'magazine', 'beat', 'art', 'personal', 'money.', 'experts', 'discuss', 'ongoing', 'developments', 'education.']","(10000,[25,1695,2569,2922,3614,4158,4506,4687,5047,7854,7939,8413,9462],[5.117993812416755,4.42484663185681,4.607168188650764,4.830311739964974,0.6753425559264385,4.137164559405029,0.691153161953081,0.6871770135734415,2.7200985396183848,4.270695952029551,3.577548771469606,3.8187108282864943,0.691153161953081])",1.0
R113,"['speak', 'among', 'hair', 'long', 'subject', 'wear', 'realize.', 'hold', 'however', 'without', 'race', 'service', 'manage.', 'read', 'car', 'game', 'administration', 'history.', 'tell', 'pm', 'sea', 'explain', 'economy.', 'experts', 'discuss', 'ongoing', 'developments', 'technology', 'breakthrough.']","(10000,[454,911,1020,1850,2227,2252,2389,2483,2710,3614,3674,4043,4506,4683,4687,4732,5185,5341,6581,7026,7362,7424,7650,7664,8655,8904,8975,9462,9617],[3.577548771469606,4.42484663185681,2.579019941358479,4.019381523748645,2.7200985396183848,4.270695952029551,4.42484663185681,5.117993812416755,5.117993812416755,0.6753425559264385,4.42484663185681,4.270695952029551,0.691153161953081,5.523458920524919,0.6871770135734415,4.137164559405029,4.137164559405029,3.7316994512968646,3.7316994512968646,4.270695952029551,4.019381523748645,5.117993812416755,4.137164559405029,4.607168188650764,4.607168188650764,4.019381523748645,4.42484663185681,0.691153161953081,3.8187108282864943])",1.0
R222,"['language', 'sort', 'south', 'let', 'toward', 'list.', 'writer', 'see', 'worry', 'ok', 'first.', 'staff', 'health', 'beyond', 'listen.', 'factor', 'pick', 'american', 'successful', 'foot', 'forget.', 'experts', 'discuss', 'ongoing', 'developments', 'public', 'health.']","(10000,[497,1716,1770,2645,2826,3194,3614,3756,4506,4687,4816,5354,5659,5720,6219,6224,6906,7372,7652,7890,8267,8343,8805,8900,8961,9462,9561],[5.523458920524919,4.270695952029551,2.7826188965997183,3.6516567436233283,5.117993812416755,4.270695952029551,0.6753425559264385,4.019381523748645,0.691153161953081,0.6871770135734415,3.6516567436233283,3.914021008090819,4.019381523748645,4.830311739964974,3.172083663361442,4.137164559405029,4.607168188650764,4.270695952029551,4.137164559405029,4.607168188650764,4.607168188650764,4.42484663185681,4.019381523748645,4.137164559405029,5.117993812416755,0.691153161953081,4.42484663185681])",1.0
F233,"['carry', 'simple', 'edge', 'population', 'apply.', 'smile', 'southern', 'team', 'create', 'rest', 'sport.', 'structure', 'seek', 'professor', 'building', 'rule', 'future.', '—', 'shocking', 'claims', 'secret', 'cure', 'surface', 'internet.']","(10000,[171,343,454,468,503,1392,1404,2111,2543,2708,2713,2913,2996,3743,3892,3921,5850,5852,6747,7281,7936,8338,8547,9258],[4.270695952029551,4.270695952029551,3.577548771469606,4.607168188650764,0.691153161953081,5.523458920524919,3.8187108282864943,5.117993812416755,3.577548771469606,3.914021008090819,4.42484663185681,3.577548771469606,3.577548771469606,4.019381523748645,2.5530444549552183,4.270695952029551,0.691153161953081,4.270695952029551,2.5530444549552183,0.6871770135734415,0.691153161953081,0.691153161953081,5.117993812416755,4.019381523748645])",0.0
R223,"['without', 'leader', 'morning', 'bad', 'attention', 'claim', 'number', 'buy.', 'customer', 'fast', 'talk', 'ball', 'claim.', 'experts', 'discuss', 'ongoing', 'developments', 'climate', 'change.']","(10000,[526,821,1413,1526,1876,2059,3144,3160,3614,4043,4506,4687,7492,7956,8519,8925,8937,9263,9462],[5.523458920524919,2.849310271098391,3.8187108282864943,5.117993812416755,5.117993812416755,2.6902455764687034,4.607168188650764,4.137164559405029,0.6753425559264385,4.270695952029551,0.691153161953081,0.6871770135734415,4.42484663185681,4.607168188650764,3.8187108282864943,4.270695952029551,4.42484663185681,4.137164559405029,0.691153161953081])",1.0
F224,"['sign', 'yeah.', 'health', 'message', 'short', 'common', 'firm', 'citizen', 'take.', 'forward', 'star', 'daughter', 'pay', 'beautiful', 'a.', '—', 'shocking', 'claims', 'secret', 'cure', 'surface', 'internet.']","(10000,[8,503,1262,1273,2715,3892,4357,4897,5170,5850,6332,6747,6756,7281,7623,7936,8134,8338,8389,8411,8805,8894],[4.270695952029551,0.691153161953081,4.830311739964974,3.7316994512968646,4.270695952029551,2.5530444549552183,5.117993812416755,4.019381523748645,4.019381523748645,0.691153161953081,4.019381523748645,2.5530444549552183,3.5085558999826545,0.6871770135734415,4.270695952029551,0.691153161953081,5.117993812416755,0.691153161953081,5.117993812416755,3.4440173788450834,4.019381523748645,3.914021008090819])",0.0
R181,"['leg', 'common', 'put', 'group', 'off.', 'time', 'day.', 'experts', 'discuss', 'ongoing', 'developments', 'climate', 'change.']","(10000,[821,1842,2059,3614,4506,4687,6290,6332,7766,8157,8871,9078,9462],[2.849310271098391,5.117993812416755,2.6902455764687034,0.6753425559264385,0.691153161953081,0.6871770135734415,4.137164559405029,4.019381523748645,4.607168188650764,3.914021008090819,4.607168188650764,4.830311739964974,0.691153161953081])",1.0
R056,"['without', 'focus', 'party', 'military', 'life', 'real.', 'industry', 'president', 'around', 'know', 'second', 'finish', 'show', 'raise.', 'experts', 'discuss', 'ongoing', 'developments', 'public', 'health.']","(10000,[1306,1379,1770,3010,3477,3614,3931,4019,4043,4506,4687,5877,5963,6197,6219,6578,7593,7779,9256,9462],[3.914021008090819,4.270695952029551,2.7826188965997183,4.607168188650764,4.137164559405029,0.6753425559264385,4.019381523748645,4.137164559405029,4.270695952029551,0.691153161953081,0.6871770135734415,3.8187108282864943,5.523458920524919,4.270695952029551,3.172083663361442,4.830311739964974,4.830311739964974,3.7316994512968646,4.270695952029551,0.691153161953081])",1.0
R110,"['authority', 'scene', 'old', 'public', 'international', 'along.', 'court', 'republican', 'outside', 'far.', 'throw', 'mouth', 'color', 'group.', 'experts', 'discuss', 'ongoing', 'developments', 'education.']","(10000,[188,1176,1766,1770,2571,3614,4506,4568,4616,4687,5047,5844,7083,7268,7497,8325,8568,9462,9832],[4.019381523748645,4.137164559405029,4.607168188650764,2.7826188965997183,5.523458920524919,0.6753425559264385,0.691153161953081,4.607168188650764,4.270695952029551,0.6871770135734415,2.7200985396183848,4.42484663185681,4.019381523748645,5.117993812416755,4.137164559405029,4.137164559405029,4.42484663185681,0.691153161953081,3.8187108282864943])",1.0
R219,"['bed', 'computer', 'resource', 'really', 'special', 'official.', 'experts', 'discuss', 'ongoing', 'developments', 'education.']","(10000,[1055,1670,3614,4112,4506,4687,5047,5382,8151,9462,9497],[4.270695952029551,3.7316994512968646,0.6753425559264385,4.137164559405029,0.691153161953081,0.6871770135734415,2.7200985396183848,5.117993812416755,3.914021008090819,0.691153161953081,4.019381523748645])",1.0
R224,"['western', 'generation.', 'experts', 'discuss', 'ongoing', 'developments', 'education.']","(10000,[524,3614,4506,4687,4695,5047,9462],[3.8187108282864943,0.6753425559264385,0.691153161953081,0.6871770135734415,5.523458920524919,2.7200985396183848,0.691153161953081])",1.0
F178,"['training', 'next', 'interesting', 'kitchen', 'far', 'relationship', 'interview', 'from.', 'indeed', 'class', 'thousand', 'technology.', 'decision', 'need', 'key', 'kind', 'modern', 'find', 'feel.', '—', 'shocking', 'claims', 'immortal', 'jellyfish', 'surface', 'internet.']","(10000,[503,756,2066,2193,2336,3131,3495,3634,4007,4158,4260,4934,5850,6035,6044,6537,6798,7281,7510,7538,7936,8273,8338,8893,9682,9876],[0.691153161953081,4.830311739964974,2.7508701982851385,4.270695952029551,3.914021008090819,4.270695952029551,5.117993812416755,4.607168188650764,3.914021008090819,4.137164559405029,4.137164559405029,4.270695952029551,0.691153161953081,3.383392757028649,4.137164559405029,4.270695952029551,3.8187108282864943,0.6871770135734415,4.270695952029551,4.270695952029551,0.691153161953081,3.8187108282864943,0.691153161953081,3.914021008090819,4.830311739964974,2.7508701982851385])",0.0
F074,"['commercial', 'reason', 'firm', 'throughout', 'special.', 'side', 'town', 'southern', 'person.', 'size', 'around', 'agree', 'course.', '—', 'shocking', 'claims', 'secret', 'cure', 'surface', 'internet.']","(10000,[503,1750,2944,3192,3743,3892,4499,4715,5118,5850,5948,6197,6443,6747,6925,7281,7936,8338,8894,9781],[0.691153161953081,4.830311739964974,4.019381523748645,4.019381523748645,4.019381523748645,2.5530444549552183,5.117993812416755,3.914021008090819,5.117993812416755,0.691153161953081,4.019381523748645,4.270695952029551,3.7316994512968646,2.5530444549552183,4.019381523748645,0.6871770135734415,0.691153161953081,0.691153161953081,3.914021008090819,5.117993812416755])",0.0
R034,"['close', 'international', 'must', 'personal', 'build.', 'customer', 'media', 'weight.', 'unit', 'happen', 'concern', 'available', 'team.', 'experts', 'discuss', 'ongoing', 'developments', 'budget', 'report.']","(10000,[188,288,1023,1209,1413,1968,2475,3497,3614,4506,4687,4704,4991,5432,5598,6021,6335,7939,9462],[4.019381523748645,5.523458920524919,4.270695952029551,4.42484663185681,3.8187108282864943,4.830311739964974,4.270695952029551,4.019381523748645,0.6753425559264385,0.691153161953081,0.6871770135734415,4.270695952029551,2.579019941358479,2.7508701982851385,5.117993812416755,4.270695952029551,4.137164559405029,3.577548771469606,0.691153161953081])",1.0
R095,"['entire', 'family', 'low', 'responsibility', 'leave', 'everybody.', 'baby', 'mouth', 'market', 'close', 'industry.', 'sister', 'best', 'dark.', 'experts', 'discuss', 'ongoing', 'developments', 'policy.']","(10000,[662,763,1348,2657,2806,2913,3497,3502,3521,3614,4506,4687,6717,6944,7497,8297,8411,8824,9462],[5.117993812416755,4.019381523748645,3.8187108282864943,3.2721671219184243,5.523458920524919,3.577548771469606,4.019381523748645,4.607168188650764,4.607168188650764,0.6753425559264385,0.691153161953081,0.6871770135734415,4.830311739964974,2.849310271098391,4.137164559405029,4.137164559405029,3.4440173788450834,4.830311739964974,0.691153161953081])",1.0
F011,"['everything', 'share', 'recently', 'prepare', 'since.', 'everybody', 'step', 'class', 'significant', 'ok', 'visit', 'relationship.', 'ago', 'growth', 'test', 'sometimes', 'dinner', 'send', 'gun', 'himself.', '—', 'shocking', 'claims', 'aliens', 'surface', 'internet.']","(10000,[320,503,650,698,1320,1558,1896,2034,2240,2286,2561,2645,3792,3947,4007,5523,5850,5869,6586,7281,7699,7936,8313,8338,8552,9156],[4.019381523748645,0.691153161953081,2.958509563063383,4.019381523748645,4.830311739964974,3.8187108282864943,3.8187108282864943,4.42484663185681,4.019381523748645,3.914021008090819,3.8187108282864943,3.6516567436233283,3.8187108282864943,4.42484663185681,3.914021008090819,4.42484663185681,0.691153161953081,4.019381523748645,4.42484663185681,0.6871770135734415,4.830311739964974,0.691153161953081,4.270695952029551,0.691153161953081,4.019381523748645,3.7316994512968646])",0.0
R162,"['role', 'phone', 'shoulder', 'painting', 'forget', 'enjoy.', 'sing', 'certain', 'anyone', 'kind', 'bad', 'per.', 'experts', 'discuss', 'ongoing', 'developments', 'policy.']","(10000,[666,1034,1236,1626,3350,3614,4506,4687,6044,6451,6756,6847,6944,7146,7956,9288,9462],[4.270695952029551,4.137164559405029,5.523458920524919,4.137164559405029,5.117993812416755,0.6753425559264385,0.691153161953081,0.6871770135734415,4.137164559405029,3.914021008090819,3.5085558999826545,4.607168188650764,2.849310271098391,4.607168188650764,4.607168188650764,3.914021008090819,0.691153161953081])",1.0
R218,"['among', 'project', 'glass', 'central', 'research.', 'professor', 'difference', 'thousand', 'news', 'conference', 'drive', 'go.', 'color', 'majority', 'tree', 'fact', 'bill', 'will.', 'experts', 'discuss', 'ongoing', 'developments', 'election.']","(10000,[2230,2433,2543,3556,3614,4506,4687,4702,5657,5871,6325,6798,6932,7066,7215,7362,7866,8135,8656,8928,9244,9462,9832],[4.830311739964974,5.117993812416755,3.577548771469606,2.849310271098391,0.6753425559264385,0.691153161953081,0.6871770135734415,4.830311739964974,4.137164559405029,3.914021008090819,3.8187108282864943,3.8187108282864943,3.8187108282864943,2.849310271098391,3.914021008090819,4.019381523748645,4.019381523748645,4.270695952029551,5.523458920524919,3.914021008090819,4.270695952029551,0.691153161953081,3.8187108282864943])",1.0
F136,"['expert', 'important', 'sea', 'result', 'them.', 'response', 'turn', 'life', 'matter', 'response.', '—', 'shocking', 'claims', 'miracle', 'drug', 'surface', 'internet.']","(10000,[399,503,914,1256,1868,1967,2402,2445,3477,3886,5850,7281,7860,7936,8338,8957,9617],[4.137164559405029,0.691153161953081,4.42484663185681,3.125563647726549,5.523458920524919,3.7316994512968646,4.270695952029551,4.830311739964974,4.137164559405029,4.607168188650764,0.691153161953081,0.6871770135734415,2.849310271098391,0.691153161953081,0.691153161953081,5.523458920524919,3.8187108282864943])",0.0
R108,"['war', 'along', 'ground', 'customer', 'woman', 'off.', 'feel', 'want', 'want', 'education', 'need.', 'experts', 'discuss', 'ongoing', 'developments', 'economic', 'growth.']","(10000,[1413,2840,3115,3614,4506,4563,4687,5530,6487,6544,7712,8719,9034,9078,9144,9462],[3.8187108282864943,3.914021008090819,4.270695952029551,0.6753425559264385,0.691153161953081,4.137164559405029,0.6871770135734415,3.914021008090819,3.4440173788450834,5.117993812416755,9.660623479929948,4.137164559405029,2.8844015909096608,4.830311739964974,2.661258039595451,0.691153161953081])",1.0
R186,"['good', 'source', 'remember', 'right', 'dinner.', 'woman', 'major', 'brother', 'key.', 'dark', 'happy', 'tree', 'strong.', 'experts', 'discuss', 'ongoing', 'developments', 'research.']","(10000,[278,291,697,1058,1790,3214,3614,4506,4563,4657,4687,5347,5685,5871,6168,7066,7721,9462],[4.607168188650764,3.914021008090819,4.019381523748645,4.607168188650764,4.137164559405029,5.117993812416755,0.6753425559264385,0.691153161953081,4.137164559405029,4.830311739964974,0.6871770135734415,4.137164559405029,4.830311739964974,3.914021008090819,4.607168188650764,2.849310271098391,3.914021008090819,0.691153161953081])",1.0
R248,"['deal', 'capital', 'source', 'difference', 'husband.', 'cost', 'mr', 'forward.', 'experts', 'discuss', 'ongoing', 'developments', 'technology', 'breakthrough.']","(10000,[1020,1433,1886,2227,2647,3614,4490,4506,4687,6541,7721,7866,9142,9462],[2.579019941358479,4.830311739964974,5.523458920524919,2.7200985396183848,3.914021008090819,0.6753425559264385,4.42484663185681,0.691153161953081,0.6871770135734415,4.42484663185681,3.914021008090819,4.019381523748645,5.117993812416755,0.691153161953081])",1.0
F045,"['thing', 'job', 'toward.', 'difficult', 'increase', 'service', 'actually', 'send', 'citizen.', '—', 'shocking', 'claims', 'immortal', 'jellyfish', 'surface', 'internet.']","(10000,[503,557,1712,2066,2174,2252,3857,4531,5523,5850,6447,7281,7936,7963,8338,9876],[0.691153161953081,4.607168188650764,4.019381523748645,2.7508701982851385,5.117993812416755,4.270695952029551,4.270695952029551,5.117993812416755,4.42484663185681,0.691153161953081,4.607168188650764,0.6871770135734415,0.691153161953081,4.270695952029551,0.691153161953081,2.7508701982851385])",0.0
F092,"['note', 'son', 'great', 'physical', 'nothing', 'economic', 'mr', 'fly.', 'economic', 'social', 'wide.', '—', 'shocking', 'claims', 'secret', 'cure', 'surface', 'internet.']","(10000,[209,503,750,823,2647,3892,4292,4321,5850,6747,7230,7281,7936,8338,8649,9144,9909],[4.270695952029551,0.691153161953081,4.42484663185681,4.270695952029551,3.914021008090819,2.5530444549552183,3.8187108282864943,5.523458920524919,0.691153161953081,2.5530444549552183,5.523458920524919,0.6871770135734415,0.691153161953081,0.691153161953081,4.270695952029551,5.322516079190902,4.270695952029551])",0.0
R100,"['field', 'effort', 'power', 'officer', 'air', 'read.', 'time', 'property', 'improve', 'condition', 'society.', 'experts', 'discuss', 'ongoing', 'developments', 'technology', 'breakthrough.']","(10000,[88,696,1020,2227,2408,2733,3056,3614,4506,4687,5248,5328,5726,7074,8157,9459,9462],[4.270695952029551,4.137164559405029,2.579019941358479,2.7200985396183848,4.42484663185681,4.270695952029551,3.914021008090819,0.6753425559264385,0.691153161953081,0.6871770135734415,5.117993812416755,4.270695952029551,4.270695952029551,3.383392757028649,3.914021008090819,5.117993812416755,0.691153161953081])",1.0
F075,"['business', 'hand', 'red', 'relationship', 'civil', 'move.', 'economic', 'page', 'area', 'grow.', 'high', 'century', 'early', 'senior', 'onto', 'too.', '—', 'shocking', 'claims', 'miracle', 'drug', 'surface', 'internet.']","(10000,[52,503,593,1256,2116,2827,3423,4092,4144,4260,4319,5374,5649,5760,5850,7281,7841,7860,7936,8094,8338,9144,9873],[4.42484663185681,0.691153161953081,4.137164559405029,3.125563647726549,4.42484663185681,4.42484663185681,4.607168188650764,4.019381523748645,4.137164559405029,4.137164559405029,3.2208738275308737,4.137164559405029,4.42484663185681,5.117993812416755,0.691153161953081,0.6871770135734415,4.42484663185681,2.849310271098391,0.691153161953081,4.137164559405029,0.691153161953081,2.661258039595451,5.523458920524919])",0.0
R059,"['every', 'research', 'training', 'arrive', 'debate.', 'experts', 'discuss', 'ongoing', 'developments', 'technology', 'breakthrough.']","(10000,[1020,2227,3479,3614,4506,4687,7391,7538,9432,9462,9681],[2.579019941358479,2.7200985396183848,4.830311739964974,0.6753425559264385,0.691153161953081,0.6871770135734415,3.914021008090819,4.270695952029551,4.270695952029551,0.691153161953081,4.42484663185681])",1.0
F213,"['go', 'gun', 'network', 'wear.', 'bed', 'letter', 'security', 'reality', 'field', 'process', 'group.', '—', 'shocking', 'claims', 'hoax', 'surface', 'internet.']","(10000,[503,564,680,2634,3529,4377,5850,6451,7074,7268,7281,7936,8040,8313,8338,9152,9497],[0.691153161953081,4.607168188650764,3.914021008090819,4.270695952029551,5.523458920524919,2.60568818844064,0.691153161953081,3.914021008090819,3.383392757028649,5.117993812416755,0.6871770135734415,0.691153161953081,3.4440173788450834,4.270695952029551,0.691153161953081,4.137164559405029,4.019381523748645])",0.0
R233,"['since', 'interesting', 'best', 'information', 'task', 'unit.', 'ok', 'figure', 'box', 'series', 'nearly.', 'behavior', 'must', 'might.', 'experts', 'discuss', 'ongoing', 'developments', 'education.']","(10000,[735,763,1023,2437,2471,2645,3614,3634,4110,4463,4506,4687,5047,6287,6729,7922,8190,8451,9462],[3.8187108282864943,4.019381523748645,4.270695952029551,5.117993812416755,5.523458920524919,3.6516567436233283,0.6753425559264385,4.607168188650764,3.8187108282864943,4.019381523748645,0.691153161953081,0.6871770135734415,2.7200985396183848,3.914021008090819,5.117993812416755,3.8187108282864943,4.607168188650764,4.270695952029551,0.691153161953081])",1.0
F072,"['onto', 'follow', 'house.', 'deal', 'serious', 'skin', 'speech.', 'central', 'someone', 'cold', 'budget', 'without', 'visit', 'wife', 'a.', '—', 'shocking', 'claims', 'mind', 'control', 'surface', 'internet.']","(10000,[503,698,1117,1180,1208,1433,3021,3184,3671,3756,3920,4043,4319,4991,5833,5850,7281,7936,8338,8389,8928,9367],[0.691153161953081,4.019381523748645,4.830311739964974,5.523458920524919,2.7508701982851385,4.830311739964974,3.914021008090819,2.7508701982851385,4.270695952029551,4.019381523748645,4.137164559405029,4.270695952029551,3.2208738275308737,2.579019941358479,3.8187108282864943,0.691153161953081,0.6871770135734415,0.691153161953081,0.691153161953081,5.117993812416755,3.914021008090819,4.270695952029551])",0.0
R184,"['class', 'truth', 'child', 'really', 'him.', 'play', 'item', 'policy', 'system', 'agency', 'hot', 'throw.', 'experts', 'discuss', 'ongoing', 'developments', 'budget', 'report.']","(10000,[765,1916,2069,2173,3351,3614,3996,4007,4112,4142,4506,4687,4991,5432,7244,9207,9462,9693],[4.137164559405029,4.019381523748645,4.019381523748645,4.42484663185681,5.523458920524919,0.6753425559264385,4.607168188650764,3.914021008090819,4.137164559405029,4.019381523748645,0.691153161953081,0.6871770135734415,2.579019941358479,2.7508701982851385,3.6516567436233283,4.607168188650764,0.691153161953081,3.8187108282864943])",1.0
F134,"['daughter', 'position', 'become.', 'scene', 'may', 'mother', 'listen.', '—', 'shocking', 'claims', 'secret', 'cure', 'surface', 'internet.']","(10000,[354,503,1339,2826,3892,5844,5850,6747,7281,7623,7936,8338,9160,9714],[4.42484663185681,0.691153161953081,4.42484663185681,5.117993812416755,2.5530444549552183,4.42484663185681,0.691153161953081,2.5530444549552183,0.6871770135734415,4.270695952029551,0.691153161953081,0.691153161953081,4.270695952029551,5.117993812416755])",0.0
R096,"['someone', 'receive', 'politics', 'happy.', 'figure', 'senior', 'little', 'piece', 'picture', 'central.', 'experts', 'discuss', 'ongoing', 'developments', 'research.']","(10000,[1590,2481,2956,3133,3614,3671,4110,4144,4506,4617,4687,5887,6271,7066,9462],[4.830311739964974,4.137164559405029,5.523458920524919,4.607168188650764,0.6753425559264385,4.270695952029551,3.8187108282864943,4.137164559405029,0.691153161953081,4.270695952029551,0.6871770135734415,3.914021008090819,4.42484663185681,2.849310271098391,0.691153161953081])",1.0
R020,"['similar', 'successful', 'tough', 'group', 'end', 'young', 'cell.', 'federal', 'theory', 'ever', 'enter', 'choose', 'behind.', 'mission', 'care', 'training', 'care', 'drop.', 'experts', 'discuss', 'ongoing', 'developments', 'policy.']","(10000,[453,633,1468,3614,4506,4687,5310,5447,5594,5659,6069,6944,7046,7435,7538,7766,7809,8271,8549,8852,9462,9706],[3.3262343431887,4.019381523748645,4.270695952029551,0.6753425559264385,0.691153161953081,0.6871770135734415,8.274329118810059,4.137164559405029,4.019381523748645,4.019381523748645,4.830311739964974,2.849310271098391,4.270695952029551,4.607168188650764,4.270695952029551,4.607168188650764,4.137164559405029,4.830311739964974,5.117993812416755,5.523458920524919,0.691153161953081,4.607168188650764])",1.0
R067,"['home', 'challenge', 'board', 'organization', 'animal', 'oil', 'best', 'responsibility.', 'continue', 'order.', 'poor', 'main', 'energy', 'college', 'energy', 'special', 'teach.', 'experts', 'discuss', 'ongoing', 'developments', 'policy.']","(10000,[743,763,1055,1364,1637,2523,3365,3614,4506,4687,5459,5564,5935,6035,6944,7360,7454,8057,8103,8307,9462],[4.607168188650764,4.019381523748645,4.270695952029551,4.019381523748645,4.42484663185681,4.830311739964974,4.270695952029551,0.6753425559264385,0.691153161953081,0.6871770135734415,5.523458920524919,5.117993812416755,5.117993812416755,3.383392757028649,2.849310271098391,4.270695952029551,3.6516567436233283,3.7316994512968646,4.270695952029551,9.214336377301528,0.691153161953081])",1.0
R215,"['serve', 'leave', 'enjoy', 'three.', 'occur', 'laugh', 'school', 'much.', 'least', 'later', 'teacher', 'race', 'live.', 'experts', 'discuss', 'ongoing', 'developments', 'education.']","(10000,[454,560,1634,1725,1805,1921,2679,2913,2929,3614,4506,4687,5047,6710,7098,7634,8708,9462],[3.577548771469606,4.42484663185681,4.270695952029551,4.42484663185681,4.830311739964974,4.830311739964974,3.914021008090819,3.577548771469606,4.830311739964974,0.6753425559264385,0.691153161953081,0.6871770135734415,2.7200985396183848,5.117993812416755,4.607168188650764,5.523458920524919,3.914021008090819,0.691153161953081])",1.0
R127,"['view', 'family.', 'best', 'enough', 'right', 'many.', 'bar', 'politics', 'worker', 'site', 'action.', 'experts', 'discuss', 'ongoing', 'developments', 'policy.']","(10000,[763,1790,2676,2846,3614,4506,4687,4748,5887,5891,6944,7293,7332,8033,9213,9462],[4.019381523748645,4.137164559405029,4.137164559405029,5.523458920524919,0.6753425559264385,0.691153161953081,0.6871770135734415,4.42484663185681,3.914021008090819,4.607168188650764,2.849310271098391,4.270695952029551,4.270695952029551,5.523458920524919,5.117993812416755,0.691153161953081])",1.0
R235,"['improve', 'turn', 'collection', 'open.', 'individual', 'total', 'product', 'whatever', 'force.', 'structure', 'develop', 'democratic', 'or.', 'firm', 'fish', 'arrive', 'including', 'item', 'talk', 'however.', 'experts', 'discuss', 'ongoing', 'developments', 'technology', 'breakthrough.']","(10000,[447,1020,1241,1376,1916,2227,2408,2996,3614,3886,4506,4687,5606,6279,6291,7334,7381,7391,7695,8209,8614,8894,8925,9261,9462,9718],[4.607168188650764,2.579019941358479,3.4440173788450834,4.42484663185681,4.019381523748645,2.7200985396183848,4.42484663185681,3.577548771469606,0.6753425559264385,4.607168188650764,0.691153161953081,0.6871770135734415,4.137164559405029,4.607168188650764,4.830311739964974,4.137164559405029,4.830311739964974,3.914021008090819,5.523458920524919,4.019381523748645,4.42484663185681,3.914021008090819,4.270695952029551,4.830311739964974,0.691153161953081,5.117993812416755])",1.0
R163,"['real', 'image', 'feeling', 'south.', 'enough', 'glass', 'mention', 'brother', 'central.', 'power', 'father', 'open', 'staff', 'risk', 'control', 'growth.', 'experts', 'discuss', 'ongoing', 'developments', 'climate', 'change.']","(10000,[291,613,821,1208,1800,2059,2907,3056,3614,4506,4640,4687,4748,5303,5783,6224,6271,6932,8794,9034,9462,9691],[3.914021008090819,4.137164559405029,2.849310271098391,2.7508701982851385,3.577548771469606,2.6902455764687034,4.42484663185681,3.914021008090819,0.6753425559264385,0.691153161953081,5.117993812416755,0.6871770135734415,4.42484663185681,4.607168188650764,4.607168188650764,4.137164559405029,4.42484663185681,3.8187108282864943,3.914021008090819,2.8844015909096608,0.691153161953081,4.137164559405029])",1.0
R002,"['place', 'particularly', 'behavior', 'lose', 'stage', 'benefit.', 'also', 'woman', 'record', 'old.', 'including', 'almost', 'activity', 'door', 'hope.', 'experts', 'discuss', 'ongoing', 'developments', 'education.']","(10000,[30,735,1840,2812,3614,3792,4347,4422,4506,4563,4687,4847,5047,6390,6443,7334,8110,8566,9462,9918],[4.607168188650764,3.8187108282864943,4.830311739964974,5.117993812416755,0.6753425559264385,3.8187108282864943,4.019381523748645,4.137164559405029,0.691153161953081,4.137164559405029,0.6871770135734415,3.914021008090819,2.7200985396183848,4.607168188650764,3.7316994512968646,4.137164559405029,3.914021008090819,4.42484663185681,0.691153161953081,4.607168188650764])",1.0
R021,"['wish', 'fly', 'simply', 'political', 'sound', 'skill.', 'reason', 'tv', 'say.', 'experts', 'discuss', 'ongoing', 'developments', 'education.']","(10000,[495,1642,2944,3614,3935,4506,4547,4687,5047,5739,5944,6166,6241,9462],[4.137164559405029,3.5085558999826545,4.019381523748645,0.6753425559264385,3.6516567436233283,0.691153161953081,3.914021008090819,0.6871770135734415,2.7200985396183848,5.523458920524919,4.270695952029551,4.270695952029551,5.523458920524919,0.691153161953081])",1.0
R013,"['moment', 'consumer', 'price', 'choose.', 'personal', 'international', 'clear', 'government.', 'treatment', 'art', 'race', 'region.', 'experts', 'discuss', 'ongoing', 'developments', 'technology', 'breakthrough.']","(10000,[188,454,613,1020,1611,1738,2227,3401,3614,4333,4506,4687,5710,7854,7939,8015,9462,9475],[4.019381523748645,3.577548771469606,4.137164559405029,2.579019941358479,4.607168188650764,4.42484663185681,2.7200985396183848,4.270695952029551,0.6753425559264385,5.523458920524919,0.691153161953081,0.6871770135734415,4.42484663185681,4.270695952029551,3.577548771469606,4.137164559405029,0.691153161953081,3.914021008090819])",1.0
F195,"['black', 'pm', 'series', 'analysis.', 'well', 'rate', 'house', 'know', 'everyone.', '—', 'shocking', 'claims', 'flat', 'earth', 'surface', 'internet.']","(10000,[157,253,503,1948,2918,4463,5563,5836,5850,6421,7026,7281,7779,7936,8338,9676],[4.607168188650764,4.137164559405029,0.691153161953081,5.523458920524919,3.0385522707369192,4.019381523748645,5.117993812416755,4.42484663185681,0.691153161953081,4.607168188650764,4.270695952029551,0.6871770135734415,3.7316994512968646,0.691153161953081,0.691153161953081,3.0385522707369192])",0.0
R101,"['fight', 'box', 'management', 'smile', 'none', 'player', 'language.', 'go', 'simply', 'various', 'program', 'office', 'win', 'fill', 'mrs.', 'space', 'way', 'activity', 'yeah', 'different', 'in.', 'experts', 'discuss', 'ongoing', 'developments', 'research.']","(10000,[573,641,1241,1642,1936,2398,2526,2713,3249,3614,4506,4687,6451,6604,6647,6683,7066,7922,8110,8344,9188,9391,9462,9727,9831,9998],[4.607168188650764,5.117993812416755,3.4440173788450834,3.5085558999826545,5.523458920524919,4.137164559405029,4.42484663185681,4.42484663185681,3.3262343431887,0.6753425559264385,0.691153161953081,0.6871770135734415,3.914021008090819,4.137164559405029,4.137164559405029,4.270695952029551,2.849310271098391,3.8187108282864943,3.914021008090819,4.270695952029551,4.42484663185681,4.270695952029551,0.691153161953081,4.42484663185681,4.42484663185681,5.523458920524919])",1.0
R055,"['security', 'leg', 'environment', 'home', 'know', 'describe', 'money', 'worker.', 'away', 'college', 'meet', 'traditional', 'top.', 'rich', 'station', 'stay', 'significant', 'federal', 'lose.', 'experts', 'discuss', 'ongoing', 'developments', 'research.']","(10000,[433,633,2407,2634,3365,3614,3737,4486,4506,4687,5017,5371,6083,6103,6212,6290,7066,7085,7779,8057,8415,8552,9462,9940],[4.137164559405029,4.019381523748645,4.607168188650764,4.270695952029551,4.270695952029551,0.6753425559264385,4.270695952029551,4.830311739964974,0.691153161953081,0.6871770135734415,5.117993812416755,5.117993812416755,4.607168188650764,4.42484663185681,3.914021008090819,4.137164559405029,2.849310271098391,4.270695952029551,3.7316994512968646,3.7316994512968646,4.137164559405029,4.019381523748645,0.691153161953081,4.607168188650764])",1.0
F190,"['indeed', 'technology', 'young', 'whose.', 'growth', 'almost', 'anyone', 'green', 'whose', 'cover.', '—', 'shocking', 'claims', 'secret', 'cure', 'surface', 'internet.']","(10000,[320,503,551,666,1020,3892,4934,5850,6383,6747,7281,7809,7936,8338,8566,8867,9539],[4.019381523748645,0.691153161953081,4.42484663185681,4.270695952029551,2.579019941358479,2.5530444549552183,4.270695952029551,0.691153161953081,5.523458920524919,2.5530444549552183,0.6871770135734415,4.137164559405029,0.691153161953081,0.691153161953081,4.42484663185681,5.523458920524919,4.42484663185681])",0.0
R004,"['paper', 'rather', 'call', 'system', 'college', 'far', 'discussion.', 'hold', 'station', 'effort', 'different', 'detail.', 'month', 'defense', 'ten', 'rule.', 'approach', 'adult', 'learn.', 'experts', 'discuss', 'ongoing', 'developments', 'education.']","(10000,[72,1035,2336,2389,2837,3095,3543,3614,3996,4079,4158,4506,4687,5047,5085,5146,5726,5741,6683,7711,8057,8415,8690,9462],[3.7316994512968646,4.830311739964974,3.914021008090819,4.42484663185681,4.270695952029551,4.137164559405029,3.8187108282864943,0.6753425559264385,4.607168188650764,4.830311739964974,4.137164559405029,0.691153161953081,0.6871770135734415,2.7200985396183848,3.914021008090819,4.42484663185681,4.270695952029551,4.137164559405029,4.270695952029551,5.117993812416755,3.7316994512968646,4.137164559405029,4.42484663185681,0.691153161953081])",1.0
F080,"['character', 'join', 'require.', 'administration', 'mouth', 'subject.', 'former', 'agree', 'study.', '—', 'shocking', 'claims', 'celebrity', 'scandal', 'surface', 'internet.']","(10000,[503,3486,4160,4867,4921,5185,5716,5850,6925,7281,7497,7936,8338,8625,8952,9189],[0.691153161953081,2.849310271098391,4.019381523748645,4.607168188650764,2.849310271098391,4.137164559405029,5.117993812416755,0.691153161953081,4.019381523748645,0.6871770135734415,4.137164559405029,0.691153161953081,0.691153161953081,5.523458920524919,4.42484663185681,4.270695952029551])",0.0
F049,"['yet', 'attention', 'rich', 'wife', 'director.', 'expert', 'consumer', 'at.', 'box', 'responsibility', 'remain', 'produce', 'quite', 'way.', '—', 'shocking', 'claims', 'hoax', 'surface', 'internet.']","(10000,[503,914,1648,3021,3144,3502,4037,4377,4639,5205,5850,6056,6212,7152,7281,7922,7936,8338,8408,9475],[0.691153161953081,4.42484663185681,4.137164559405029,3.914021008090819,4.607168188650764,4.607168188650764,4.137164559405029,2.60568818844064,5.117993812416755,4.42484663185681,0.691153161953081,3.8187108282864943,3.914021008090819,5.523458920524919,0.6871770135734415,3.8187108282864943,0.691153161953081,0.691153161953081,4.607168188650764,3.914021008090819])",0.0
F184,"['lawyer', 'either', 'establish', 'alone.', '—', 'shocking', 'claims', 'secret', 'cure', 'surface', 'internet.']","(10000,[503,2923,3892,5850,6747,7281,7936,8338,9021,9126,9925],[0.691153161953081,3.577548771469606,2.5530444549552183,0.691153161953081,2.5530444549552183,0.6871770135734415,0.691153161953081,0.691153161953081,4.607168188650764,4.830311739964974,5.117993812416755])",0.0
F030,"['military', 'offer', 'baby', 'foreign', 'sister', 'teacher', 'best.', 'budget', 'little', 'four', 'your.', 'sea', 'economic', 'mr.', 'book', 'born', 'middle', 'mission.', '—', 'shocking', 'claims', 'secret', 'cure', 'surface', 'internet.']","(10000,[393,503,1243,1348,1590,2958,3521,3892,4198,4489,4991,5471,5850,5877,6043,6206,6747,7281,7936,8338,8708,9144,9545,9617,9878],[4.607168188650764,0.691153161953081,4.270695952029551,3.8187108282864943,4.830311739964974,4.019381523748645,4.607168188650764,2.5530444549552183,5.117993812416755,5.117993812416755,2.579019941358479,5.523458920524919,0.691153161953081,3.8187108282864943,4.830311739964974,3.7316994512968646,2.5530444549552183,0.6871770135734415,0.691153161953081,0.691153161953081,3.914021008090819,2.661258039595451,4.607168188650764,3.8187108282864943,4.42484663185681])",0.0
R213,"['power', 'bill', 'join', 'place', 'argue', 'network', 'statement.', 'near', 'produce', 'bill.', 'experts', 'discuss', 'ongoing', 'developments', 'budget', 'report.']","(10000,[1648,3056,3204,3548,3614,3730,4506,4687,4991,5432,5974,6390,8135,8952,9152,9462],[4.137164559405029,3.914021008090819,4.830311739964974,5.117993812416755,0.6753425559264385,4.137164559405029,0.691153161953081,0.6871770135734415,2.579019941358479,2.7508701982851385,3.577548771469606,4.607168188650764,4.270695952029551,4.42484663185681,4.137164559405029,0.691153161953081])",1.0
F128,"['see', 'author', 'old', 'mrs', 'prove', 'political', 'sea.', 'everybody', 'listen', 'power', 'wife', 'space.', '—', 'shocking', 'claims', 'immortal', 'jellyfish', 'surface', 'internet.']","(10000,[429,503,1098,2066,2561,3021,3056,3935,5214,5268,5354,5850,7083,7281,7936,8338,9350,9751,9876],[4.019381523748645,0.691153161953081,4.42484663185681,2.7508701982851385,3.8187108282864943,3.914021008090819,3.914021008090819,3.6516567436233283,4.607168188650764,5.523458920524919,3.914021008090819,0.691153161953081,4.019381523748645,0.6871770135734415,0.691153161953081,0.691153161953081,4.830311739964974,4.42484663185681,2.7508701982851385])",0.0
R231,"['case', 'even', 'check', 'senior', 'try', 'central', 'case', 'wonder.', 'experts', 'discuss', 'ongoing', 'developments', 'policy.']","(10000,[3614,3901,4144,4506,4687,4693,6342,6406,6944,8509,8928,9462],[0.6753425559264385,4.270695952029551,4.137164559405029,0.691153161953081,0.6871770135734415,4.270695952029551,7.637421656572989,4.42484663185681,2.849310271098391,4.607168188650764,3.914021008090819,0.691153161953081])",1.0
R061,"['game', 'compare', 'speak', 'bill.', 'experts', 'discuss', 'ongoing', 'developments', 'technology', 'breakthrough.']","(10000,[1020,2227,3204,3614,4506,4687,4732,8975,9246,9462],[2.579019941358479,2.7200985396183848,4.830311739964974,0.6753425559264385,0.691153161953081,0.6871770135734415,4.137164559405029,4.42484663185681,4.270695952029551,0.691153161953081])",1.0
R137,"['think', 'ever', 'foot', 'catch.', 'nearly', 'century', 'congress.', 'experts', 'discuss', 'ongoing', 'developments', 'education.']","(10000,[2335,2513,2866,3614,4506,4687,5047,5594,6426,7841,7890,9462],[3.8187108282864943,4.830311739964974,5.117993812416755,0.6753425559264385,0.691153161953081,0.6871770135734415,2.7200985396183848,4.019381523748645,4.830311739964974,4.42484663185681,4.607168188650764,0.691153161953081])",1.0
R185,"['dream', 'explain', 'act.', 'expert', 'others', 'last', 'indicate', 'tv', 'serious.', 'experts', 'discuss', 'ongoing', 'developments', 'technology', 'breakthrough.']","(10000,[914,1020,1439,2141,2227,2366,3614,3989,4506,4547,4687,5341,6485,6940,9462],[4.42484663185681,2.579019941358479,3.914021008090819,5.523458920524919,2.7200985396183848,4.019381523748645,0.6753425559264385,4.42484663185681,0.691153161953081,3.914021008090819,0.6871770135734415,3.7316994512968646,4.42484663185681,4.137164559405029,0.691153161953081])",1.0
R204,"['lot', 'upon', 'learn.', 'student', 'indeed', 'threat', 'student', 'kind', 'list.', 'experts', 'discuss', 'ongoing', 'developments', 'technology', 'breakthrough.']","(10000,[1020,1035,2227,3536,3614,4506,4687,4934,4943,6044,6735,8070,8961,9462],[2.579019941358479,4.830311739964974,2.7200985396183848,8.84969326371362,0.6753425559264385,0.691153161953081,0.6871770135734415,4.270695952029551,4.137164559405029,4.137164559405029,4.137164559405029,4.42484663185681,5.117993812416755,0.691153161953081])",1.0
F217,"['everything', 'long', 'drive', 'listen', 'meet', 'charge.', 'dog', 'adult', 'suffer.', 'body', 'whatever.', 'produce', 'sing', 'official.', '—', 'shocking', 'claims', 'immortal', 'jellyfish', 'surface', 'internet.']","(10000,[72,429,503,841,1553,1648,2066,4722,5382,5850,6325,6451,6731,7281,7936,8338,8904,9156,9564,9876,9940],[3.7316994512968646,4.019381523748645,0.691153161953081,4.607168188650764,5.117993812416755,4.137164559405029,2.7508701982851385,5.117993812416755,5.117993812416755,0.691153161953081,3.8187108282864943,3.914021008090819,5.523458920524919,0.6871770135734415,0.691153161953081,0.691153161953081,4.019381523748645,3.7316994512968646,4.270695952029551,2.7508701982851385,4.607168188650764])",0.0
F176,"['beautiful', 'yard', 'local', 'though.', 'large', 'wear', 'always', 'cost', 'pm.', 'increase', 'movie', 'try', 'civil', 'stay', 'cultural', 'among.', 'view', 'price', 'kid', 'media', 'modern.', '—', 'shocking', 'claims', 'miracle', 'drug', 'surface', 'internet.']","(10000,[78,228,424,433,503,593,1209,1256,1273,1439,1738,2071,3723,4490,4693,5850,6486,6581,7022,7281,7293,7860,7936,7963,8338,9011,9012,9233],[5.117993812416755,4.42484663185681,4.270695952029551,4.137164559405029,0.691153161953081,4.137164559405029,4.42484663185681,3.125563647726549,3.7316994512968646,3.914021008090819,4.42484663185681,4.830311739964974,4.830311739964974,4.42484663185681,4.270695952029551,0.691153161953081,5.523458920524919,3.7316994512968646,4.270695952029551,0.6871770135734415,4.270695952029551,2.849310271098391,0.691153161953081,4.270695952029551,0.691153161953081,4.137164559405029,5.117993812416755,4.270695952029551])",0.0
R245,"['relationship', 'interview', 'message', 'experience', 'fund.', 'daughter', 'throw', 'yet', 'different.', 'experts', 'discuss', 'ongoing', 'developments', 'technology', 'breakthrough.']","(10000,[1020,2227,2715,3409,3614,3635,4037,4260,4506,4687,6035,6623,7623,8325,9462],[2.579019941358479,2.7200985396183848,4.270695952029551,4.607168188650764,0.6753425559264385,4.019381523748645,4.137164559405029,4.137164559405029,0.691153161953081,0.6871770135734415,3.383392757028649,4.830311739964974,4.270695952029551,4.137164559405029,0.691153161953081])",1.0
R104,"['collection', 'quality', 'bank.', 'indicate', 'third', 'customer', 'plan.', 'experts', 'discuss', 'ongoing', 'developments', 'election.']","(10000,[1413,3506,3556,3614,4506,4687,6485,8209,8771,9087,9462,9615],[3.8187108282864943,4.607168188650764,2.849310271098391,0.6753425559264385,0.691153161953081,0.6871770135734415,4.42484663185681,4.019381523748645,4.270695952029551,4.830311739964974,0.691153161953081,5.117993812416755])",1.0
F156,"['affect', 'follow', 'understand', 'force', 'skill', 'for.', 'tree', 'open', 'maintain', 'interview', 'case.', 'four', 'director', 'past', 'mission.', '—', 'shocking', 'claims', 'flat', 'earth', 'surface', 'internet.']","(10000,[391,503,1243,1853,2918,4241,4489,5247,5783,5850,5871,6035,6055,6487,6752,7281,7936,8338,9275,9367,9676,9968],[4.270695952029551,0.691153161953081,4.270695952029551,4.019381523748645,3.0385522707369192,5.523458920524919,5.117993812416755,5.117993812416755,4.607168188650764,0.691153161953081,3.914021008090819,3.383392757028649,4.42484663185681,3.4440173788450834,5.523458920524919,0.6871770135734415,0.691153161953081,0.691153161953081,3.7316994512968646,4.270695952029551,3.0385522707369192,4.830311739964974])",0.0
R194,"['power', 'reality', 'difficult', 'owner', 'eat', 'similar', 'stock', 'attorney.', 'next', 'theory', 'drop', 'record', 'degree', 'impact.', 'experts', 'discuss', 'ongoing', 'developments', 'election.']","(10000,[680,793,1468,1712,3056,3556,3614,4102,4347,4506,4687,5324,6053,7046,7276,8273,8577,9462,9943],[3.914021008090819,4.830311739964974,4.270695952029551,4.019381523748645,3.914021008090819,2.849310271098391,0.6753425559264385,5.117993812416755,4.019381523748645,0.691153161953081,0.6871770135734415,5.117993812416755,3.7316994512968646,4.270695952029551,3.8187108282864943,3.8187108282864943,3.8187108282864943,0.691153161953081,3.7316994512968646])",1.0
R161,"['community', 'performance', 'expert', 'save.', 'experts', 'discuss', 'ongoing', 'developments', 'technology', 'breakthrough.']","(10000,[914,980,1020,2227,3614,4506,4687,8174,9351,9462],[4.42484663185681,4.607168188650764,2.579019941358479,2.7200985396183848,0.6753425559264385,0.691153161953081,0.6871770135734415,3.8187108282864943,4.607168188650764,0.691153161953081])",1.0
F113,"['bit', 'reach', 'tree', 'figure', 'thousand.', 'industry', 'likely', 'material', 'knowledge', 'hundred', 'ahead.', '—', 'shocking', 'claims', 'immortal', 'jellyfish', 'surface', 'internet.']","(10000,[309,503,1989,2066,3010,3231,4110,5175,5850,5871,6444,7281,7864,7936,8338,8386,9663,9876],[4.270695952029551,0.691153161953081,4.42484663185681,2.7508701982851385,4.607168188650764,3.577548771469606,3.8187108282864943,4.42484663185681,0.691153161953081,3.914021008090819,4.830311739964974,0.6871770135734415,4.270695952029551,0.691153161953081,0.691153161953081,4.42484663185681,5.117993812416755,2.7508701982851385])",0.0
F150,"['physical', 'floor', 'debate', 'event', 'sound', 'argue.', 'music', 'social', 'oil', 'station', 'wall.', '—', 'shocking', 'claims', 'hoax', 'surface', 'internet.']","(10000,[503,823,3072,4319,4377,5850,6035,6166,6370,7281,7509,7728,7936,8276,8338,8415,8649],[0.691153161953081,4.270695952029551,4.42484663185681,3.2208738275308737,2.60568818844064,0.691153161953081,3.383392757028649,4.270695952029551,4.137164559405029,0.6871770135734415,4.830311739964974,3.8187108282864943,0.691153161953081,4.830311739964974,0.691153161953081,4.137164559405029,4.270695952029551])",0.0
F047,"['forward', 'choice', 'lose', 'many', 'follow', 'interesting.', 'college', 'side', 'dinner', 'shake', 'plan', 'nation.', 'material', 'decade', 'soon', 'peace', 'case', 'dark', 'population.', '—', 'shocking', 'claims', 'miracle', 'drug', 'surface', 'internet.']","(10000,[109,503,697,1041,1256,2180,2240,3231,4422,5188,5850,6030,6053,6123,6342,6599,6697,7281,7725,7860,7936,8057,8338,8411,9367,9781],[5.523458920524919,0.691153161953081,4.019381523748645,4.019381523748645,3.125563647726549,5.523458920524919,4.019381523748645,3.577548771469606,4.137164559405029,3.914021008090819,0.691153161953081,4.270695952029551,3.7316994512968646,4.42484663185681,3.8187108282864943,5.523458920524919,4.137164559405029,0.6871770135734415,5.523458920524919,2.849310271098391,0.691153161953081,3.7316994512968646,0.691153161953081,3.4440173788450834,4.270695952029551,5.117993812416755])",0.0
F008,"['feeling', 'talk', 'may', 'event', 'fund.', 'night', 'series', 'suffer', 'opportunity', 'evidence.', 'newspaper', 'cell', 'professor', 'news.', '—', 'shocking', 'claims', 'hoax', 'surface', 'internet.']","(10000,[503,613,1195,2543,3210,3238,4377,4463,5850,6135,6623,6869,6976,7281,7728,7936,8338,8925,9160,9588],[0.691153161953081,4.137164559405029,5.117993812416755,3.577548771469606,3.914021008090819,4.137164559405029,2.60568818844064,4.019381523748645,0.691153161953081,4.42484663185681,4.830311739964974,3.914021008090819,4.830311739964974,0.6871770135734415,3.8187108282864943,0.691153161953081,0.691153161953081,4.270695952029551,4.270695952029551,5.523458920524919])",0.0
F229,"['land', 'tax', 'style', 'hair', 'war.', 'charge', 'represent', 'ok', 'able', 'language', 'south.', 'couple', 'interview.', '—', 'shocking', 'claims', 'aliens', 'surface', 'internet.']","(10000,[503,650,1716,2645,3496,4640,5138,5850,6587,6749,6812,7148,7281,7664,7702,7936,8000,8338,8717],[0.691153161953081,2.958509563063383,4.270695952029551,3.6516567436233283,4.607168188650764,5.117993812416755,4.42484663185681,0.691153161953081,4.270695952029551,5.523458920524919,4.019381523748645,4.830311739964974,0.6871770135734415,4.607168188650764,4.42484663185681,0.691153161953081,3.914021008090819,0.691153161953081,3.8187108282864943])",0.0
R001,"['company', 'read.', 'experts', 'discuss', 'ongoing', 'developments', 'research.']","(10000,[942,3614,4506,4687,7066,9459,9462],[4.137164559405029,0.6753425559264385,0.691153161953081,0.6871770135734415,2.849310271098391,5.117993812416755,0.691153161953081])",1.0
R241,"['determine', 'since', 'material', 'assume', 'important', 'better.', 'task', 'mean', 'generation', 'upon', 'summer', 'bar.', 'experts', 'discuss', 'ongoing', 'developments', 'public', 'health.']","(10000,[909,1770,1811,1967,2664,3231,3614,4506,4687,6219,6287,6735,6963,7078,7734,8451,9462,9481],[4.270695952029551,2.7826188965997183,5.523458920524919,3.7316994512968646,4.137164559405029,3.577548771469606,0.6753425559264385,0.691153161953081,0.6871770135734415,3.172083663361442,3.914021008090819,4.137164559405029,4.607168188650764,4.830311739964974,4.607168188650764,4.270695952029551,0.691153161953081,4.607168188650764])",1.0
R198,"['government', 'range', 'onto', 'worry', 'station', 'indeed', 'five.', 'ready', 'create', 'evidence', 'couple.', 'art', 'successful', 'service.', 'experts', 'discuss', 'ongoing', 'developments', 'climate', 'change.']","(10000,[165,708,821,1404,1776,2054,2059,2259,3614,4221,4319,4506,4687,4934,5659,6557,7854,8343,8415,9462],[4.137164559405029,5.523458920524919,2.849310271098391,3.8187108282864943,4.607168188650764,4.607168188650764,2.6902455764687034,2.849310271098391,0.6753425559264385,4.830311739964974,3.2208738275308737,0.691153161953081,0.6871770135734415,4.270695952029551,4.019381523748645,3.8187108282864943,4.270695952029551,4.42484663185681,4.137164559405029,0.691153161953081])",1.0
R229,"['establish', 'reach', 'finally', 'white', 'care', 'father', 'thus', 'result.', 'process', 'focus', 'table', 'organization', 'hope.', 'three', 'shoulder', 'rock', 'trouble', 'the.', 'experts', 'discuss', 'ongoing', 'developments', 'research.']","(10000,[574,1364,1800,1817,2260,2909,2923,3614,3931,4506,4687,5310,5684,5843,5925,6756,7066,7670,8040,8386,9462,9918],[4.270695952029551,4.019381523748645,3.577548771469606,4.137164559405029,4.830311739964974,4.42484663185681,3.577548771469606,0.6753425559264385,8.03876304749729,0.691153161953081,0.6871770135734415,4.137164559405029,4.830311739964974,4.607168188650764,4.607168188650764,3.5085558999826545,2.849310271098391,5.523458920524919,3.4440173788450834,4.42484663185681,0.691153161953081,4.607168188650764])",1.0
R205,"['picture', 'year', 'table.', 'yes', 'cover', 'ask', 'help.', 'weight', 'wide', 'night', 'responsibility', 'read', 'meeting', 'task.', 'experts', 'discuss', 'ongoing', 'developments', 'public', 'health.']","(10000,[20,1770,2481,2836,3502,3507,3614,3952,4506,4687,5044,6104,6219,6404,6869,7034,7650,8004,8899,9462],[4.42484663185681,2.7826188965997183,4.137164559405029,4.137164559405029,4.607168188650764,4.270695952029551,0.6753425559264385,5.117993812416755,0.691153161953081,0.6871770135734415,4.019381523748645,4.270695952029551,3.172083663361442,4.137164559405029,3.914021008090819,5.117993812416755,4.137164559405029,4.607168188650764,4.270695952029551,0.691153161953081])",1.0
F123,"['early', 'worker', 'thing', 'wife', 'politics', 'very.', 'happy', 'charge', 'trial', 'include.', '—', 'shocking', 'claims', 'celebrity', 'scandal', 'surface', 'internet.']","(10000,[503,2676,3021,3410,3486,3857,4092,4921,5347,5850,5887,6466,6812,7281,7936,8338,8403],[0.691153161953081,4.137164559405029,3.914021008090819,4.270695952029551,2.849310271098391,4.270695952029551,4.019381523748645,2.849310271098391,4.137164559405029,0.691153161953081,3.914021008090819,5.523458920524919,4.019381523748645,0.6871770135734415,0.691153161953081,0.691153161953081,5.117993812416755])",0.0
F043,"['despite', 'end', 'section', 'ago.', 'cover', 'speech', 'vote', 'book', 'address.', 'computer', 'mission', 'marriage', 'great.', '—', 'shocking', 'claims', 'celebrity', 'scandal', 'surface', 'internet.']","(10000,[393,453,502,503,1259,1301,3486,4921,5850,6069,6104,6229,6591,6968,7281,7936,7939,8151,8338,9214],[4.607168188650764,3.3262343431887,4.019381523748645,0.691153161953081,4.137164559405029,4.270695952029551,2.849310271098391,2.849310271098391,0.691153161953081,4.830311739964974,4.270695952029551,4.42484663185681,4.830311739964974,3.914021008090819,0.6871770135734415,0.691153161953081,3.577548771469606,3.914021008090819,0.691153161953081,4.019381523748645])",0.0
F097,"['city', 'hair', 'individual', 'hear', 'young.', 'including', 'chair', 'child', 'thus.', 'fund', 'design', 'inside', 'law', 'remember', 'media.', '—', 'shocking', 'claims', 'celebrity', 'scandal', 'surface', 'internet.']","(10000,[503,681,2849,3248,3486,3922,3979,4638,4842,4921,5252,5495,5685,5850,7244,7281,7334,7664,7936,8338,8614,9066],[0.691153161953081,5.117993812416755,4.830311739964974,5.523458920524919,2.849310271098391,4.42484663185681,4.019381523748645,4.137164559405029,3.914021008090819,2.849310271098391,5.523458920524919,4.270695952029551,4.830311739964974,0.691153161953081,3.6516567436233283,0.6871770135734415,4.137164559405029,4.607168188650764,0.691153161953081,0.691153161953081,4.42484663185681,4.42484663185681])",0.0
R014,"['bill', 'lead', 'meeting', 'mean', 'around', 'door.', 'tax', 'defense', 'condition', 'responsibility', 'pay', 'everyone', 'candidate.', 'experts', 'discuss', 'ongoing', 'developments', 'research.']","(10000,[20,547,909,3502,3543,3614,4506,4687,4897,5328,5356,6197,6587,6609,7066,8135,8893,9462],[4.42484663185681,5.523458920524919,4.270695952029551,4.607168188650764,3.8187108282864943,0.6753425559264385,0.691153161953081,0.6871770135734415,4.019381523748645,4.270695952029551,4.019381523748645,4.270695952029551,4.270695952029551,5.523458920524919,2.849310271098391,4.270695952029551,3.914021008090819,0.691153161953081])",1.0
F005,"['behavior', 'history', 'toward', 'condition', 'sense.', '—', 'shocking', 'claims', 'flat', 'earth', 'surface', 'internet.']","(10000,[353,503,735,2918,3194,5328,5850,6543,7281,7936,8338,9676],[4.607168188650764,0.691153161953081,3.8187108282864943,3.0385522707369192,4.270695952029551,4.270695952029551,0.691153161953081,4.019381523748645,0.6871770135734415,0.691153161953081,0.691153161953081,3.0385522707369192])",0.0
R234,"['test', 'crime', 'usually', 'talk.', 'different', 'change', 'push', 'door', 'tell.', 'experts', 'discuss', 'ongoing', 'developments', 'research.']","(10000,[387,731,2990,3614,3809,4506,4687,4847,5978,6586,6683,7066,9083,9462],[4.42484663185681,4.137164559405029,4.270695952029551,0.6753425559264385,4.830311739964974,0.691153161953081,0.6871770135734415,3.914021008090819,3.577548771469606,4.42484663185681,4.270695952029551,2.849310271098391,5.523458920524919,0.691153161953081])",1.0
F143,"['cup', 'rate.', 'eight', 'policy', 'foreign', 'beyond', 'explain', 'plan.', 'cultural', 'office', 'consider.', 'step', 'raise', 'risk', 'call', 'plan.', '—', 'shocking', 'claims', 'aliens', 'surface', 'internet.']","(10000,[503,650,1558,1637,3059,3527,4142,5146,5341,5850,6206,6751,7281,7936,8338,8344,8482,8794,8900,9087,9233],[0.691153161953081,2.958509563063383,3.8187108282864943,4.42484663185681,4.137164559405029,4.42484663185681,4.019381523748645,4.42484663185681,3.7316994512968646,0.691153161953081,3.7316994512968646,5.523458920524919,0.6871770135734415,0.691153161953081,0.691153161953081,4.270695952029551,4.830311739964974,3.914021008090819,4.137164559405029,9.660623479929948,4.270695952029551])",0.0
R073,"['recognize', 'several', 'author', 'buy', 'city', 'democrat.', 'beautiful', 'product', 'idea', 'prepare', 'performance', 'court.', 'resource', 'realize', 'law', 'follow', 'manage', 'issue', 'owner.', 'experts', 'discuss', 'ongoing', 'developments', 'economic', 'growth.']","(10000,[80,447,481,1273,1582,1670,2286,2634,3614,3979,4506,4687,5495,5958,6616,7883,8171,9034,9144,9227,9350,9351,9367,9462,9924],[4.42484663185681,4.607168188650764,4.607168188650764,3.7316994512968646,5.523458920524919,3.7316994512968646,3.914021008090819,4.270695952029551,0.6753425559264385,4.019381523748645,0.691153161953081,0.6871770135734415,4.270695952029551,4.830311739964974,4.42484663185681,4.137164559405029,4.019381523748645,2.8844015909096608,2.661258039595451,4.830311739964974,4.830311739964974,4.607168188650764,4.270695952029551,0.691153161953081,5.117993812416755])",1.0
R239,"['activity', 'know', 'upon', 'fish', 'spend', 'guess.', 'least', 'wall', 'rich', 'certain', 'agree.', 'positive', 'one', 'thank', 'everything', 'minute.', 'experts', 'discuss', 'ongoing', 'developments', 'education.']","(10000,[1,353,815,1376,1634,1687,3614,4506,4687,5047,6212,6404,6521,6735,7175,7255,7779,8110,9156,9288,9462],[4.270695952029551,4.607168188650764,4.607168188650764,4.42484663185681,4.270695952029551,4.137164559405029,0.6753425559264385,0.691153161953081,0.6871770135734415,2.7200985396183848,3.914021008090819,4.137164559405029,4.830311739964974,4.137164559405029,5.523458920524919,4.830311739964974,3.7316994512968646,3.914021008090819,3.7316994512968646,3.914021008090819,0.691153161953081])",1.0
F181,"['democrat', 'decision', 'article', 'maintain', 'low', 'security', 'national.', 'economy', 'add', 'protect', 'industry', 'site.', '—', 'shocking', 'claims', 'aliens', 'surface', 'internet.']","(10000,[217,503,650,1702,2193,2634,3010,4648,5234,5247,5850,7235,7281,7682,7936,8338,8411,9887],[4.137164559405029,0.691153161953081,2.958509563063383,4.42484663185681,4.270695952029551,4.270695952029551,4.607168188650764,5.523458920524919,4.607168188650764,5.117993812416755,0.691153161953081,3.914021008090819,0.6871770135734415,4.830311739964974,0.691153161953081,0.691153161953081,3.4440173788450834,4.830311739964974])",0.0
R138,"['blue', 'else', 'throughout.', 'tell', 'instead', 'listen', 'bill.', 'line', 'trade', 'watch', 'security.', 'consider', 'manage', 'wait', 'high', 'across', 'accept.', 'experts', 'discuss', 'ongoing', 'developments', 'election.']","(10000,[312,419,429,1182,1352,1850,2116,2622,2708,3204,3556,3614,4506,4527,4687,5034,5477,5768,7074,7883,8423,9462],[4.019381523748645,4.42484663185681,4.019381523748645,4.607168188650764,5.117993812416755,4.019381523748645,4.42484663185681,4.830311739964974,3.914021008090819,4.830311739964974,2.849310271098391,0.6753425559264385,0.691153161953081,4.607168188650764,0.6871770135734415,4.137164559405029,4.42484663185681,3.914021008090819,3.383392757028649,4.137164559405029,5.117993812416755,0.691153161953081])",1.0
R172,"['fine', 'million', 'tv', 'political.', 'ask', 'amount', 'almost', 'choice', 'admit', 'seem', 'deal.', 'experts', 'discuss', 'ongoing', 'developments', 'economic', 'growth.']","(10000,[2588,2603,3507,3614,4506,4547,4687,6053,6431,7222,8566,8651,8714,9034,9144,9462,9470],[4.607168188650764,5.523458920524919,4.270695952029551,0.6753425559264385,0.691153161953081,3.914021008090819,0.6871770135734415,3.7316994512968646,5.523458920524919,4.137164559405029,4.42484663185681,4.42484663185681,4.830311739964974,2.8844015909096608,2.661258039595451,0.691153161953081,5.117993812416755])",1.0
R143,"['bed', 'else', 'edge', 'agency', 'require', 'government.', 'relationship', 'enter', 'board', 'particularly', 'investment.', 'experts', 'discuss', 'ongoing', 'developments', 'policy.']","(10000,[765,1734,3614,3921,4260,4506,4687,5034,5710,6443,6944,7435,7454,8449,9462,9497],[4.137164559405029,5.117993812416755,0.6753425559264385,4.270695952029551,4.137164559405029,0.691153161953081,0.6871770135734415,4.137164559405029,4.42484663185681,3.7316994512968646,2.849310271098391,4.607168188650764,3.6516567436233283,4.42484663185681,0.691153161953081,4.019381523748645])",1.0
F166,"['describe', 'market', 'world.', '—', 'shocking', 'claims', 'mind', 'control', 'surface', 'internet.']","(10000,[503,1208,2657,3184,5850,6287,7085,7281,7936,8338],[0.691153161953081,2.7508701982851385,3.2721671219184243,2.7508701982851385,0.691153161953081,3.914021008090819,4.270695952029551,0.6871770135734415,0.691153161953081,0.691153161953081])",0.0
R003,"['defense', 'walk', 'certain', 'interview.', 'last', 'range', 'day', 'knowledge.', 'later', 'door', 'morning.', 'worker', 'act', 'avoid', 'television.', 'experts', 'discuss', 'ongoing', 'developments', 'budget', 'report.']","(10000,[165,560,1365,1388,2676,3543,3614,3989,4115,4506,4687,4847,4991,5138,5432,6142,6805,6928,9133,9288,9462],[4.137164559405029,4.42484663185681,5.117993812416755,5.117993812416755,4.137164559405029,3.8187108282864943,0.6753425559264385,4.42484663185681,5.523458920524919,0.691153161953081,0.6871770135734415,3.914021008090819,2.579019941358479,4.42484663185681,2.7508701982851385,4.137164559405029,5.523458920524919,4.270695952029551,4.270695952029551,3.914021008090819,0.691153161953081])",1.0
R167,"['begin', 'push', 'among.', 'material', 'material', 'issue', 'adult', 'lawyer', 'fund', 'nice', 'onto.', 'arm', 'recognize', 'increase', 'just.', 'experts', 'discuss', 'ongoing', 'developments', 'climate', 'change.']","(10000,[72,821,1457,1513,2059,2071,3231,3370,3614,3984,4506,4638,4687,5683,5978,6616,7963,8171,9021,9462],[3.7316994512968646,2.849310271098391,4.830311739964974,4.42484663185681,2.6902455764687034,4.830311739964974,7.155097542939212,3.914021008090819,0.6753425559264385,4.019381523748645,0.691153161953081,4.137164559405029,0.6871770135734415,5.117993812416755,3.577548771469606,4.42484663185681,4.270695952029551,4.019381523748645,4.607168188650764,0.691153161953081])",1.0
R183,"['five', 'month', 'half', 'performance.', 'experts', 'discuss', 'ongoing', 'developments', 'climate', 'change.']","(10000,[821,1596,1780,2059,3614,4506,4687,5741,5974,9462],[2.849310271098391,5.523458920524919,4.42484663185681,2.6902455764687034,0.6753425559264385,0.691153161953081,0.6871770135734415,4.137164559405029,3.577548771469606,0.691153161953081])",1.0
R238,"['specific', 'reality', 'say', 'culture.', 'identify', 'hear', 'difference', 'state.', 'present', 'better', 'all.', 'experts', 'discuss', 'ongoing', 'developments', 'technology', 'breakthrough.']","(10000,[680,1020,1535,2059,2227,2543,3614,3967,4506,4687,4842,5703,5862,7866,8130,8929,9462],[3.914021008090819,2.579019941358479,4.830311739964974,2.6902455764687034,2.7200985396183848,3.577548771469606,0.6753425559264385,3.8187108282864943,0.691153161953081,0.6871770135734415,3.914021008090819,5.117993812416755,4.607168188650764,4.019381523748645,4.270695952029551,5.523458920524919,0.691153161953081])",1.0
R041,"['east', 'partner', 'western', 'perform', 'resource', 'help', 'stand.', 'speech', 'determine', 'across', 'various', 'physical.', 'community', 'peace', 'woman', 'material.', 'media', 'research', 'thing', 'represent.', 'experts', 'discuss', 'ongoing', 'developments', 'election.']","(10000,[116,502,524,1098,1116,1209,1670,3538,3556,3614,3857,4506,4563,4687,5616,6090,6576,6647,6697,7074,7734,8174,9347,9432,9462],[4.137164559405029,4.019381523748645,3.8187108282864943,4.42484663185681,5.117993812416755,4.42484663185681,3.7316994512968646,5.117993812416755,2.849310271098391,0.6753425559264385,4.270695952029551,0.691153161953081,4.137164559405029,0.6871770135734415,4.830311739964974,5.523458920524919,4.137164559405029,4.137164559405029,4.137164559405029,3.383392757028649,4.607168188650764,3.8187108282864943,4.270695952029551,4.270695952029551,0.691153161953081])",1.0
F237,"['central', 'third', 'task', 'million', 'simple.', 'strategy', 'free', 'pretty', 'world', 'operation.', 'hand', 'cultural', 'reveal', 'wrong', 'present', 'some.', 'research', 'notice', 'imagine', 'somebody', 'peace', 'look.', '—', 'shocking', 'claims', 'government', 'cover-up', 'surface', 'internet.']","(10000,[503,1073,1507,1525,2259,2291,3089,3423,3919,4805,5301,5850,5887,6512,6697,7183,7281,7936,8130,8338,8411,8451,8651,8771,8928,9233,9360,9432,9813],[0.691153161953081,4.42484663185681,4.607168188650764,4.42484663185681,2.849310271098391,4.830311739964974,4.42484663185681,4.607168188650764,4.830311739964974,5.523458920524919,4.137164559405029,0.691153161953081,3.914021008090819,3.914021008090819,4.137164559405029,5.523458920524919,0.6871770135734415,0.691153161953081,4.270695952029551,0.691153161953081,3.4440173788450834,4.270695952029551,4.42484663185681,4.270695952029551,3.914021008090819,4.270695952029551,3.8187108282864943,4.270695952029551,2.997730276216664])",0.0
R086,"['degree', 'member', 'us', 'scene', 'mind', 'stop.', 'save', 'clearly', 'address', 'soon', 'water', 'product.', 'happen', 'school', 'environment', 'start', 'reason', 'hope.', 'experts', 'discuss', 'ongoing', 'developments', 'research.']","(10000,[1041,2407,2589,2679,2944,2996,3184,3614,4270,4454,4506,4520,4687,4704,5844,6660,6790,6917,7066,8238,9462,9918,9943],[4.019381523748645,4.607168188650764,4.137164559405029,3.914021008090819,4.019381523748645,3.577548771469606,2.7508701982851385,0.6753425559264385,4.607168188650764,3.914021008090819,0.691153161953081,4.137164559405029,0.6871770135734415,4.270695952029551,4.42484663185681,3.8187108282864943,4.42484663185681,4.830311739964974,2.849310271098391,4.019381523748645,0.691153161953081,4.607168188650764,3.7316994512968646])",1.0
R240,"['best', 'property', 'civil.', 'source', 'development', 'thing', 'future', 'special', 'current', 'share.', 'much', 'face', 'low', 'energy', 'feel', 'down.', 'experts', 'discuss', 'ongoing', 'developments', 'policy.']","(10000,[524,763,1055,2733,2871,3032,3115,3614,3857,4034,4464,4506,4687,6488,6944,7721,8307,8411,9025,9189,9462],[3.8187108282864943,4.019381523748645,4.270695952029551,4.270695952029551,4.42484663185681,4.270695952029551,4.270695952029551,0.6753425559264385,4.270695952029551,4.137164559405029,5.117993812416755,0.691153161953081,0.6871770135734415,4.42484663185681,2.849310271098391,3.914021008090819,4.607168188650764,3.4440173788450834,4.830311739964974,4.270695952029551,0.691153161953081])",1.0
R133,"['nation', 'environmental', 'blue.', 'society', 'point', 'anything', 'describe.', 'rock', 'discover', 'possible.', 'experts', 'discuss', 'ongoing', 'developments', 'public', 'health.']","(10000,[327,574,1770,2114,2272,2722,3614,4014,4170,4416,4506,4687,6027,6219,7309,9462],[4.830311739964974,4.270695952029551,2.7826188965997183,4.42484663185681,4.830311739964974,5.117993812416755,0.6753425559264385,4.270695952029551,4.270695952029551,5.117993812416755,0.691153161953081,0.6871770135734415,4.607168188650764,3.172083663361442,5.117993812416755,0.691153161953081])",1.0
F044,"['tree', 'brother', 'cost', 'ask', 'exactly.', 'ok', 'explain', 'throw', 'positive', 'sell', 'space', 'director.', 'attack', 'business', 'red', 'quality', 'wall', 'school.', '—', 'shocking', 'claims', 'hoax', 'surface', 'internet.']","(10000,[1,52,160,291,503,1211,2645,3506,3507,4377,4485,4490,5341,5374,5693,5850,5871,6404,7281,7936,8325,8338,8408,9188],[4.270695952029551,4.42484663185681,4.607168188650764,3.914021008090819,0.691153161953081,5.523458920524919,3.6516567436233283,4.607168188650764,4.270695952029551,2.60568818844064,4.607168188650764,4.42484663185681,3.7316994512968646,4.137164559405029,5.117993812416755,0.691153161953081,3.914021008090819,4.137164559405029,0.6871770135734415,0.691153161953081,4.137164559405029,0.691153161953081,4.607168188650764,4.42484663185681])",0.0
F125,"['probably', 'card', 'hotel', 'crime', 'reach', 'true', 'push.', 'parent', 'single', 'power', 'win', 'accept', 'store.', '—', 'shocking', 'claims', 'government', 'cover-up', 'surface', 'internet.']","(10000,[503,731,2144,2259,2297,2398,2657,2663,3056,5850,7074,7188,7281,7443,7889,7936,8338,8386,9813,9932],[0.691153161953081,4.137164559405029,4.42484663185681,2.849310271098391,3.914021008090819,4.137164559405029,3.2721671219184243,4.42484663185681,3.914021008090819,0.691153161953081,3.383392757028649,3.914021008090819,0.6871770135734415,4.830311739964974,4.607168188650764,0.691153161953081,0.691153161953081,4.42484663185681,2.997730276216664,4.830311739964974])",0.0
F165,"['rich', 'set', 'computer.', 'level', 'simple', 'figure', 'heart', 'business.', '—', 'shocking', 'claims', 'secret', 'cure', 'surface', 'internet.']","(10000,[503,1499,2913,3892,4110,4546,5342,5850,6212,6747,7281,7393,7936,8338,9808],[0.691153161953081,4.270695952029551,3.577548771469606,2.5530444549552183,3.8187108282864943,5.523458920524919,4.607168188650764,0.691153161953081,3.914021008090819,2.5530444549552183,0.6871770135734415,5.523458920524919,0.691153161953081,0.691153161953081,4.137164559405029])",0.0
F137,"['budget', 'see', 'mean', 'spring', 'cell', 'low.', 'economic', 'discuss', 'air', 'level.', '—', 'shocking', 'claims', 'flat', 'earth', 'surface', 'internet.']","(10000,[88,503,909,1644,2918,3210,3614,4991,5354,5850,7281,7936,8338,8546,9121,9144,9676],[4.270695952029551,0.691153161953081,4.270695952029551,4.607168188650764,3.0385522707369192,3.914021008090819,0.6753425559264385,2.579019941358479,3.914021008090819,0.691153161953081,0.6871770135734415,0.691153161953081,0.691153161953081,5.523458920524919,4.830311739964974,2.661258039595451,3.0385522707369192])",0.0
R088,"['maybe', 'machine', 'skin', 'consumer', 'person', 'decision.', 'property', 'wear', 'statement', 'establish', 'year.', 'experts', 'discuss', 'ongoing', 'developments', 'research.']","(10000,[2733,2923,3249,3614,4506,4687,4818,5377,5833,6581,7066,7517,8040,9462,9475,9817],[4.270695952029551,3.577548771469606,3.3262343431887,0.6753425559264385,0.691153161953081,0.6871770135734415,4.42484663185681,5.117993812416755,3.8187108282864943,3.7316994512968646,2.849310271098391,4.830311739964974,3.4440173788450834,0.691153161953081,3.914021008090819,3.914021008090819])",1.0
R169,"['brother', 'civil', 'parent', 'play', 'color', 'great', 'give.', 'organization', 'contain', 'light', 'occur', 'laugh.', 'experts', 'discuss', 'ongoing', 'developments', 'technology', 'breakthrough.']","(10000,[291,593,750,1020,1364,1720,1921,2173,2227,3614,3673,4506,4687,7493,8759,9462,9832,9932],[3.914021008090819,4.137164559405029,4.42484663185681,2.579019941358479,4.019381523748645,4.830311739964974,4.830311739964974,4.42484663185681,2.7200985396183848,0.6753425559264385,5.523458920524919,0.691153161953081,0.6871770135734415,4.42484663185681,5.117993812416755,0.691153161953081,3.8187108282864943,4.830311739964974])",1.0
R193,"['place', 'safe', 'unit', 'product.', 'yard', 'reduce', 'foreign', 'writer', 'wall.', 'experts', 'discuss', 'ongoing', 'developments', 'technology', 'breakthrough.']","(10000,[424,1020,2227,3072,3614,4270,4506,4687,6206,6335,6390,6906,7642,8159,9462],[4.270695952029551,2.579019941358479,2.7200985396183848,4.42484663185681,0.6753425559264385,4.607168188650764,0.691153161953081,0.6871770135734415,3.7316994512968646,4.137164559405029,4.607168188650764,4.607168188650764,4.019381523748645,3.7316994512968646,0.691153161953081])",1.0
F247,"['current', 'home', 'understand', 'stop', 'inside.', '—', 'shocking', 'claims', 'mind', 'control', 'surface', 'internet.']","(10000,[503,796,1208,3184,3365,5465,5850,6487,7281,7936,8338,9189],[0.691153161953081,3.8187108282864943,2.7508701982851385,2.7508701982851385,4.270695952029551,4.42484663185681,0.691153161953081,3.4440173788450834,0.6871770135734415,0.691153161953081,0.691153161953081,4.270695952029551])",0.0
R179,"['local', 'song', 'resource', 'decade', 'big', 'represent', 'after.', 'manage', 'see', 'ask', 'brother', 'data', 'trade.', 'experts', 'discuss', 'ongoing', 'developments', 'technology', 'breakthrough.']","(10000,[228,291,1020,1670,1695,2039,2227,3048,3507,3614,4506,4687,5354,6030,7166,7350,7883,8717,9462],[4.42484663185681,3.914021008090819,2.579019941358479,3.7316994512968646,4.42484663185681,5.523458920524919,2.7200985396183848,5.117993812416755,4.270695952029551,0.6753425559264385,0.691153161953081,0.6871770135734415,3.914021008090819,4.270695952029551,5.117993812416755,3.914021008090819,4.137164559405029,3.8187108282864943,0.691153161953081])",1.0
F138,"['future', 'baby', 'better', 'seven', 'difficult', 'trial.', 'special', 'brother', 'believe.', 'reality', 'material', 'thought', 'person', 'activity', 'kind.', '—', 'shocking', 'claims', 'immortal', 'jellyfish', 'surface', 'internet.']","(10000,[55,291,503,586,680,1055,1348,1712,2066,2543,2784,3032,3231,3249,5850,6488,7281,7850,7936,8110,8338,9876],[4.42484663185681,3.914021008090819,0.691153161953081,5.117993812416755,3.914021008090819,4.270695952029551,3.8187108282864943,4.019381523748645,2.7508701982851385,3.577548771469606,4.830311739964974,4.270695952029551,3.577548771469606,3.3262343431887,0.691153161953081,4.42484663185681,0.6871770135734415,4.42484663185681,0.691153161953081,3.914021008090819,0.691153161953081,2.7508701982851385])",0.0
R017,"['represent', 'professor', 'including', 'center', 'scene.', 'per', 'least', 'all.', 'food', 'seem', 'five', 'figure', 'special', 'low', 'current.', 'result', 'two', 'little', 'line', 'always', 'include', 'sound.', 'experts', 'discuss', 'ongoing', 'developments', 'policy.']","(10000,[298,399,1055,1182,1480,1535,1590,1634,2543,2588,2953,3614,4110,4506,4687,4728,5401,5974,6000,6944,7334,8411,8653,8717,9011,9372,9462],[4.270695952029551,4.137164559405029,4.270695952029551,4.607168188650764,4.137164559405029,4.830311739964974,4.830311739964974,4.270695952029551,3.577548771469606,4.607168188650764,4.019381523748645,0.6753425559264385,3.8187108282864943,0.691153161953081,0.6871770135734415,4.42484663185681,4.137164559405029,3.577548771469606,4.42484663185681,2.849310271098391,4.137164559405029,3.4440173788450834,4.42484663185681,3.8187108282864943,4.137164559405029,5.117993812416755,0.691153161953081])",1.0
F090,"['history', 'woman', 'rule', 'western.', 'star', 'simply', 'capital.', '—', 'shocking', 'claims', 'mind', 'control', 'surface', 'internet.']","(10000,[101,343,503,1208,1642,3184,3497,4563,5170,5850,6543,7281,7936,8338],[4.830311739964974,4.270695952029551,0.691153161953081,2.7508701982851385,3.5085558999826545,2.7508701982851385,4.019381523748645,4.137164559405029,4.019381523748645,0.691153161953081,4.019381523748645,0.6871770135734415,0.691153161953081,0.691153161953081])",0.0
F222,"['sign', 'activity', 'although', 'middle', 'interesting', 'sing.', 'wear', 'former', 'since', 'choice', 'possible', 'across.', '—', 'shocking', 'claims', 'mind', 'control', 'surface', 'internet.']","(10000,[503,1208,3184,3634,4066,4160,5627,5850,6053,6100,6287,6581,6756,7281,7779,7936,8110,8338,9878],[0.691153161953081,2.7508701982851385,2.7508701982851385,4.607168188650764,5.117993812416755,4.019381523748645,4.607168188650764,0.691153161953081,3.7316994512968646,4.607168188650764,3.914021008090819,3.7316994512968646,3.5085558999826545,0.6871770135734415,3.7316994512968646,0.691153161953081,3.914021008090819,0.691153161953081,4.42484663185681])",0.0
R114,"['hour', 'always', 'item', 'glass', 'always', 'although', 'itself.', 'newspaper', 'good', 'degree', 'strategy.', 'sometimes', 'dinner', 'mind.', 'experts', 'discuss', 'ongoing', 'developments', 'climate', 'change.']","(10000,[527,821,1916,2059,2240,2862,3238,3614,4506,4687,5869,6168,6764,6932,7516,7779,9011,9462,9943],[4.830311739964974,2.849310271098391,4.019381523748645,2.6902455764687034,4.019381523748645,5.117993812416755,4.137164559405029,0.6753425559264385,0.691153161953081,0.6871770135734415,4.019381523748645,4.607168188650764,4.830311739964974,3.8187108282864943,5.523458920524919,3.7316994512968646,8.274329118810059,0.691153161953081,3.7316994512968646])",1.0
F235,"['president', 'window', 'alone', 'turn.', 'director', 'rule', 'community', 'defense', 'senior', 'better', 'officer.', 'tend', 'quite', 'like', 'beyond', 'food.', '—', 'shocking', 'claims', 'celebrity', 'scandal', 'surface', 'internet.']","(10000,[343,503,1306,1810,1853,2403,2492,2543,3330,3334,3486,3543,4085,4144,4921,5850,6056,6511,7281,7936,8174,8338,8900],[4.270695952029551,0.691153161953081,3.914021008090819,4.137164559405029,4.019381523748645,4.137164559405029,4.019381523748645,3.577548771469606,4.137164559405029,4.830311739964974,2.849310271098391,3.8187108282864943,5.523458920524919,4.137164559405029,2.849310271098391,0.691153161953081,3.8187108282864943,5.523458920524919,0.6871770135734415,0.691153161953081,3.8187108282864943,0.691153161953081,4.137164559405029])",0.0
F185,"['campaign', 'term', 'crime', 'full.', 'development', 'town.', 'process', 'animal', 'matter.', '—', 'shocking', 'claims', 'hoax', 'surface', 'internet.']","(10000,[503,731,2188,2871,4377,5850,6278,6675,7281,7360,7936,7968,8040,8338,8993],[0.691153161953081,4.137164559405029,4.270695952029551,4.42484663185681,2.60568818844064,0.691153161953081,5.523458920524919,4.607168188650764,0.6871770135734415,4.270695952029551,0.691153161953081,5.117993812416755,3.4440173788450834,0.691153161953081,4.830311739964974])",0.0
F221,"['tonight', 'describe', 'recently', 'road', 'trial.', 'hear', 'eight', 'series', 'describe', 'agent.', 'officer', 'final', 'career', 'think', 'apply', 'require.', '—', 'shocking', 'claims', 'flat', 'earth', 'surface', 'internet.']","(10000,[503,696,1653,2034,2335,2918,3032,3389,4463,4842,4930,5716,5725,5850,7085,7281,7312,7936,8012,8338,8482,9676],[0.691153161953081,4.137164559405029,4.42484663185681,4.42484663185681,3.8187108282864943,3.0385522707369192,4.270695952029551,4.607168188650764,4.019381523748645,3.914021008090819,4.137164559405029,5.117993812416755,3.914021008090819,0.691153161953081,8.541391904059102,0.6871770135734415,4.607168188650764,0.691153161953081,5.523458920524919,0.691153161953081,4.830311739964974,3.0385522707369192])",0.0
F054,"['lay', 'understand', 'others', 'prepare', 'whole', 'top.', '—', 'shocking', 'claims', 'secret', 'cure', 'surface', 'internet.']","(10000,[503,627,2286,3892,4475,5850,6083,6487,6747,6940,7281,7936,8338],[0.691153161953081,4.42484663185681,3.914021008090819,2.5530444549552183,4.607168188650764,0.691153161953081,4.607168188650764,3.4440173788450834,2.5530444549552183,4.137164559405029,0.6871770135734415,0.691153161953081,0.691153161953081])",0.0
R000,"['offer', 'shoulder', 'analysis', 'professional', 'stand', 'successful.', 'style', 'father', 'future', 'door', 'region.', 'experts', 'discuss', 'ongoing', 'developments', 'public', 'health.']","(10000,[613,1296,1770,1800,2155,2958,3614,3984,4506,4687,4847,6219,6488,6756,6886,8000,9462],[4.137164559405029,4.270695952029551,2.7826188965997183,3.577548771469606,4.830311739964974,4.019381523748645,0.6753425559264385,4.019381523748645,0.691153161953081,0.6871770135734415,3.914021008090819,3.172083663361442,4.42484663185681,3.5085558999826545,4.830311739964974,3.914021008090819,0.691153161953081])",1.0
R178,"['see', 'body', 'sport', 'painting.', 'station', 'president', 'north', 'husband.', 'establish', 'check', 'new', 'past', 'wish', 'assume.', 'experts', 'discuss', 'ongoing', 'developments', 'budget', 'report.']","(10000,[495,585,841,1306,1778,2923,3614,3901,4506,4687,4991,5354,5432,7138,8278,8415,8550,9142,9275,9462],[4.137164559405029,4.830311739964974,4.607168188650764,3.914021008090819,4.830311739964974,3.577548771469606,0.6753425559264385,4.270695952029551,0.691153161953081,0.6871770135734415,2.579019941358479,3.914021008090819,2.7508701982851385,4.830311739964974,4.607168188650764,4.137164559405029,4.830311739964974,5.117993812416755,3.7316994512968646,0.691153161953081])",1.0
F006,"['among', 'wonder', 'area', 'mrs', 'also.', 'claim', 'identify', 'six', 'policy', 'market.', 'address', 'citizen', 'pass', 'house', 'key', 'answer.', '—', 'shocking', 'claims', 'hoax', 'surface', 'internet.']","(10000,[8,503,2086,3131,3967,4142,4377,4454,4723,5401,5649,5836,5850,7281,7362,7936,8121,8338,8353,8392,8937,9751],[4.270695952029551,0.691153161953081,5.523458920524919,4.270695952029551,3.8187108282864943,4.019381523748645,2.60568818844064,3.914021008090819,5.117993812416755,4.137164559405029,4.42484663185681,4.42484663185681,0.691153161953081,0.6871770135734415,4.019381523748645,0.691153161953081,4.42484663185681,0.691153161953081,3.7316994512968646,4.42484663185681,4.42484663185681,4.42484663185681])",0.0
F174,"['course', 'everyone', 'company', 'then.', 'tree', 'arrive', 'he.', 'represent', 'travel', 'improve', 'power.', '—', 'shocking', 'claims', 'secret', 'cure', 'surface', 'internet.']","(10000,[503,942,1029,2408,3652,3892,5379,5850,5871,6747,7281,7391,7936,8257,8338,8681,8717,8893],[0.691153161953081,4.137164559405029,4.270695952029551,4.42484663185681,4.42484663185681,2.5530444549552183,5.117993812416755,0.691153161953081,3.914021008090819,2.5530444549552183,0.6871770135734415,3.914021008090819,0.691153161953081,5.117993812416755,0.691153161953081,4.607168188650764,3.8187108282864943,3.914021008090819])",0.0
R009,"['lose', 'rise', 'push', 'throughout', 'resource', 'try.', 'experts', 'discuss', 'ongoing', 'developments', 'election.']","(10000,[1670,3556,3614,3960,4422,4506,4687,4816,5948,5978,9462],[3.7316994512968646,2.849310271098391,0.6753425559264385,5.117993812416755,4.137164559405029,0.691153161953081,0.6871770135734415,3.6516567436233283,4.019381523748645,3.577548771469606,0.691153161953081])",1.0
R122,"['staff', 'weight', 'subject.', 'establish', 'democratic', 'business', 'teacher', 'dark', 'strong.', 'across', 'mr', 'life', 'entire.', 'experts', 'discuss', 'ongoing', 'developments', 'economic', 'growth.']","(10000,[278,656,697,2647,2923,3477,3614,4506,4687,5374,5606,6224,7074,8004,8708,9034,9144,9189,9462],[4.607168188650764,5.117993812416755,4.019381523748645,3.914021008090819,3.577548771469606,4.137164559405029,0.6753425559264385,0.691153161953081,0.6871770135734415,4.137164559405029,4.137164559405029,4.137164559405029,3.383392757028649,4.607168188650764,3.914021008090819,2.8844015909096608,2.661258039595451,4.270695952029551,0.691153161953081])",1.0
F189,"['detail', 'fear', 'senior', 'identify', 'prevent', 'public', 'day.', 'believe', 'vote', 'rate', 'prevent.', 'share', 'really', 'mother', 'individual', 'democratic', 'share', 'left.', '—', 'shocking', 'claims', 'immortal', 'jellyfish', 'surface', 'internet.']","(10000,[253,354,503,533,1143,1770,1842,2066,2338,3252,3947,3967,4112,4144,5134,5606,5850,7281,7936,8338,8614,9214,9513,9876],[4.137164559405029,4.42484663185681,0.691153161953081,4.830311739964974,4.830311739964974,2.7826188965997183,5.117993812416755,2.7508701982851385,4.830311739964974,4.270695952029551,8.84969326371362,3.8187108282864943,4.137164559405029,4.137164559405029,5.117993812416755,4.137164559405029,0.691153161953081,0.6871770135734415,0.691153161953081,0.691153161953081,4.42484663185681,4.019381523748645,4.42484663185681,2.7508701982851385])",0.0
R146,"['simply', 'agreement', 'relationship', 'list', 'machine', 'first.', 'resource', 'former', 'list', 'material.', 'article', 'someone.', 'experts', 'discuss', 'ongoing', 'developments', 'technology', 'breakthrough.']","(10000,[1020,1642,1670,1702,2227,3409,3614,3756,4160,4260,4506,4687,5616,8040,8413,8728,9462],[2.579019941358479,3.5085558999826545,3.7316994512968646,4.42484663185681,2.7200985396183848,4.607168188650764,0.6753425559264385,4.019381523748645,4.019381523748645,4.137164559405029,0.691153161953081,0.6871770135734415,4.830311739964974,3.4440173788450834,3.8187108282864943,6.888034757690167,0.691153161953081])",1.0
R022,"['magazine', 'day', 'live.', 'important', 'every', 'almost', 'animal', 'whom.', 'magazine', 'child', 'nice', 'improve', 'help', 'wrong', 'total', 'find.', 'effort', 'take.', 'experts', 'discuss', 'ongoing', 'developments', 'climate', 'change.']","(10000,[735,821,1967,2059,2408,2929,3370,3614,4357,4506,4687,5726,6279,6512,7244,7359,7360,8413,8566,9133,9347,9462,9681],[3.8187108282864943,2.849310271098391,3.7316994512968646,2.6902455764687034,4.42484663185681,4.830311739964974,3.914021008090819,0.6753425559264385,5.117993812416755,0.691153161953081,0.6871770135734415,4.270695952029551,4.607168188650764,3.914021008090819,3.6516567436233283,5.117993812416755,4.270695952029551,7.637421656572989,4.42484663185681,4.270695952029551,4.270695952029551,0.691153161953081,4.42484663185681])",1.0
F177,"['eat', 'young', 'experience', 'seek.', 'politics', 'example', 'child', 'art', 'address', 'never', 'range.', 'onto', 'base', 'provide', 'final', 'do.', '—', 'shocking', 'claims', 'aliens', 'surface', 'internet.']","(10000,[281,503,650,1209,1653,1862,2922,3635,4319,4454,5850,5887,5946,7244,7276,7281,7809,7854,7936,8173,8338,9606],[4.270695952029551,0.691153161953081,2.958509563063383,4.42484663185681,4.42484663185681,4.607168188650764,4.830311739964974,4.019381523748645,3.2208738275308737,3.914021008090819,0.691153161953081,3.914021008090819,4.42484663185681,3.6516567436233283,3.8187108282864943,0.6871770135734415,4.137164559405029,4.270695952029551,0.691153161953081,3.577548771469606,0.691153161953081,5.117993812416755])",0.0
F021,"['none', 'test', 'either.', 'true', 'case', 'police', 'service.', '—', 'shocking', 'claims', 'secret', 'cure', 'surface', 'internet.']","(10000,[503,3876,3892,4221,5850,6342,6586,6747,7188,7281,7632,7936,8338,9831],[0.691153161953081,4.137164559405029,2.5530444549552183,4.830311739964974,0.691153161953081,3.8187108282864943,4.42484663185681,2.5530444549552183,3.914021008090819,0.6871770135734415,5.523458920524919,0.691153161953081,0.691153161953081,4.42484663185681])",0.0
R039,"['sea', 'memory', 'southern', 'night', 'hot', 'eat.', 'statement', 'bad', 'daughter.', 'experts', 'discuss', 'ongoing', 'developments', 'economic', 'growth.']","(10000,[2406,3614,3743,4506,4687,6836,6869,6941,7956,9034,9144,9462,9617,9693,9817],[5.117993812416755,0.6753425559264385,4.019381523748645,0.691153161953081,0.6871770135734415,5.117993812416755,3.914021008090819,5.117993812416755,4.607168188650764,2.8844015909096608,2.661258039595451,0.691153161953081,3.8187108282864943,3.8187108282864943,3.914021008090819])",1.0
F061,"['note', 'nothing', 'certain.', 'history', 'behavior', 'military.', '—', 'shocking', 'claims', 'miracle', 'drug', 'surface', 'internet.']","(10000,[503,735,1256,4292,4439,5850,6543,7281,7860,7936,8338,9380,9909],[0.691153161953081,3.8187108282864943,3.125563647726549,3.8187108282864943,5.523458920524919,0.691153161953081,4.019381523748645,0.6871770135734415,2.849310271098391,0.691153161953081,0.691153161953081,5.523458920524919,4.270695952029551])",0.0
R057,"['defense', 'figure', 'couple', 'concern', 'note.', 'professor', 'check', 'company', 'us', 'authority', 'create', 'situation', 'local.', 'experts', 'discuss', 'ongoing', 'developments', 'technology', 'breakthrough.']","(10000,[942,1020,1176,1404,1968,2227,2543,3136,3543,3614,3901,4110,4506,4687,6660,7702,9325,9462,9599],[4.137164559405029,2.579019941358479,4.137164559405029,3.8187108282864943,4.830311739964974,2.7200985396183848,3.577548771469606,4.42484663185681,3.8187108282864943,0.6753425559264385,4.270695952029551,3.8187108282864943,0.691153161953081,0.6871770135734415,3.8187108282864943,4.42484663185681,5.523458920524919,0.691153161953081,5.523458920524919])",1.0
F154,"['mr', 'home', 'room', 'suggest', 'enough.', 'argue', 'political', 'space', 'court.', '—', 'shocking', 'claims', 'immortal', 'jellyfish', 'surface', 'internet.']","(10000,[197,481,494,503,2066,2647,3365,3730,3935,5850,7281,7816,7936,8338,9188,9876],[5.523458920524919,4.607168188650764,4.607168188650764,0.691153161953081,2.7508701982851385,3.914021008090819,4.270695952029551,4.137164559405029,3.6516567436233283,0.691153161953081,0.6871770135734415,4.270695952029551,0.691153161953081,0.691153161953081,4.42484663185681,2.7508701982851385])",0.0
F052,"['baby', 'wear', 'model', 'policy', 'short', 'page.', '—', 'shocking', 'claims', 'mind', 'control', 'surface', 'internet.']","(10000,[503,1208,1262,1348,3184,3813,4142,5850,6581,7102,7281,7936,8338],[0.691153161953081,2.7508701982851385,4.830311739964974,3.8187108282864943,2.7508701982851385,4.830311739964974,4.019381523748645,0.691153161953081,3.7316994512968646,4.830311739964974,0.6871770135734415,0.691153161953081,0.691153161953081])",0.0
F124,"['gun', 'congress', 'lose', 'week', 'though', 'lead.', 'career', 'service', 'ready', 'father', 'fine.', 'develop', 'drop', 'yard', 'police', 'nearly.', '—', 'shocking', 'claims', 'flat', 'earth', 'surface', 'internet.']","(10000,[292,424,503,1241,1800,2252,2437,2918,3385,3876,4422,4930,5122,5850,6557,7281,7386,7936,8313,8338,8577,8728,9676],[5.523458920524919,4.270695952029551,0.691153161953081,3.4440173788450834,3.577548771469606,4.270695952029551,5.117993812416755,3.0385522707369192,4.270695952029551,4.137164559405029,4.137164559405029,4.137164559405029,4.607168188650764,0.691153161953081,3.8187108282864943,0.6871770135734415,5.523458920524919,0.691153161953081,4.270695952029551,0.691153161953081,3.8187108282864943,3.4440173788450834,3.0385522707369192])",0.0
R071,"['radio', 'painting', 'something', 'effect.', 'sing', 'moment', 'sometimes', 'participant', 'pay', 'attention.', 'experts', 'discuss', 'ongoing', 'developments', 'budget', 'report.']","(10000,[1034,1890,3401,3614,4506,4687,4897,4991,5396,5432,5869,6451,8203,9086,9462,9826],[4.137164559405029,5.117993812416755,4.270695952029551,0.6753425559264385,0.691153161953081,0.6871770135734415,4.019381523748645,2.579019941358479,5.117993812416755,2.7508701982851385,4.019381523748645,3.914021008090819,5.523458920524919,4.830311739964974,0.691153161953081,4.830311739964974])",1.0
R152,"['word', 'case', 'speech', 'four', 'experience', 'commercial.', 'experts', 'discuss', 'ongoing', 'developments', 'budget', 'report.']","(10000,[502,1243,3519,3614,3635,4506,4613,4687,4991,5432,6342,9462],[4.019381523748645,4.270695952029551,4.42484663185681,0.6753425559264385,4.019381523748645,0.691153161953081,4.830311739964974,0.6871770135734415,2.579019941358479,2.7508701982851385,3.8187108282864943,0.691153161953081])",1.0
F038,"['show', 'source', 'experience', 'economic', 'expert.', 'beautiful', 'apply', 'later', 'the.', '—', 'shocking', 'claims', 'mind', 'control', 'surface', 'internet.']","(10000,[503,560,1208,1273,1510,2260,3184,3635,4019,5850,7281,7312,7721,7936,8338,9144],[0.691153161953081,4.42484663185681,2.7508701982851385,3.7316994512968646,5.117993812416755,4.830311739964974,2.7508701982851385,4.019381523748645,4.137164559405029,0.691153161953081,0.6871770135734415,4.607168188650764,3.914021008090819,0.691153161953081,0.691153161953081,2.661258039595451])",0.0
F101,"['red', 'state', 'home', 'prepare', 'believe.', 'design', 'raise', 'girl', 'culture', 'rest.', '—', 'shocking', 'claims', 'immortal', 'jellyfish', 'surface', 'internet.']","(10000,[52,503,586,1029,1808,2066,2286,2989,3365,3527,3922,5850,7281,7936,8338,8645,9876],[4.42484663185681,0.691153161953081,5.117993812416755,4.270695952029551,4.607168188650764,2.7508701982851385,3.914021008090819,5.117993812416755,4.270695952029551,4.42484663185681,4.42484663185681,0.691153161953081,0.6871770135734415,0.691153161953081,0.691153161953081,4.607168188650764,2.7508701982851385])",0.0
F203,"['technology', 'fund', 'beautiful.', '—', 'shocking', 'claims', 'celebrity', 'scandal', 'surface', 'internet.']","(10000,[503,870,1020,3486,4638,4921,5850,7281,7936,8338],[0.691153161953081,4.42484663185681,2.579019941358479,2.849310271098391,4.137164559405029,2.849310271098391,0.691153161953081,0.6871770135734415,0.691153161953081,0.691153161953081])",0.0
F192,"['recognize', 'reduce', 'head', 'especially', 'mention', 'evening', 'value.', 'music', 'various', 'ago', 'six', 'yes', 'shake.', '—', 'shocking', 'claims', 'government', 'cover-up', 'surface', 'internet.']","(10000,[490,503,1064,1896,2259,2907,5044,5286,5401,5850,6176,6370,6647,7281,7936,8159,8171,8173,8338,9813],[5.117993812416755,0.691153161953081,3.914021008090819,3.8187108282864943,2.849310271098391,4.42484663185681,4.019381523748645,5.117993812416755,4.137164559405029,0.691153161953081,5.117993812416755,4.137164559405029,4.137164559405029,0.6871770135734415,0.691153161953081,3.7316994512968646,4.019381523748645,3.577548771469606,0.691153161953081,2.997730276216664])",0.0
R189,"['shoulder', 'beautiful.', 'produce', 'sit', 'skin', 'network', 'feel.', 'generation', 'party', 'officer', 'day', 'arrive', 'customer.', 'experts', 'discuss', 'ongoing', 'developments', 'climate', 'change.']","(10000,[696,821,870,1379,1648,2059,3614,4506,4687,5833,6714,6756,6946,6963,7391,9133,9152,9462,9682],[4.137164559405029,2.849310271098391,4.42484663185681,4.270695952029551,4.137164559405029,2.6902455764687034,0.6753425559264385,0.691153161953081,0.6871770135734415,3.8187108282864943,4.607168188650764,3.5085558999826545,4.42484663185681,4.607168188650764,3.914021008090819,4.270695952029551,4.137164559405029,0.691153161953081,4.830311739964974])",1.0
R098,"['time', 'size', 'improve', 'government.', 'experts', 'discuss', 'ongoing', 'developments', 'election.']","(10000,[2408,3192,3556,3614,4506,4687,5710,8157,9462],[4.42484663185681,4.019381523748645,2.849310271098391,0.6753425559264385,0.691153161953081,0.6871770135734415,4.42484663185681,3.914021008090819,0.691153161953081])",1.0
R149,"['prove', 'player', 'something', 'store.', 'page', 'husband', 'law', 'look', 'parent.', 'pay', 'wind', 'inside', 'official', 'least', 'here.', 'experts', 'discuss', 'ongoing', 'developments', 'economic', 'growth.']","(10000,[1634,2558,2827,3614,3979,4506,4687,4897,5214,6604,7008,7208,7443,7958,8485,9034,9066,9144,9462,9826,9939],[4.270695952029551,4.607168188650764,4.42484663185681,0.6753425559264385,4.019381523748645,0.691153161953081,0.6871770135734415,4.019381523748645,4.607168188650764,4.137164559405029,5.117993812416755,4.830311739964974,4.830311739964974,5.523458920524919,4.270695952029551,2.8844015909096608,4.42484663185681,2.661258039595451,0.691153161953081,4.830311739964974,4.137164559405029])",1.0
R046,"['economy', 'record', 'record', 'design', 'similar', 'goal', 'rule.', 'last', 'reduce', 'relate', 'include.', 'worry', 'religious', 'girl', 'without', 'article.', 'experts', 'discuss', 'ongoing', 'developments', 'education.']","(10000,[217,988,1029,3614,3922,3989,4043,4293,4347,4506,4687,5047,5089,6340,7046,7711,8159,8343,8403,9462],[4.137164559405029,4.270695952029551,4.270695952029551,0.6753425559264385,4.42484663185681,4.42484663185681,4.270695952029551,4.137164559405029,8.03876304749729,0.691153161953081,0.6871770135734415,2.7200985396183848,3.6516567436233283,4.830311739964974,4.270695952029551,5.117993812416755,3.7316994512968646,4.42484663185681,5.117993812416755,0.691153161953081])",1.0
F055,"['interview', 'table', 'soldier', 'military', 'debate.', 'industry', 'central', 'region', 'agreement', 'full', 'whole', 'everyone.', '—', 'shocking', 'claims', 'hoax', 'surface', 'internet.']","(10000,[503,627,3010,3479,3931,4141,4377,5563,5850,5877,6035,7281,7936,8159,8338,8413,8897,8928],[0.691153161953081,4.42484663185681,4.607168188650764,4.830311739964974,4.019381523748645,4.830311739964974,2.60568818844064,5.117993812416755,0.691153161953081,3.8187108282864943,3.383392757028649,0.6871770135734415,0.691153161953081,3.7316994512968646,0.691153161953081,3.8187108282864943,4.270695952029551,3.914021008090819])",0.0
F159,"['pay', 'policy', 'develop', 'appear', 'begin', 'tv', 'bring.', 'garden', 'bill', 'charge', 'quality', 'manager.', '—', 'shocking', 'claims', 'flat', 'earth', 'surface', 'internet.']","(10000,[503,1241,1513,1766,2918,3506,4142,4547,4897,5850,5936,6812,7161,7281,7936,8135,8182,8338,9676],[0.691153161953081,3.4440173788450834,4.42484663185681,4.607168188650764,3.0385522707369192,4.607168188650764,4.019381523748645,3.914021008090819,4.019381523748645,0.691153161953081,5.117993812416755,4.019381523748645,5.117993812416755,0.6871770135734415,0.691153161953081,4.270695952029551,4.137164559405029,0.691153161953081,3.0385522707369192])",0.0
F083,"['car', 'middle', 'situation', 'market', 'hotel', 'allow.', 'design', 'land', 'military', 'pressure.', 'push', 'past', 'war', 'recognize.', '—', 'shocking', 'claims', 'secret', 'cure', 'surface', 'internet.']","(10000,[503,740,2657,2663,3136,3674,3892,3922,5850,5877,5978,6747,7148,7281,7381,7601,7936,8338,8719,9275,9878],[0.691153161953081,5.117993812416755,3.2721671219184243,4.42484663185681,4.42484663185681,4.42484663185681,2.5530444549552183,4.42484663185681,0.691153161953081,3.8187108282864943,3.577548771469606,2.5530444549552183,4.830311739964974,0.6871770135734415,4.830311739964974,4.42484663185681,0.691153161953081,0.691153161953081,4.137164559405029,3.7316994512968646,4.42484663185681])",0.0
R109,"['worker', 'general', 'make', 'every', 'hard', 'agree', 'instead.', 'girl', 'knowledge', 'forward', 'customer.', 'bit', 'quite.', 'experts', 'discuss', 'ongoing', 'developments', 'education.']","(10000,[1029,1955,1989,2676,3525,3614,4506,4687,5047,5125,5465,6714,6925,7864,8411,8878,9462,9681],[4.270695952029551,5.117993812416755,4.42484663185681,4.137164559405029,4.137164559405029,0.6753425559264385,0.691153161953081,0.6871770135734415,2.7200985396183848,4.019381523748645,4.42484663185681,4.607168188650764,4.019381523748645,4.270695952029551,3.4440173788450834,5.523458920524919,0.691153161953081,4.42484663185681])",1.0
R102,"['ten', 'miss', 'degree', 'police', 'again.', 'human', 'pick', 'decide', 'public', 'trip.', 'probably', 'guy', 'computer', 'daughter', 'agree.', 'experts', 'discuss', 'ongoing', 'developments', 'climate', 'change.']","(10000,[94,821,1071,1770,1898,2059,2297,3614,3876,4506,4687,5085,6521,6865,7372,7623,8151,8293,8303,9462,9943],[4.270695952029551,2.849310271098391,4.270695952029551,2.7826188965997183,4.830311739964974,2.6902455764687034,3.914021008090819,0.6753425559264385,4.137164559405029,0.691153161953081,0.6871770135734415,3.914021008090819,4.830311739964974,5.117993812416755,4.270695952029551,4.270695952029551,3.914021008090819,4.830311739964974,4.137164559405029,0.691153161953081,3.7316994512968646])",1.0
R060,"['wait', 'reduce', 'glass', 'huge.', 'fact', 'level', 'fly', 'republican.', 'experts', 'discuss', 'ongoing', 'developments', 'election.']","(10000,[1499,3556,3614,4506,4687,5321,5477,5944,5966,6932,7215,8159,9462],[4.270695952029551,2.849310271098391,0.6753425559264385,0.691153161953081,0.6871770135734415,4.137164559405029,4.42484663185681,4.270695952029551,4.830311739964974,3.8187108282864943,3.914021008090819,3.7316994512968646,0.691153161953081])",1.0
F085,"['conference', 'hot', 'environmental', 'discussion.', 'power', 'ready', 'wish', 'light', 'somebody', 'spend.', 'budget', 'leg', 'beyond', 'present', 'window.', '—', 'shocking', 'claims', 'secret', 'cure', 'surface', 'internet.']","(10000,[495,503,619,1720,3056,3089,3892,4079,4516,4991,5657,5850,6027,6290,6557,6747,7281,7936,8130,8338,8900,9693],[4.137164559405029,0.691153161953081,4.830311739964974,4.830311739964974,3.914021008090819,4.42484663185681,2.5530444549552183,4.830311739964974,5.117993812416755,2.579019941358479,4.137164559405029,0.691153161953081,4.607168188650764,4.137164559405029,3.8187108282864943,2.5530444549552183,0.6871770135734415,0.691153161953081,4.270695952029551,0.691153161953081,4.137164559405029,3.8187108282864943])",0.0
F188,"['simply', 'whether', 'easy', 'economic', 'several', 'maintain.', 'wife', 'production', 'south', 'painting.', 'report', 'number', 'research', 'sea', 'religious.', '—', 'shocking', 'claims', 'hoax', 'surface', 'internet.']","(10000,[503,760,1642,3021,3406,4377,4816,5850,6475,6505,7138,7281,7936,8338,8353,8444,8519,9144,9227,9432,9617],[0.691153161953081,4.42484663185681,3.5085558999826545,3.914021008090819,4.270695952029551,2.60568818844064,3.6516567436233283,0.691153161953081,5.523458920524919,4.270695952029551,4.830311739964974,0.6871770135734415,0.691153161953081,0.691153161953081,3.7316994512968646,4.830311739964974,3.8187108282864943,2.661258039595451,4.830311739964974,4.270695952029551,3.8187108282864943])",0.0
F131,"['plant', 'everybody', 'hope.', 'understand', 'stop', 'person', 'voice', 'assume.', '—', 'shocking', 'claims', 'hoax', 'surface', 'internet.']","(10000,[503,796,2561,3249,3530,4377,5850,6487,7244,7281,7936,8338,8550,9918],[0.691153161953081,3.8187108282864943,3.8187108282864943,3.3262343431887,4.42484663185681,2.60568818844064,0.691153161953081,3.4440173788450834,3.6516567436233283,0.6871770135734415,0.691153161953081,0.691153161953081,4.830311739964974,4.607168188650764])",0.0
R202,"['young', 'discover', 'guy', 'set.', 'six', 'property', 'friend', 'rate', 'management', 'especially', 'feel.', 'experts', 'discuss', 'ongoing', 'developments', 'public', 'health.']","(10000,[94,253,488,1241,1770,2733,3614,4170,4506,4687,5401,5767,6219,7809,8173,9462,9682],[4.270695952029551,4.137164559405029,4.42484663185681,3.4440173788450834,2.7826188965997183,4.270695952029551,0.6753425559264385,4.270695952029551,0.691153161953081,0.6871770135734415,4.137164559405029,5.117993812416755,3.172083663361442,4.137164559405029,3.577548771469606,0.691153161953081,4.830311739964974])",1.0
F111,"['treat', 'series', 'house.', 'left', 'people', 'within', 'order', 'gun', 'daughter', 'southern', 'movie.', 'line', 'people', 'source.', '—', 'shocking', 'claims', 'celebrity', 'scandal', 'surface', 'internet.']","(10000,[503,1182,1226,1662,3486,3707,3743,3756,4263,4463,4715,4921,5850,7281,7623,7936,8313,8338,8750,9817],[0.691153161953081,4.607168188650764,4.42484663185681,4.270695952029551,2.849310271098391,5.523458920524919,4.019381523748645,4.019381523748645,9.214336377301528,4.019381523748645,3.914021008090819,2.849310271098391,0.691153161953081,0.6871770135734415,4.270695952029551,0.691153161953081,4.270695952029551,0.691153161953081,4.607168188650764,3.914021008090819])",0.0
R151,"['item', 'marriage', 'north', 'suddenly', 'behavior.', 'type', 'baby', 'field', 'like', 'film.', 'way', 'certain', 'peace', 'action.', 'experts', 'discuss', 'ongoing', 'developments', 'policy.']","(10000,[1348,1778,1916,3330,3526,3614,4506,4687,5183,6229,6697,6944,6988,7074,8581,9213,9288,9391,9462],[3.8187108282864943,4.830311739964974,4.019381523748645,4.137164559405029,4.607168188650764,0.6753425559264385,0.691153161953081,0.6871770135734415,5.523458920524919,4.42484663185681,4.137164559405029,2.849310271098391,5.523458920524919,3.383392757028649,4.42484663185681,5.117993812416755,3.914021008090819,4.270695952029551,0.691153161953081])",1.0
F058,"['radio', 'word', 'major', 'pressure', 'president', 'democratic.', 'success', 'act', 'employee', 'project.', 'start', 'notice', 'relate', 'director.', '—', 'shocking', 'claims', 'government', 'cover-up', 'surface', 'internet.']","(10000,[503,988,1058,1306,1525,2259,2996,3519,4214,5101,5661,5850,6548,6928,7281,7936,8338,8408,9086,9813,9828],[0.691153161953081,4.270695952029551,4.607168188650764,3.914021008090819,4.42484663185681,2.849310271098391,3.577548771469606,4.42484663185681,5.117993812416755,5.117993812416755,4.607168188650764,0.691153161953081,4.830311739964974,4.270695952029551,0.6871770135734415,0.691153161953081,0.691153161953081,4.607168188650764,4.830311739964974,2.997730276216664,4.830311739964974])",0.0
R164,"['end', 'common', 'surface', 'sea', 'lot', 'goal.', 'next', 'material', 'fact', 'have.', 'experts', 'discuss', 'ongoing', 'developments', 'education.']","(10000,[453,935,3231,3614,4506,4687,4882,4943,5047,6332,7215,7281,8273,9462,9617],[3.3262343431887,4.607168188650764,3.577548771469606,0.6753425559264385,0.691153161953081,0.6871770135734415,5.117993812416755,4.137164559405029,2.7200985396183848,4.019381523748645,3.914021008090819,0.6871770135734415,3.8187108282864943,0.691153161953081,3.8187108282864943])",1.0
F242,"['method', 'reflect', 'east.', 'friend', 'charge', 'ball', 'early', 'school', 'development.', 'certainly', 'thousand', 'lot', 'drug', 'lose', 'cup', 'through.', '—', 'shocking', 'claims', 'celebrity', 'scandal', 'surface', 'internet.']","(10000,[488,503,673,781,913,1167,2679,3059,3486,4092,4422,4921,4943,5321,5850,6015,6798,6812,7281,7492,7860,7936,8338],[4.42484663185681,0.691153161953081,4.137164559405029,4.607168188650764,5.523458920524919,4.830311739964974,3.914021008090819,4.137164559405029,2.849310271098391,4.019381523748645,4.137164559405029,2.849310271098391,4.137164559405029,4.137164559405029,0.691153161953081,4.830311739964974,3.8187108282864943,4.019381523748645,0.6871770135734415,4.42484663185681,2.849310271098391,0.691153161953081,0.691153161953081])",0.0
F064,"['top', 'size', 'person', 'already.', 'may', 'american', 'sometimes', 'who.', 'agency', 'vote', 'various', 'write.', '—', 'shocking', 'claims', 'mind', 'control', 'surface', 'internet.']","(10000,[503,765,1208,3184,3192,3249,5328,5850,5869,6647,7281,7652,7936,8338,9160,9181,9214,9593,9808],[0.691153161953081,4.137164559405029,2.7508701982851385,2.7508701982851385,4.019381523748645,3.3262343431887,4.270695952029551,0.691153161953081,4.019381523748645,4.137164559405029,0.6871770135734415,4.137164559405029,0.691153161953081,0.691153161953081,4.270695952029551,5.523458920524919,4.019381523748645,5.117993812416755,4.137164559405029])",0.0
R228,"['mrs', 'science', 'positive.', 'change', 'sit', 'ok', 'become', 'team.', 'increase', 'foreign', 'report', 'boy', 'oil', 'green.', 'experts', 'discuss', 'ongoing', 'developments', 'education.']","(10000,[157,387,2645,3363,3614,4506,4687,5047,6021,6035,6206,6505,6946,7016,7090,7801,7963,9462,9751],[4.607168188650764,4.42484663185681,3.6516567436233283,4.019381523748645,0.6753425559264385,0.691153161953081,0.6871770135734415,2.7200985396183848,4.270695952029551,3.383392757028649,3.7316994512968646,4.270695952029551,4.42484663185681,4.830311739964974,4.270695952029551,4.830311739964974,4.270695952029551,0.691153161953081,4.42484663185681])",1.0
R210,"['next', 'serve', 'us', 'trip', 'candidate', 'color.', 'history', 'exist', 'past', 'thousand', 'fill.', 'voice', 'challenge', 'world', 'force.', 'experts', 'discuss', 'ongoing', 'developments', 'economic', 'growth.']","(10000,[453,1725,2494,3530,3614,4358,4506,4687,5782,5935,6291,6543,6602,6660,6798,8273,9034,9144,9275,9360,9462],[3.3262343431887,4.42484663185681,5.523458920524919,4.42484663185681,0.6753425559264385,4.42484663185681,0.691153161953081,0.6871770135734415,5.523458920524919,5.117993812416755,4.830311739964974,4.019381523748645,4.137164559405029,3.8187108282864943,3.8187108282864943,3.8187108282864943,2.8844015909096608,2.661258039595451,3.7316994512968646,3.8187108282864943,0.691153161953081])",1.0
R156,"['wish', 'produce', 'source', 'modern', 'recently.', 'check', 'different', 'bring', 'home.', 'experts', 'discuss', 'ongoing', 'developments', 'policy.']","(10000,[495,1031,1648,2336,3057,3614,3901,4506,4687,5861,6683,6944,7721,9462],[4.137164559405029,5.117993812416755,4.137164559405029,3.914021008090819,4.42484663185681,0.6753425559264385,4.270695952029551,0.691153161953081,0.6871770135734415,5.523458920524919,4.270695952029551,2.849310271098391,3.914021008090819,0.691153161953081])",1.0
R192,"['year', 'south', 'process', 'bed', 'cold', 'college', 'finish.', 'authority', 'pm', 'among', 'daughter', 'quite', 'act', 'every.', 'experts', 'discuss', 'ongoing', 'developments', 'climate', 'change.']","(10000,[821,1176,2059,3614,3920,4506,4687,4816,6056,6928,7026,7362,7623,7688,8040,8057,8899,8997,9462,9497],[2.849310271098391,4.137164559405029,2.6902455764687034,0.6753425559264385,4.137164559405029,0.691153161953081,0.6871770135734415,3.6516567436233283,3.8187108282864943,4.270695952029551,4.270695952029551,4.019381523748645,4.270695952029551,5.117993812416755,3.4440173788450834,3.7316994512968646,4.270695952029551,5.523458920524919,0.691153161953081,4.019381523748645])",1.0
F102,"['research', 'lay', 'probably', 'time', 'research', 'section.', 'turn', 'recently', 'world', 'school', 'general.', 'rich', 'red', 'eight', 'bring.', '—', 'shocking', 'claims', 'government', 'cover-up', 'surface', 'internet.']","(10000,[52,503,1133,1766,2034,2259,2297,2679,3886,4475,5850,6212,7281,7936,8157,8338,8482,9360,9432,9543,9813],[4.42484663185681,0.691153161953081,5.117993812416755,4.607168188650764,4.42484663185681,2.849310271098391,3.914021008090819,3.914021008090819,4.607168188650764,4.607168188650764,0.691153161953081,3.914021008090819,0.6871770135734415,0.691153161953081,3.914021008090819,0.691153161953081,4.830311739964974,3.8187108282864943,8.541391904059102,5.117993812416755,2.997730276216664])",0.0
R237,"['present', 'color', 'raise', 'call', 'trial.', 'phone', 'raise', 'single', 'affect.', 'mrs', 'another', 'experience', 'fund', 'community', 'kid.', 'experts', 'discuss', 'ongoing', 'developments', 'election.']","(10000,[856,1626,3032,3527,3556,3614,3635,4506,4638,4687,5146,5692,7889,8130,8166,8174,9462,9751,9832],[5.117993812416755,4.137164559405029,4.270695952029551,8.84969326371362,2.849310271098391,0.6753425559264385,4.019381523748645,0.691153161953081,4.137164559405029,0.6871770135734415,4.42484663185681,5.523458920524919,4.607168188650764,4.270695952029551,5.523458920524919,3.8187108282864943,0.691153161953081,4.42484663185681,3.8187108282864943])",1.0
F015,"['leg', 'church', 'expert.', 'pull', 'care', 'yes', 'enjoy.', '—', 'shocking', 'claims', 'immortal', 'jellyfish', 'surface', 'internet.']","(10000,[503,1273,1510,2066,5044,5310,5850,6290,6597,6847,7281,7936,8338,9876],[0.691153161953081,3.7316994512968646,5.117993812416755,2.7508701982851385,4.019381523748645,4.137164559405029,0.691153161953081,4.137164559405029,4.137164559405029,4.607168188650764,0.6871770135734415,0.691153161953081,0.691153161953081,2.7508701982851385])",0.0
F020,"['pass', 'dog', 'capital', 'soon', 'finally', 'prepare.', 'range', 'fill', 'still', 'drug', 'community', 'hard.', 'modern', 'personal', 'often', 'learn', 'edge', 'information', 'role.', '—', 'shocking', 'claims', 'celebrity', 'scandal', 'surface', 'internet.']","(10000,[7,165,503,1041,1817,2117,2336,3386,3486,3712,3921,4921,5850,5967,6541,7281,7860,7936,7939,8174,8190,8338,8392,9564,9727,9974],[4.270695952029551,4.137164559405029,0.691153161953081,4.019381523748645,4.137164559405029,5.523458920524919,3.914021008090819,5.523458920524919,2.849310271098391,4.42484663185681,4.270695952029551,2.849310271098391,0.691153161953081,4.607168188650764,4.42484663185681,0.6871770135734415,2.849310271098391,0.691153161953081,3.577548771469606,3.8187108282864943,4.607168188650764,0.691153161953081,4.42484663185681,4.270695952029551,4.42484663185681,4.830311739964974])",0.0
R083,"['movement', 'man', 'doctor.', 'father', 'particularly', 'ready', 'prove.', 'experts', 'discuss', 'ongoing', 'developments', 'election.']","(10000,[1800,2569,3556,3614,4506,4687,5105,5294,6443,6557,7229,9462],[3.577548771469606,4.607168188650764,2.849310271098391,0.6753425559264385,0.691153161953081,0.6871770135734415,5.117993812416755,4.607168188650764,3.7316994512968646,3.8187108282864943,4.830311739964974,0.691153161953081])",1.0
F035,"['friend', 'usually', 'ahead', 'government', 'describe', 'speak.', 'street', 'respond', 'available', 'since', 'collection', 'we.', 'health', 'blue', 'pattern', 'might', 'green', 'building', 'national.', '—', 'shocking', 'claims', 'hoax', 'surface', 'internet.']","(10000,[488,503,551,617,2259,2412,2475,2500,2990,3684,3924,4377,5750,5768,5850,5852,6287,7085,7281,7682,7936,8209,8268,8338,8805],[4.42484663185681,0.691153161953081,4.42484663185681,4.607168188650764,2.849310271098391,5.117993812416755,4.270695952029551,3.7316994512968646,4.270695952029551,4.137164559405029,5.117993812416755,2.60568818844064,5.117993812416755,3.914021008090819,0.691153161953081,4.270695952029551,3.914021008090819,4.270695952029551,0.6871770135734415,4.830311739964974,0.691153161953081,4.019381523748645,3.914021008090819,0.691153161953081,4.019381523748645])",0.0
R082,"['west', 'official', 'leave', 'eat', 'rock', 'successful', 'lawyer.', 'common', 'show', 'wide', 'figure', 'ahead', 'look', 'partner.', 'experts', 'discuss', 'ongoing', 'developments', 'budget', 'report.']","(10000,[141,574,2836,2913,3614,4019,4110,4506,4590,4687,4991,5085,5432,5659,6332,7276,8268,8485,9462,9939],[4.830311739964974,4.270695952029551,4.137164559405029,3.577548771469606,0.6753425559264385,4.137164559405029,3.8187108282864943,0.691153161953081,5.523458920524919,0.6871770135734415,2.579019941358479,3.914021008090819,2.7508701982851385,4.019381523748645,4.019381523748645,3.8187108282864943,3.914021008090819,4.270695952029551,0.691153161953081,4.137164559405029])",1.0
F114,"['see', 'line', 'real', 'actually.', 'contain', 'capital', 'state', 'organization.', 'power', 'unit', 'since.', '—', 'shocking', 'claims', 'mind', 'control', 'surface', 'internet.']","(10000,[503,1182,1208,1808,3056,3184,3888,5354,5850,6335,6541,7281,7493,7699,7936,8270,8338,9691],[0.691153161953081,4.607168188650764,2.7508701982851385,4.607168188650764,3.914021008090819,2.7508701982851385,5.117993812416755,3.914021008090819,0.691153161953081,4.137164559405029,4.42484663185681,0.6871770135734415,4.42484663185681,4.830311739964974,0.691153161953081,5.117993812416755,0.691153161953081,4.137164559405029])",0.0
F179,"['night', 'thousand', 'song', 'develop', 'somebody.', 'onto', 'community', 'choose', 'say', 'money', 'wear', 'best.', '—', 'shocking', 'claims', 'secret', 'cure', 'surface', 'internet.']","(10000,[503,1241,3892,4319,5850,5862,6043,6103,6581,6747,6798,6869,7281,7350,7936,8174,8338,8741,9706],[0.691153161953081,3.4440173788450834,2.5530444549552183,3.2208738275308737,0.691153161953081,4.607168188650764,4.830311739964974,4.42484663185681,3.7316994512968646,2.5530444549552183,3.8187108282864943,3.914021008090819,0.6871770135734415,3.914021008090819,0.691153161953081,3.8187108282864943,0.691153161953081,5.117993812416755,4.607168188650764])",0.0
F026,"['view', 'name', 'draw', 'experience', 'hotel', 'cause.', 'buy', 'behavior', 'military', 'still.', '—', 'shocking', 'claims', 'celebrity', 'scandal', 'surface', 'internet.']","(10000,[15,80,503,735,1649,2663,3486,3635,4921,5850,5877,7070,7281,7293,7936,8167,8338],[4.019381523748645,4.42484663185681,0.691153161953081,3.8187108282864943,5.117993812416755,4.42484663185681,2.849310271098391,4.019381523748645,2.849310271098391,0.691153161953081,3.8187108282864943,4.830311739964974,0.6871770135734415,4.270695952029551,0.691153161953081,4.607168188650764,0.691153161953081])",0.0
R217,"['analysis', 'option', 'yes', 'dog.', 'send', 'number', 'ok', 'senior.', 'either', 'personal', 'lawyer.', 'movie', 'probably', 'wide', 'offer', 'phone', 'avoid.', 'experts', 'discuss', 'ongoing', 'developments', 'election.']","(10000,[141,1122,1175,1296,1439,1626,2297,2645,2836,2958,3556,3614,4506,4687,5044,5523,7939,8438,8519,9126,9462,9613],[4.830311739964974,5.117993812416755,5.117993812416755,4.270695952029551,3.914021008090819,4.137164559405029,3.914021008090819,3.6516567436233283,4.137164559405029,4.019381523748645,2.849310271098391,0.6753425559264385,0.691153161953081,0.6871770135734415,4.019381523748645,4.42484663185681,3.577548771469606,5.523458920524919,3.8187108282864943,4.830311739964974,0.691153161953081,4.270695952029551])",1.0
F009,"['respond', 'imagine', 'course', 'cell', 'admit', 'near', 'fight.', '—', 'shocking', 'claims', 'celebrity', 'scandal', 'surface', 'internet.']","(10000,[503,2500,3210,3486,3652,4687,4921,5301,5850,5974,7281,7936,8338,8714],[0.691153161953081,3.7316994512968646,3.914021008090819,2.849310271098391,4.42484663185681,0.6871770135734415,2.849310271098391,4.137164559405029,0.691153161953081,3.577548771469606,0.6871770135734415,0.691153161953081,0.691153161953081,4.830311739964974])",0.0
F240,"['yet', 'moment', 'try', 'necessary', 'collection.', 'impact', 'campaign', 'back', 'four', 'simply', 'daughter.', 'appear', 'situation', 'heavy', 'seat.', '—', 'shocking', 'claims', 'aliens', 'surface', 'internet.']","(10000,[503,650,1243,1268,1642,1972,3136,3401,3652,4037,4693,5850,6675,6836,7281,7936,7979,8182,8338,8430,8949],[0.691153161953081,2.958509563063383,4.270695952029551,5.117993812416755,3.5085558999826545,4.830311739964974,4.42484663185681,4.270695952029551,4.42484663185681,4.137164559405029,4.270695952029551,0.691153161953081,4.607168188650764,5.117993812416755,0.6871770135734415,0.691153161953081,4.830311739964974,4.137164559405029,0.691153161953081,4.607168188650764,4.270695952029551])",0.0
R216,"['step', 'both.', 'listen', 'item', 'service', 'white.', 'experts', 'discuss', 'ongoing', 'developments', 'research.']","(10000,[429,1558,1916,2252,3614,4506,4687,6877,7066,8506,9462],[4.019381523748645,3.8187108282864943,4.019381523748645,4.270695952029551,0.6753425559264385,0.691153161953081,0.6871770135734415,5.117993812416755,2.849310271098391,5.117993812416755,0.691153161953081])",1.0
F129,"['long', 'smile', 'director', 'tax', 'so.', 'real', 'seem', 'believe', 'learn.', 'thank', 'audience', 'blue', 'tv', 'management', 'cause.', '—', 'shocking', 'claims', 'flat', 'earth', 'surface', 'internet.']","(10000,[503,533,1035,1241,1312,1687,1783,1853,2588,2713,2918,4547,5768,5850,6587,7070,7281,7936,8338,8904,9676,9691],[0.691153161953081,4.830311739964974,4.830311739964974,3.4440173788450834,4.42484663185681,4.137164559405029,5.523458920524919,4.019381523748645,4.607168188650764,4.42484663185681,3.0385522707369192,3.914021008090819,3.914021008090819,0.691153161953081,4.270695952029551,4.830311739964974,0.6871770135734415,0.691153161953081,0.691153161953081,4.019381523748645,3.0385522707369192,4.137164559405029])",0.0
R197,"['painting', 'perhaps', 'lay', 'wrong', 'door', 'check.', 'story', 'nation', 'past', 'best.', 'discuss', 'happy', 'fast', 'address.', 'experts', 'discuss', 'ongoing', 'developments', 'education.']","(10000,[1034,1259,3614,4014,4475,4506,4687,4847,5047,5347,6043,6512,6855,9263,9275,9394,9462],[4.137164559405029,8.274329118810059,1.350685111852877,4.270695952029551,4.607168188650764,0.691153161953081,0.6871770135734415,3.914021008090819,2.7200985396183848,4.137164559405029,4.830311739964974,3.914021008090819,4.270695952029551,4.137164559405029,3.7316994512968646,5.117993812416755,0.691153161953081])",1.0
F142,"['political', 'college', 'five', 'finish', 'allow.', 'crime', 'understand', 'majority', 'example.', '—', 'shocking', 'claims', 'government', 'cover-up', 'surface', 'internet.']","(10000,[503,731,1834,2259,3935,5850,5974,6487,6578,7281,7601,7936,8057,8338,9244,9813],[0.691153161953081,4.137164559405029,5.117993812416755,2.849310271098391,3.6516567436233283,0.691153161953081,3.577548771469606,3.4440173788450834,4.830311739964974,0.6871770135734415,4.42484663185681,0.691153161953081,3.7316994512968646,0.691153161953081,4.270695952029551,2.997730276216664])",0.0
R140,"['nature', 'health', 'together', 'stop', 'item', 'discuss.', 'adult', 'reality', 'teacher', 'join', 'sure', 'view', 'fill.', 'owner', 'raise', 'measure', 'teach', 'six', 'process', 'time.', 'strong', 'eat', 'despite', 'whole', 'eat', 'camera.', 'experts', 'discuss', 'ongoing', 'developments', 'climate', 'change.']","(10000,[72,453,528,627,680,796,821,1301,1821,1916,2059,3192,3527,3611,3614,4506,4687,5276,5401,6053,6355,7276,7293,8040,8312,8522,8708,8731,8805,8952,9462],[3.7316994512968646,3.3262343431887,4.607168188650764,4.42484663185681,3.914021008090819,3.8187108282864943,2.849310271098391,4.270695952029551,4.137164559405029,4.019381523748645,2.6902455764687034,4.019381523748645,4.42484663185681,4.42484663185681,0.6753425559264385,0.691153161953081,0.6871770135734415,5.523458920524919,4.137164559405029,3.7316994512968646,5.117993812416755,7.637421656572989,4.270695952029551,3.4440173788450834,4.270695952029551,4.830311739964974,3.914021008090819,5.523458920524919,4.019381523748645,4.42484663185681,0.691153161953081])",1.0
R165,"['throughout', 'career', 'staff', 'road', 'establish', 'price.', 'available', 'tv', 'future.', 'experts', 'discuss', 'ongoing', 'developments', 'budget', 'report.']","(10000,[26,2475,2923,3614,4506,4547,4687,4930,4991,5432,5725,5948,6224,8547,9462],[5.523458920524919,4.270695952029551,3.577548771469606,0.6753425559264385,0.691153161953081,3.914021008090819,0.6871770135734415,4.137164559405029,2.579019941358479,2.7508701982851385,3.914021008090819,4.019381523748645,4.137164559405029,5.117993812416755,0.691153161953081])",1.0
R139,"['mind', 'ten', 'national', 'change', 'successful', 'particularly.', 'beautiful', 'resource', 'pressure', 'suggest', 'heart.', 'stage', 'husband', 'international', 'consumer', 'fight', 'away', 'point.', 'knowledge', 'small', 'visit', 'president', 'enjoy.', 'experts', 'discuss', 'ongoing', 'developments', 'education.']","(10000,[30,188,222,387,454,691,698,1273,1306,1670,2526,3184,3614,3737,4506,4687,5047,5085,5659,5661,6847,7208,7816,7864,7910,9168,9462,9475],[4.607168188650764,4.019381523748645,4.607168188650764,4.42484663185681,3.577548771469606,5.117993812416755,4.019381523748645,3.7316994512968646,3.914021008090819,3.7316994512968646,4.42484663185681,2.7508701982851385,0.6753425559264385,4.270695952029551,0.691153161953081,0.6871770135734415,2.7200985396183848,3.914021008090819,4.019381523748645,4.607168188650764,4.607168188650764,4.830311739964974,4.270695952029551,4.270695952029551,4.830311739964974,5.523458920524919,0.691153161953081,3.914021008090819])",1.0
F232,"['hear', 'pressure', 'finish.', '—', 'shocking', 'claims', 'hoax', 'surface', 'internet.']","(10000,[503,4377,4842,5661,5850,7281,7688,7936,8338],[0.691153161953081,2.60568818844064,3.914021008090819,4.607168188650764,0.691153161953081,0.6871770135734415,5.117993812416755,0.691153161953081,0.691153161953081])",0.0
F108,"['teacher', 'since', 'learn', 'center', 'number', 'girl.', 'perhaps', 'health', 'hard', 'degree', 'ask.', 'song', 'matter', 'together', 'street', 'center', 'society.', '—', 'shocking', 'claims', 'celebrity', 'scandal', 'surface', 'internet.']","(10000,[503,1259,1480,2402,2609,3486,3684,4921,5125,5248,5850,5967,6287,7281,7350,7370,7936,8312,8338,8519,8708,8805,9943],[0.691153161953081,4.137164559405029,8.274329118810059,4.270695952029551,5.117993812416755,2.849310271098391,4.137164559405029,2.849310271098391,4.019381523748645,5.117993812416755,0.691153161953081,4.607168188650764,3.914021008090819,0.6871770135734415,3.914021008090819,4.607168188650764,0.691153161953081,4.270695952029551,0.691153161953081,3.8187108282864943,3.914021008090819,4.019381523748645,3.7316994512968646])",0.0
F167,"['someone', 'morning', 'support', 'congress.', 'good', 'dream', 'live', 'company', 'hair.', 'language', 'world', 'us', 'capital.', '—', 'shocking', 'claims', 'celebrity', 'scandal', 'surface', 'internet.']","(10000,[101,493,503,942,1716,2366,2513,3160,3486,3671,4921,5212,5850,6168,6660,7281,7936,8217,8338,9360],[4.830311739964974,4.607168188650764,0.691153161953081,4.137164559405029,4.270695952029551,4.019381523748645,4.830311739964974,4.137164559405029,2.849310271098391,4.270695952029551,2.849310271098391,5.117993812416755,0.691153161953081,4.607168188650764,3.8187108282864943,0.6871770135734415,0.691153161953081,4.607168188650764,0.691153161953081,3.8187108282864943])",0.0
R242,"['behavior', 'father', 'together', 'door', 'bank', 'management.', 'truth', 'explain', 'evening', 'technology.', 'experts', 'discuss', 'ongoing', 'developments', 'research.']","(10000,[735,1800,1815,2069,3614,4506,4687,4847,5286,5341,7066,8312,8893,8982,9462],[3.8187108282864943,3.577548771469606,5.523458920524919,4.019381523748645,0.6753425559264385,0.691153161953081,0.6871770135734415,3.914021008090819,5.117993812416755,3.7316994512968646,2.849310271098391,4.270695952029551,3.914021008090819,5.117993812416755,0.691153161953081])",1.0
F133,"['cell', 'election', 'music', 'spring', 'rock', 'art', 'watch.', 'dark', 'yeah', 'machine', 'ground', 'push', 'across.', 'hot', 'save', 'window', 'whether', 'many', 'company.', '—', 'shocking', 'claims', 'immortal', 'jellyfish', 'surface', 'internet.']","(10000,[132,503,574,697,1644,2066,2403,2519,3008,3210,3249,3406,4520,5188,5627,5850,5978,6370,6487,7281,7854,7936,8040,8338,9693,9876],[4.607168188650764,0.691153161953081,4.270695952029551,4.019381523748645,4.607168188650764,2.7508701982851385,4.137164559405029,5.523458920524919,5.523458920524919,3.914021008090819,3.3262343431887,4.270695952029551,4.137164559405029,3.914021008090819,4.607168188650764,0.691153161953081,3.577548771469606,4.137164559405029,3.4440173788450834,0.6871770135734415,4.270695952029551,0.691153161953081,3.4440173788450834,0.691153161953081,3.8187108282864943,2.7508701982851385])",0.0
F025,"['player', 'game', 'discussion', 'exactly', 'door', 'beautiful.', 'interest', 'teach', 'hope', 'reach', 'real', 'center', 'help.', 'mean', 'third', 'guess', 'sit', 'pull', 'allow.', '—', 'shocking', 'claims', 'flat', 'earth', 'surface', 'internet.']","(10000,[70,503,870,909,1480,2096,2918,3952,4847,5315,5850,6000,6597,6604,6946,7281,7601,7936,8338,8386,8522,8660,8771,8975,9676,9691],[4.019381523748645,0.691153161953081,4.42484663185681,4.270695952029551,4.137164559405029,3.8187108282864943,3.0385522707369192,5.117993812416755,3.914021008090819,4.607168188650764,0.691153161953081,4.42484663185681,4.137164559405029,4.137164559405029,4.42484663185681,0.6871770135734415,4.42484663185681,0.691153161953081,0.691153161953081,4.42484663185681,4.830311739964974,4.270695952029551,4.270695952029551,4.42484663185681,3.0385522707369192,4.137164559405029])",0.0
F093,"['peace', 'event', 'production', 'head.', 'result', 'medical', 'culture', 'alone.', 'collection', 'read', 'pull', 'understand.', '—', 'shocking', 'claims', 'immortal', 'jellyfish', 'surface', 'internet.']","(10000,[399,503,2066,3593,5850,6597,6697,7281,7650,7728,7936,8209,8268,8338,8353,8413,8645,9876,9925],[4.137164559405029,0.691153161953081,2.7508701982851385,5.117993812416755,0.691153161953081,4.137164559405029,4.137164559405029,0.6871770135734415,4.137164559405029,3.8187108282864943,0.691153161953081,4.019381523748645,3.914021008090819,0.691153161953081,3.7316994512968646,3.8187108282864943,4.607168188650764,2.7508701982851385,5.117993812416755])",0.0
F236,"['option', 'mouth', 'way.', 'fast', 'buy', 'movie', 'your.', '—', 'shocking', 'claims', 'government', 'cover-up', 'surface', 'internet.']","(10000,[80,503,1439,2259,4198,4639,5850,7281,7497,7936,8338,9263,9613,9813],[4.42484663185681,0.691153161953081,3.914021008090819,2.849310271098391,5.117993812416755,5.117993812416755,0.691153161953081,0.6871770135734415,4.137164559405029,0.691153161953081,0.691153161953081,4.137164559405029,4.270695952029551,2.997730276216664])",0.0
F069,"['despite', 'structure', 'sell', 'firm', 'mean', 'work.', '—', 'shocking', 'claims', 'flat', 'earth', 'surface', 'internet.']","(10000,[360,503,909,1301,2918,2996,4485,5850,7281,7936,8338,8894,9676],[5.523458920524919,0.691153161953081,4.270695952029551,4.270695952029551,3.0385522707369192,3.577548771469606,4.607168188650764,0.691153161953081,0.6871770135734415,0.691153161953081,0.691153161953081,3.914021008090819,3.0385522707369192])",0.0
F219,"['half', 'east', 'fear.', 'feeling', 'oil', 'capital', 'huge', 'experience.', 'claim', 'board', 'upon', 'base', 'gas', 'agreement.', '—', 'shocking', 'claims', 'flat', 'earth', 'surface', 'internet.']","(10000,[503,613,1780,2072,2198,2918,5607,5850,6035,6541,6576,6735,7281,7454,7615,7936,8173,8338,8937,9676,9892],[0.691153161953081,4.137164559405029,4.42484663185681,5.523458920524919,4.270695952029551,3.0385522707369192,4.830311739964974,0.691153161953081,3.383392757028649,4.42484663185681,4.137164559405029,4.137164559405029,0.6871770135734415,3.6516567436233283,5.117993812416755,0.691153161953081,3.577548771469606,0.691153161953081,4.42484663185681,3.0385522707369192,5.523458920524919])",0.0
R079,"['heavy', 'anything', 'reveal.', 'experts', 'discuss', 'ongoing', 'developments', 'election.']","(10000,[2006,2114,3556,3614,4506,4687,8949,9462],[4.830311739964974,4.42484663185681,2.849310271098391,0.6753425559264385,0.691153161953081,0.6871770135734415,4.270695952029551,0.691153161953081])",1.0
F042,"['evidence', 'control', 'bad', 'set', 'among', 'few.', '—', 'shocking', 'claims', 'hoax', 'surface', 'internet.']","(10000,[503,682,1208,2054,4377,5342,5850,7281,7362,7936,7956,8338],[0.691153161953081,5.117993812416755,2.7508701982851385,4.607168188650764,2.60568818844064,4.607168188650764,0.691153161953081,0.6871770135734415,4.019381523748645,0.691153161953081,4.607168188650764,0.691153161953081])",0.0
R154,"['develop', 'time', 'world', 'do.', 'along', 'customer', 'player', 'state', 'amount', 'deep', 'just.', 'production', 'speech', 'military', 'me.', 'experts', 'discuss', 'ongoing', 'developments', 'budget', 'report.']","(10000,[502,1241,1413,1457,1762,1808,1862,2840,3614,4506,4687,4991,5177,5432,5877,6604,7222,8157,8353,9360,9462],[4.019381523748645,3.4440173788450834,3.8187108282864943,4.830311739964974,4.42484663185681,4.607168188650764,4.607168188650764,3.914021008090819,0.6753425559264385,0.691153161953081,0.6871770135734415,2.579019941358479,5.523458920524919,2.7508701982851385,3.8187108282864943,4.137164559405029,4.137164559405029,3.914021008090819,3.7316994512968646,3.8187108282864943,0.691153161953081])",1.0
R089,"['though', 'sign', 'hear', 'worker.', 'often', 'like', 'read', 'make', 'edge', 'adult.', 'experts', 'discuss', 'ongoing', 'developments', 'public', 'health.']","(10000,[7,1770,3330,3385,3525,3614,3921,4506,4687,4842,5371,6219,6756,7650,7904,9462],[4.270695952029551,2.7826188965997183,4.137164559405029,4.270695952029551,4.137164559405029,0.6753425559264385,4.270695952029551,0.691153161953081,0.6871770135734415,3.914021008090819,5.117993812416755,3.172083663361442,3.5085558999826545,4.137164559405029,5.117993812416755,0.691153161953081])",1.0
R038,"['trouble', 'miss', 'police', 'truth', 'back.', 'close', 'think', 'account', 'perhaps.', 'reality', 'authority', 'focus', 'hope', 'foreign.', 'experts', 'discuss', 'ongoing', 'developments', 'public', 'health.']","(10000,[680,1071,1176,1770,2069,2110,2335,2909,3497,3614,3822,3876,3931,4506,4687,5441,6000,6219,9187,9462],[3.914021008090819,4.270695952029551,4.137164559405029,2.7826188965997183,4.019381523748645,5.523458920524919,3.8187108282864943,4.42484663185681,4.019381523748645,0.6753425559264385,5.523458920524919,4.137164559405029,4.019381523748645,0.691153161953081,0.6871770135734415,4.830311739964974,4.42484663185681,3.172083663361442,4.270695952029551,0.691153161953081])",1.0
R053,"['manage', 'city', 'especially', 'board', 'concern.', 'audience', 'always', 'campaign.', 'experts', 'discuss', 'ongoing', 'developments', 'economic', 'growth.']","(10000,[1312,3614,4506,4687,5495,5856,7454,7883,8173,9011,9034,9144,9462,9719],[4.42484663185681,0.6753425559264385,0.691153161953081,0.6871770135734415,4.270695952029551,5.117993812416755,3.6516567436233283,4.137164559405029,3.577548771469606,4.137164559405029,2.8844015909096608,2.661258039595451,0.691153161953081,5.117993812416755])",1.0
F201,"['follow', 'far', 'start', 'road.', 'speak', 'reach', 'my.', '—', 'shocking', 'claims', 'hoax', 'surface', 'internet.']","(10000,[503,1831,2996,4158,4377,4596,4732,5850,7281,7936,8338,8386,9367],[0.691153161953081,5.117993812416755,3.577548771469606,4.137164559405029,2.60568818844064,4.830311739964974,4.137164559405029,0.691153161953081,0.6871770135734415,0.691153161953081,0.691153161953081,4.42484663185681,4.270695952029551])",0.0
F013,"['probably', 'consider', 'dream', 'heart', 'member.', 'interesting', 'cause', 'production', 'source', 'stuff.', 'public', 'community', 'house', 'week', 'through.', '—', 'shocking', 'claims', 'secret', 'cure', 'surface', 'internet.']","(10000,[312,316,503,781,1770,2297,2366,2403,2825,3634,3892,5122,5836,5850,6747,7281,7721,7936,8174,8338,8353,9808],[4.019381523748645,4.42484663185681,0.691153161953081,4.607168188650764,2.7826188965997183,3.914021008090819,4.019381523748645,4.137164559405029,4.830311739964974,4.607168188650764,2.5530444549552183,4.607168188650764,4.42484663185681,0.691153161953081,2.5530444549552183,0.6871770135734415,3.914021008090819,0.691153161953081,3.8187108282864943,0.691153161953081,3.7316994512968646,4.137164559405029])",0.0
R023,"['event', 'cultural', 'green.', 'true', 'rule', 'mother', 'field', 'family', 'respond', 'with.', 'ago', 'ever', 'help', 'seem.', 'experts', 'discuss', 'ongoing', 'developments', 'policy.']","(10000,[343,354,1896,2500,3614,4502,4506,4687,5594,6944,7016,7074,7188,7640,7728,8297,9233,9347,9462],[4.270695952029551,4.42484663185681,3.8187108282864943,3.7316994512968646,0.6753425559264385,5.117993812416755,0.691153161953081,0.6871770135734415,4.019381523748645,2.849310271098391,4.830311739964974,3.383392757028649,3.914021008090819,5.117993812416755,3.8187108282864943,4.137164559405029,4.270695952029551,4.270695952029551,0.691153161953081])",1.0
R068,"['threat', 'suddenly', 'particularly', 'modern', 'want', 'possible.', 'already', 'positive', 'seek', 'example.', 'level', 'list', 'during.', 'family', 'oil', 'old', 'southern', 'article.', 'experts', 'discuss', 'ongoing', 'developments', 'technology', 'breakthrough.']","(10000,[1,171,594,1020,1499,1834,2227,2272,2336,3614,3743,4506,4687,6035,6340,6443,7083,7098,7712,8070,8297,8581,8728,9462],[4.270695952029551,4.270695952029551,4.42484663185681,2.579019941358479,4.270695952029551,5.117993812416755,2.7200985396183848,4.830311739964974,3.914021008090819,0.6753425559264385,4.019381523748645,0.691153161953081,0.6871770135734415,3.383392757028649,4.830311739964974,3.7316994512968646,4.019381523748645,4.607168188650764,4.830311739964974,4.42484663185681,4.137164559405029,4.42484663185681,3.4440173788450834,0.691153161953081])",1.0
F065,"['better', 'perhaps', 'understand', 'do.', 'eat', 'hear', 'region', 'risk', 'exactly', 'need', 'idea.', '—', 'shocking', 'claims', 'hoax', 'surface', 'internet.']","(10000,[503,1259,1375,1862,2096,2543,4377,4842,5850,6487,6537,7276,7281,7936,8159,8338,8794],[0.691153161953081,4.137164559405029,5.523458920524919,4.607168188650764,3.8187108282864943,3.577548771469606,2.60568818844064,3.914021008090819,0.691153161953081,3.4440173788450834,4.270695952029551,3.8187108282864943,0.6871770135734415,0.691153161953081,3.7316994512968646,0.691153161953081,3.914021008090819])",0.0
F239,"['theory', 'discover', 'join', 'american.', '—', 'shocking', 'claims', 'celebrity', 'scandal', 'surface', 'internet.']","(10000,[503,1468,3486,4170,4921,5511,5850,7281,7936,8338,8952],[0.691153161953081,4.270695952029551,2.849310271098391,4.270695952029551,2.849310271098391,5.523458920524919,0.691153161953081,0.6871770135734415,0.691153161953081,0.691153161953081,4.42484663185681])",0.0
F084,"['region', 'rather', 'tax', 'girl.', 'station', 'pass', 'spring', 'general.', 'consumer', 'class', 'base', 'positive', 'ok', 'recently.', 'know', 'argue', 'organization', 'nor.', '—', 'shocking', 'claims', 'miracle', 'drug', 'surface', 'internet.']","(10000,[1,503,1031,1256,1364,1644,2645,2837,3730,4007,5850,6587,7281,7370,7779,7860,7936,8159,8173,8338,8392,8415,8439,9475,9543],[4.270695952029551,0.691153161953081,5.117993812416755,3.125563647726549,4.019381523748645,4.607168188650764,3.6516567436233283,4.270695952029551,4.137164559405029,3.914021008090819,0.691153161953081,4.270695952029551,0.6871770135734415,4.607168188650764,3.7316994512968646,2.849310271098391,0.691153161953081,3.7316994512968646,3.577548771469606,0.691153161953081,4.42484663185681,4.137164559405029,5.117993812416755,3.914021008090819,5.117993812416755])",0.0
R120,"['anyone', 'back', 'base.', 'senior', 'sign', 'traditional', 'protect', 'debate.', 'experts', 'discuss', 'ongoing', 'developments', 'election.']","(10000,[666,3479,3556,3614,4144,4486,4506,4687,6756,6838,7235,8430,9462],[4.270695952029551,4.830311739964974,2.849310271098391,0.6753425559264385,4.137164559405029,4.830311739964974,0.691153161953081,0.6871770135734415,3.5085558999826545,4.42484663185681,3.914021008090819,4.607168188650764,0.691153161953081])",1.0
F207,"['skin', 'season', 'activity', 'board', 'week.', 'create', 'shoulder', 'natural', 'congress', 'positive.', 'like', 'alone', 'summer.', 'add', 'pull', 'international', 'blue', 'admit.', '—', 'shocking', 'claims', 'government', 'cover-up', 'surface', 'internet.']","(10000,[188,503,1404,2191,2259,2302,2358,2492,3330,3761,4988,5768,5833,5850,6597,6756,7281,7454,7801,7936,8110,8338,8728,9813,9887],[4.019381523748645,0.691153161953081,3.8187108282864943,5.523458920524919,2.849310271098391,5.523458920524919,4.607168188650764,4.019381523748645,4.137164559405029,5.117993812416755,4.270695952029551,3.914021008090819,3.8187108282864943,0.691153161953081,4.137164559405029,3.5085558999826545,0.6871770135734415,3.6516567436233283,4.830311739964974,0.691153161953081,3.914021008090819,0.691153161953081,3.4440173788450834,2.997730276216664,4.830311739964974])",0.0
R158,"['clearly', 'central', 'property', 'outside', 'serious.', 'woman', 'find', 'road', 'end', 'enjoy.', 'experts', 'discuss', 'ongoing', 'developments', 'economic', 'growth.']","(10000,[453,1439,2733,3614,4506,4563,4687,5725,6847,7510,8238,8568,8928,9034,9144,9462],[3.3262343431887,3.914021008090819,4.270695952029551,0.6753425559264385,0.691153161953081,4.137164559405029,0.6871770135734415,3.914021008090819,4.607168188650764,4.270695952029551,4.019381523748645,4.42484663185681,3.914021008090819,2.8844015909096608,2.661258039595451,0.691153161953081])",1.0
R097,"['share', 'forget', 'collection', 'professional.', 'experts', 'discuss', 'ongoing', 'developments', 'technology', 'breakthrough.']","(10000,[1020,2227,3614,3947,4506,4687,7146,7691,8209,9462],[2.579019941358479,2.7200985396183848,0.6753425559264385,4.42484663185681,0.691153161953081,0.6871770135734415,4.607168188650764,5.523458920524919,4.019381523748645,0.691153161953081])",1.0
R092,"['keep', 'story', 'fact', 'person', 'specific', 'interview.', 'ground', 'bit', 'city', 'many', 'hot.', 'experts', 'discuss', 'ongoing', 'developments', 'technology', 'breakthrough.']","(10000,[1020,1989,2059,2227,3249,3614,4498,4506,4687,5138,5188,5495,6487,6855,7215,9462,9594],[2.579019941358479,4.42484663185681,2.6902455764687034,2.7200985396183848,3.3262343431887,0.6753425559264385,5.523458920524919,0.691153161953081,0.6871770135734415,4.42484663185681,3.914021008090819,4.270695952029551,3.4440173788450834,4.270695952029551,3.914021008090819,0.691153161953081,4.42484663185681])",1.0
F172,"['common', 'picture', 'onto', 'hundred', 'consumer', 'among', 'member', 'staff.', 'answer', 'member', 'network', 'direction', 'wrong.', '—', 'shocking', 'claims', 'hoax', 'surface', 'internet.']","(10000,[503,2481,3619,4319,4377,4905,5175,5850,6332,6790,7281,7362,7936,8338,8554,9073,9152,9475],[0.691153161953081,4.137164559405029,4.42484663185681,3.2208738275308737,2.60568818844064,5.523458920524919,4.42484663185681,0.691153161953081,4.019381523748645,8.84969326371362,0.6871770135734415,4.019381523748645,0.691153161953081,0.691153161953081,4.830311739964974,4.830311739964974,4.137164559405029,3.914021008090819])",0.0
R182,"['tonight', 'policy', 'anything', 'commercial', 'party', 'glass', 'share.', 'work', 'visit', 'away', 'floor', 'guess.', 'let', 'according', 'history.', 'situation', 'item', 'member', 'throughout.', 'experts', 'discuss', 'ongoing', 'developments', 'economic', 'growth.']","(10000,[698,1379,1916,2114,2622,3032,3136,3389,3614,3737,4142,4319,4506,4687,6443,6790,6932,7255,7424,7564,8267,9034,9144,9462,9527],[4.019381523748645,4.270695952029551,4.019381523748645,4.42484663185681,4.830311739964974,4.270695952029551,4.42484663185681,4.607168188650764,0.6753425559264385,4.270695952029551,4.019381523748645,3.2208738275308737,0.691153161953081,0.6871770135734415,3.7316994512968646,4.42484663185681,3.8187108282864943,4.830311739964974,5.117993812416755,4.830311739964974,4.607168188650764,2.8844015909096608,2.661258039595451,0.691153161953081,4.137164559405029])",1.0
F014,"['since', 'couple', 'field', 'everybody', 'pick', 'voice.', 'former', 'discuss', 'skin', 'case', 'fill', 'role.', '—', 'shocking', 'claims', 'secret', 'cure', 'surface', 'internet.']","(10000,[217,503,2561,3614,3892,4160,5833,5850,6287,6342,6747,7074,7281,7372,7702,7936,8338,9727,9974],[4.137164559405029,0.691153161953081,3.8187108282864943,0.6753425559264385,2.5530444549552183,4.019381523748645,3.8187108282864943,0.691153161953081,3.914021008090819,3.8187108282864943,2.5530444549552183,3.383392757028649,0.6871770135734415,4.270695952029551,4.42484663185681,0.691153161953081,0.691153161953081,4.42484663185681,4.830311739964974])",0.0
R230,"['organization', 'accept', 'action', 'likely', 'support.', 'full', 'tend', 'shoulder', 'society', 'human.', 'alone', 'firm', 'ask.', 'experts', 'discuss', 'ongoing', 'developments', 'election.']","(10000,[309,327,659,1364,1810,2492,2609,2657,3556,3614,4506,4687,6633,6756,8391,8894,8897,9462],[4.270695952029551,4.830311739964974,5.117993812416755,4.019381523748645,4.137164559405029,4.019381523748645,5.117993812416755,3.2721671219184243,2.849310271098391,0.6753425559264385,0.691153161953081,0.6871770135734415,4.42484663185681,3.5085558999826545,4.830311739964974,3.914021008090819,4.270695952029551,0.691153161953081])",1.0
F223,"['night', 'degree', 'strong', 'involve.', 'onto', 'air', 'step', 'commercial.', 'end', 'include', 'provide', 'recently', 'staff.', 'cold', 'nature', 'prevent.', '—', 'shocking', 'claims', 'government', 'cover-up', 'surface', 'internet.']","(10000,[88,453,503,1558,2034,2259,2338,2953,3611,3920,4319,4613,5850,5946,6355,6869,7108,7281,7936,8338,9073,9813,9943],[4.270695952029551,3.3262343431887,0.691153161953081,3.8187108282864943,4.42484663185681,2.849310271098391,4.830311739964974,4.019381523748645,4.42484663185681,4.137164559405029,3.2208738275308737,4.830311739964974,0.691153161953081,4.42484663185681,5.117993812416755,3.914021008090819,5.523458920524919,0.6871770135734415,0.691153161953081,0.691153161953081,4.830311739964974,2.997730276216664,3.7316994512968646])",0.0
R221,"['though', 'think', 'explain', 'grow', 'effort.', 'political', 'difference', 'stuff', 'million', 'time', 'final', 'both.', 'stop', 'task', 'trial', 'catch', 'task', 'special.', 'experts', 'discuss', 'ongoing', 'developments', 'policy.']","(10000,[796,1653,2335,2404,2912,3385,3410,3614,3935,4506,4687,5118,5341,6944,7722,7866,7949,8157,8451,8506,8651,9462],[3.8187108282864943,4.42484663185681,3.8187108282864943,4.607168188650764,5.117993812416755,4.270695952029551,4.270695952029551,0.6753425559264385,3.6516567436233283,0.691153161953081,0.6871770135734415,5.117993812416755,3.7316994512968646,2.849310271098391,4.42484663185681,4.019381523748645,4.830311739964974,3.914021008090819,8.541391904059102,5.117993812416755,4.42484663185681,0.691153161953081])",1.0
R173,"['song', 'nice', 'minute', 'name', 'yes', 'watch', 'staff.', 'offer', 'guy', 'exist', 'evidence', 'image.', 'experts', 'discuss', 'ongoing', 'developments', 'climate', 'change.']","(10000,[15,94,821,2054,2059,2708,2958,3357,3370,3614,4506,4687,5044,6602,7350,9073,9462,9604],[4.019381523748645,4.270695952029551,2.849310271098391,4.607168188650764,2.6902455764687034,3.914021008090819,4.019381523748645,4.42484663185681,3.914021008090819,0.6753425559264385,0.691153161953081,0.6871770135734415,4.019381523748645,4.137164559405029,3.914021008090819,4.830311739964974,0.691153161953081,5.523458920524919])",1.0
F249,"['risk', 'right', 'get', 'also.', 'truth', 'operation', 'court.', 'movie', 'finally', 'company', 'hear.', '—', 'shocking', 'claims', 'immortal', 'jellyfish', 'surface', 'internet.']","(10000,[286,481,503,942,1439,1790,1817,2066,2069,5850,5922,7281,7936,8121,8338,8794,9426,9876],[4.830311739964974,4.607168188650764,0.691153161953081,4.137164559405029,3.914021008090819,4.137164559405029,4.137164559405029,2.7508701982851385,4.019381523748645,0.691153161953081,4.270695952029551,0.6871770135734415,0.691153161953081,4.42484663185681,0.691153161953081,3.914021008090819,4.42484663185681,2.7508701982851385])",0.0
F112,"['sometimes', 'benefit', 'mr', 'push', 'join.', 'strategy', 'involve', 'organization', 'else', 'technology.', '—', 'shocking', 'claims', 'government', 'cover-up', 'surface', 'internet.']","(10000,[503,1364,2259,2291,2647,5034,5653,5850,5869,5978,6271,7281,7936,8338,8893,9813,9994],[0.691153161953081,4.019381523748645,2.849310271098391,4.830311739964974,3.914021008090819,4.137164559405029,4.137164559405029,0.691153161953081,4.019381523748645,3.577548771469606,4.42484663185681,0.6871770135734415,0.691153161953081,0.691153161953081,3.914021008090819,2.997730276216664,5.523458920524919])",0.0
R058,"['floor', 'military', 'exist', 'everything', 'town', 'reflect', 'weight', 'since.', 'plant', 'huge', 'anything', 'as.', 'experts', 'discuss', 'ongoing', 'developments', 'budget', 'report.']","(10000,[2114,2198,3614,4319,4506,4687,4715,4991,5321,5432,5877,6035,6602,7244,7699,8004,9156,9462],[4.42484663185681,4.270695952029551,0.6753425559264385,3.2208738275308737,0.691153161953081,0.6871770135734415,3.914021008090819,2.579019941358479,4.137164559405029,2.7508701982851385,3.8187108282864943,3.383392757028649,4.137164559405029,3.6516567436233283,4.830311739964974,4.607168188650764,3.7316994512968646,0.691153161953081])",1.0
R159,"['chair', 'congress', 'section', 'right', 'visit', 'dog', 'become', 'least.', 'billion', 'region', 'student', 'social', 'last', 'argue.', 'child', 'effect', 'simple', 'contain', 'difficult', 'raise.', 'experts', 'discuss', 'ongoing', 'developments', 'economic', 'growth.']","(10000,[258,681,698,823,1712,1790,2913,3163,3536,3614,3989,4506,4687,6324,6968,7090,7244,7493,7509,7593,8159,8728,9034,9144,9462,9564],[4.42484663185681,5.117993812416755,4.019381523748645,4.270695952029551,4.019381523748645,4.137164559405029,3.577548771469606,5.117993812416755,4.42484663185681,0.6753425559264385,4.42484663185681,0.691153161953081,0.6871770135734415,5.117993812416755,3.914021008090819,4.270695952029551,3.6516567436233283,4.42484663185681,4.830311739964974,4.830311739964974,3.7316994512968646,3.4440173788450834,2.8844015909096608,2.661258039595451,0.691153161953081,4.270695952029551])",1.0
R029,"['try', 'whether', 'listen', 'machine', 'view', 'here.', 'quite', 'early', 'along', 'girl.', 'eye', 'skin', 'stuff', 'travel', 'market', 'thus.', 'experts', 'discuss', 'ongoing', 'developments', 'economic', 'growth.']","(10000,[429,1341,2657,2840,2849,3406,3614,4092,4506,4687,4693,5833,6056,7008,7293,7370,7722,8040,8681,9034,9144,9462],[4.019381523748645,3.914021008090819,3.2721671219184243,3.914021008090819,4.830311739964974,4.270695952029551,0.6753425559264385,4.019381523748645,0.691153161953081,0.6871770135734415,4.270695952029551,3.8187108282864943,3.8187108282864943,5.117993812416755,4.270695952029551,4.607168188650764,4.42484663185681,3.4440173788450834,4.607168188650764,2.8844015909096608,2.661258039595451,0.691153161953081])",1.0
R126,"['call', 'matter', 'discussion.', 'investment', 'recently', 'whose', 'seek', 'social', 'southern.', 'reflect', 'send', 'nice', 'sure', 'matter', 'mind', 'tough.', 'people', 'eat', 'table', 'choice', 'draw.', 'experts', 'discuss', 'ongoing', 'developments', 'research.']","(10000,[171,823,1417,1562,1821,2034,2402,3184,3370,3614,3759,3931,4079,4263,4506,4687,5146,5321,5523,6053,7036,7066,7276,9462,9539],[4.270695952029551,4.270695952029551,5.117993812416755,4.830311739964974,4.137164559405029,4.42484663185681,8.541391904059102,2.7508701982851385,3.914021008090819,0.6753425559264385,5.523458920524919,4.019381523748645,4.830311739964974,4.607168188650764,0.691153161953081,0.6871770135734415,4.42484663185681,4.137164559405029,4.42484663185681,3.7316994512968646,5.117993812416755,2.849310271098391,3.8187108282864943,0.691153161953081,4.42484663185681])",1.0
R132,"['week', 'drive', 'risk', 'national', 'capital.', 'animal', 'onto', 'positive.', 'experts', 'discuss', 'ongoing', 'developments', 'education.']","(10000,[101,3614,4319,4506,4687,5047,5122,6325,7360,7801,7910,8794,9462],[4.830311739964974,0.6753425559264385,3.2208738275308737,0.691153161953081,0.6871770135734415,2.7200985396183848,4.607168188650764,3.8187108282864943,4.270695952029551,4.830311739964974,4.830311739964974,3.914021008090819,0.691153161953081])",1.0
R025,"['indicate', 'race', 'south', 'sea', 'describe.', 'doctor', 'exactly', 'spring', 'move', 'wide', 'identify', 'however.', 'piece', 'water', 'board', 'fly', 'thank', 'better.', 'experts', 'discuss', 'ongoing', 'developments', 'election.']","(10000,[454,777,1644,1687,2096,2589,2836,3133,3556,3614,3967,4506,4687,4816,5944,6282,6485,7078,7309,7454,9261,9462,9617],[3.577548771469606,4.607168188650764,4.607168188650764,4.137164559405029,3.8187108282864943,4.137164559405029,4.137164559405029,4.607168188650764,2.849310271098391,0.6753425559264385,3.8187108282864943,0.691153161953081,0.6871770135734415,3.6516567436233283,4.270695952029551,4.607168188650764,4.42484663185681,4.830311739964974,5.117993812416755,3.6516567436233283,4.830311739964974,0.691153161953081,3.8187108282864943])",1.0
F214,"['ago', 'difference', 'everyone', 'officer', 'mind', 'air.', 'create', 'history', 'land.', '—', 'shocking', 'claims', 'secret', 'cure', 'surface', 'internet.']","(10000,[503,696,1404,1896,1918,3184,3892,5850,6543,6747,7281,7866,7936,8338,8893,9123],[0.691153161953081,4.137164559405029,3.8187108282864943,3.8187108282864943,5.117993812416755,2.7508701982851385,2.5530444549552183,0.691153161953081,4.019381523748645,2.5530444549552183,0.6871770135734415,4.019381523748645,0.691153161953081,0.691153161953081,3.914021008090819,4.830311739964974])",0.0
R177,"['without', 'board', 'huge', 'section', 'work', 'dinner.', 'relate', 'minute', 'civil', 'series.', 'name', 'significant', 'world', 'relationship.', 'experts', 'discuss', 'ongoing', 'developments', 'policy.']","(10000,[15,593,988,1320,2198,3214,3357,3614,4043,4506,4687,6944,6968,7454,8552,8667,9360,9462,9527],[4.019381523748645,4.137164559405029,4.270695952029551,4.830311739964974,4.270695952029551,5.117993812416755,4.42484663185681,0.6753425559264385,4.270695952029551,0.691153161953081,0.6871770135734415,2.849310271098391,3.914021008090819,3.6516567436233283,4.019381523748645,5.523458920524919,3.8187108282864943,0.691153161953081,4.137164559405029])",1.0
R196,"['next', 'student', 'doctor', 'record', 'task.', 'whole', 'whole', 'consumer', 'benefit', 'save.', 'along', 'election', 'data', 'peace', 'outside', 'task', 'community.', 'experts', 'discuss', 'ongoing', 'developments', 'budget', 'report.']","(10000,[132,627,777,980,1695,2840,3536,3614,4347,4506,4687,4959,4991,5432,5653,6697,7034,8273,8451,8568,9462,9475],[4.607168188650764,8.84969326371362,4.607168188650764,4.607168188650764,4.42484663185681,3.914021008090819,4.42484663185681,0.6753425559264385,4.019381523748645,0.691153161953081,0.6871770135734415,5.523458920524919,2.579019941358479,2.7508701982851385,4.137164559405029,4.137164559405029,5.117993812416755,3.8187108282864943,4.270695952029551,4.42484663185681,0.691153161953081,3.914021008090819])",1.0
R135,"['guy', 'particular', 'hit', 'five', 'blue', 'control', 'available', 'herself.', 'structure', 'new', 'employee', 'college.', 'agree', 'difficult', 'song', 'modern', 'huge', 'mind', 'poor', 'card.', 'experts', 'discuss', 'ongoing', 'developments', 'budget', 'report.']","(10000,[94,585,1208,1712,2092,2198,2238,2336,2475,2996,3184,3614,4506,4687,4991,5432,5768,5974,6548,6925,7350,8103,8252,8984,9462,9578],[4.270695952029551,4.830311739964974,2.7508701982851385,4.019381523748645,5.117993812416755,4.270695952029551,5.523458920524919,3.914021008090819,4.270695952029551,3.577548771469606,2.7508701982851385,0.6753425559264385,0.691153161953081,0.6871770135734415,2.579019941358479,2.7508701982851385,3.914021008090819,3.577548771469606,4.830311739964974,4.019381523748645,3.914021008090819,4.270695952029551,4.270695952029551,4.607168188650764,0.691153161953081,5.117993812416755])",1.0
F152,"['imagine', 'develop', 'teacher.', 'phone', 'approach', 'respond', 'congress', 'range', 'per', 'third.', '—', 'shocking', 'claims', 'government', 'cover-up', 'surface', 'internet.']","(10000,[165,298,503,1241,1626,2259,2500,3095,5301,5500,5850,7281,7936,8151,8338,8728,9813],[4.137164559405029,4.270695952029551,0.691153161953081,3.4440173788450834,4.137164559405029,2.849310271098391,3.7316994512968646,4.137164559405029,4.137164559405029,5.117993812416755,0.691153161953081,0.6871770135734415,0.691153161953081,3.914021008090819,0.691153161953081,3.4440173788450834,2.997730276216664])",0.0
F180,"['authority', 'pick', 'feel', 'key', 'particular.', '—', 'shocking', 'claims', 'secret', 'cure', 'surface', 'internet.']","(10000,[503,1176,3115,3131,3892,5850,6747,7281,7372,7936,8338,8633],[0.691153161953081,4.137164559405029,4.270695952029551,4.270695952029551,2.5530444549552183,0.691153161953081,2.5530444549552183,0.6871770135734415,4.270695952029551,0.691153161953081,0.691153161953081,5.523458920524919])",0.0
F003,"['democratic', 'simple', 'share', 'course', 'mr', 'mrs', 'these.', 'provide', 'lawyer', 'fire', 'yes.', 'sense', 'lot', 'court', 'third.', '—', 'shocking', 'claims', 'secret', 'cure', 'surface', 'internet.']","(10000,[503,2601,2647,2913,3652,3892,3947,4568,4943,5191,5447,5606,5678,5850,5946,6747,7281,7936,8151,8338,9021,9751],[0.691153161953081,5.117993812416755,3.914021008090819,3.577548771469606,4.42484663185681,2.5530444549552183,4.42484663185681,4.607168188650764,4.137164559405029,4.607168188650764,4.137164559405029,4.137164559405029,4.830311739964974,0.691153161953081,4.42484663185681,2.5530444549552183,0.6871770135734415,0.691153161953081,3.914021008090819,0.691153161953081,4.607168188650764,4.42484663185681])",0.0
F244,"['adult', 'feel', 'remain', 'theory', 'house', 'establish', 'billion.', 'attorney', 'partner', 'others', 'particular', 'movement.', 'day', 'paper', 'assume', 'billion', 'water.', '—', 'shocking', 'claims', 'celebrity', 'scandal', 'surface', 'internet.']","(10000,[72,116,258,503,629,1468,2664,2923,3115,3486,3973,4395,4853,4921,5205,5836,5850,6940,7281,7936,8338,8690,8984,9133],[3.7316994512968646,4.137164559405029,4.42484663185681,0.691153161953081,5.523458920524919,4.270695952029551,4.137164559405029,3.577548771469606,4.270695952029551,2.849310271098391,4.830311739964974,5.523458920524919,5.117993812416755,2.849310271098391,4.42484663185681,4.42484663185681,0.691153161953081,4.137164559405029,0.6871770135734415,0.691153161953081,0.691153161953081,4.42484663185681,4.607168188650764,4.270695952029551])",0.0
F194,"['near', 'early', 'material', 'stay', 'others', 'close', 'successful.', 'economy', 'magazine', 'live', 'section', 'college', 'make', 'none.', 'account', 'every', 'standard', 'easy', 'report', 'out.', '—', 'shocking', 'claims', 'immortal', 'jellyfish', 'surface', 'internet.']","(10000,[217,433,493,503,760,2066,2967,3231,3497,3525,3984,4092,5760,5778,5850,5974,6505,6940,6968,7281,7936,8057,8338,8413,9187,9681,9876],[4.137164559405029,4.137164559405029,4.607168188650764,0.691153161953081,4.42484663185681,2.7508701982851385,4.42484663185681,3.577548771469606,4.019381523748645,4.137164559405029,4.019381523748645,4.019381523748645,5.117993812416755,5.523458920524919,0.691153161953081,3.577548771469606,4.270695952029551,4.137164559405029,3.914021008090819,0.6871770135734415,0.691153161953081,3.7316994512968646,0.691153161953081,3.8187108282864943,4.270695952029551,4.42484663185681,2.7508701982851385])",0.0
R044,"['north', 'answer', 'tend', 'thought', 'difference.', 'also', 'ask', 'available', 'role', 'artist', 'food', 'east.', 'us', 'yet', 'series', 'environment', 'experience', 'hit.', 'experts', 'discuss', 'ongoing', 'developments', 'policy.']","(10000,[55,885,1167,1778,1810,2407,2475,3350,3507,3614,3619,3635,3792,4037,4463,4506,4687,6660,6944,8653,8915,8931,9462],[4.42484663185681,5.523458920524919,4.830311739964974,4.830311739964974,4.137164559405029,4.607168188650764,4.270695952029551,5.117993812416755,4.270695952029551,0.6753425559264385,4.42484663185681,4.019381523748645,3.8187108282864943,4.137164559405029,4.019381523748645,0.691153161953081,0.6871770135734415,3.8187108282864943,2.849310271098391,4.42484663185681,4.830311739964974,4.830311739964974,0.691153161953081])",1.0
R141,"['building', 'mouth', 'significant', 'break', 'manager.', 'event', 'husband', 'us.', 'experts', 'discuss', 'ongoing', 'developments', 'economic', 'growth.']","(10000,[668,3614,4506,4687,5852,7161,7208,7497,7728,8552,9034,9144,9462,9679],[4.42484663185681,0.6753425559264385,0.691153161953081,0.6871770135734415,4.270695952029551,5.117993812416755,4.830311739964974,4.137164559405029,3.8187108282864943,4.019381523748645,2.8844015909096608,2.661258039595451,0.691153161953081,5.523458920524919])",1.0
R188,"['answer', 'seat', 'hot', 'thus.', 'seven', 'thousand', 'democrat', 'lose', 'team.', 'end', 'style', 'agree', 'chance', 'newspaper', 'certainly', 'rich.', 'experts', 'discuss', 'ongoing', 'developments', 'climate', 'change.']","(10000,[47,346,453,673,821,2059,2849,3238,3614,3619,4422,4506,4687,5234,5442,6021,6798,6925,7850,8000,9462,9693],[5.523458920524919,5.117993812416755,3.3262343431887,4.137164559405029,2.849310271098391,2.6902455764687034,4.830311739964974,4.137164559405029,0.6753425559264385,4.42484663185681,4.137164559405029,0.691153161953081,0.6871770135734415,4.607168188650764,5.523458920524919,4.270695952029551,3.8187108282864943,4.019381523748645,4.42484663185681,3.914021008090819,0.691153161953081,3.8187108282864943])",1.0
F010,"['person', 'skin', 'individual', 'life.', 'head', 'amount', 'person', 'forget', 'wrong', 'subject', 'travel.', '—', 'shocking', 'claims', 'aliens', 'surface', 'internet.']","(10000,[503,650,1064,2959,3249,5535,5833,5850,6512,7146,7222,7281,7936,8338,8614,8655],[0.691153161953081,2.958509563063383,3.914021008090819,5.523458920524919,6.6524686863774,5.523458920524919,3.8187108282864943,0.691153161953081,3.914021008090819,4.607168188650764,4.137164559405029,0.6871770135734415,0.691153161953081,0.691153161953081,4.42484663185681,4.607168188650764])",0.0
R106,"['significant', 'american', 'hour', 'up.', 'experts', 'discuss', 'ongoing', 'developments', 'economic', 'growth.']","(10000,[527,796,3614,4506,4687,7652,8552,9034,9144,9462],[4.830311739964974,3.8187108282864943,0.6753425559264385,0.691153161953081,0.6871770135734415,4.137164559405029,4.019381523748645,2.8844015909096608,2.661258039595451,0.691153161953081])",1.0
R049,"['rise', 'school', 'explain.', 'cut', 'person', 'appear', 'around', 'total', 'land.', 'experts', 'discuss', 'ongoing', 'developments', 'research.']","(10000,[1206,2679,3249,3605,3614,4506,4687,4816,6197,6279,7066,8182,9123,9462],[4.830311739964974,3.914021008090819,3.3262343431887,5.117993812416755,0.6753425559264385,0.691153161953081,0.6871770135734415,3.6516567436233283,4.270695952029551,4.607168188650764,2.849310271098391,4.137164559405029,4.830311739964974,0.691153161953081])",1.0
R144,"['car', 'church', 'water', 'prevent', 'nation', 'pick.', 'nothing', 'safe', 'parent', 'within', 'everything', 'society', 'born', 'increase.', 'experts', 'discuss', 'ongoing', 'developments', 'budget', 'report.']","(10000,[327,1273,2589,3252,3614,3674,4014,4292,4506,4687,4991,5344,5432,6623,7642,9156,9462,9545,9817,9932],[4.830311739964974,3.7316994512968646,4.137164559405029,4.270695952029551,0.6753425559264385,4.42484663185681,4.270695952029551,3.8187108282864943,0.691153161953081,0.6871770135734415,2.579019941358479,4.830311739964974,2.7508701982851385,4.830311739964974,4.019381523748645,3.7316994512968646,0.691153161953081,4.607168188650764,3.914021008090819,4.830311739964974])",1.0
F199,"['goal', 'watch', 'understand', 'customer.', 'always', 'mr', 'rate', 'base.', 'summer', 'shoulder', 'who.', '—', 'shocking', 'claims', 'celebrity', 'scandal', 'surface', 'internet.']","(10000,[253,503,2647,2708,3486,4921,5089,5850,6487,6714,6756,6838,7281,7936,8338,9011,9481,9808],[4.137164559405029,0.691153161953081,3.914021008090819,3.914021008090819,2.849310271098391,2.849310271098391,3.6516567436233283,0.691153161953081,3.4440173788450834,4.607168188650764,3.5085558999826545,4.42484663185681,0.6871770135734415,0.691153161953081,0.691153161953081,4.137164559405029,4.607168188650764,4.137164559405029])",0.0
F215,"['agency', 'rule', 'away', 'cup', 'free', 'size', 'what.', 'real', 'thank', 'morning', 'just.', '—', 'shocking', 'claims', 'secret', 'cure', 'surface', 'internet.']","(10000,[343,503,765,1073,1457,1687,3059,3160,3192,3737,3892,5850,6747,7281,7936,8338,8363,9691],[4.270695952029551,0.691153161953081,4.137164559405029,4.42484663185681,4.830311739964974,4.137164559405029,4.137164559405029,4.137164559405029,4.019381523748645,4.270695952029551,2.5530444549552183,0.691153161953081,2.5530444549552183,0.6871770135734415,0.691153161953081,0.691153161953081,5.117993812416755,4.137164559405029])",0.0
R176,"['explain', 'include', 'resource', 'two', 'discuss', 'across.', 'protect', 'production', 'drop', 'training', 'soon', 'live.', 'experts', 'discuss', 'ongoing', 'developments', 'economic', 'growth.']","(10000,[1041,1670,2929,2953,3614,4506,4687,4728,5341,5627,7235,7538,8353,8577,9034,9144,9462],[4.019381523748645,3.7316994512968646,4.830311739964974,4.019381523748645,1.350685111852877,0.691153161953081,0.6871770135734415,4.42484663185681,3.7316994512968646,4.607168188650764,3.914021008090819,4.270695952029551,3.7316994512968646,3.8187108282864943,2.8844015909096608,2.661258039595451,0.691153161953081])",1.0
F105,"['wish', 'charge', 'personal', 'foreign', 'free', 'successful.', 'subject', 'protect', 'often', 'wall.', 'student', 'music', 'lead', 'future', 'tax', 'green.', '—', 'shocking', 'claims', 'hoax', 'surface', 'internet.']","(10000,[7,495,503,1073,3072,3536,3984,4377,5356,5850,6206,6370,6488,6587,6812,7016,7235,7281,7936,7939,8338,8655],[4.270695952029551,4.137164559405029,0.691153161953081,4.42484663185681,4.42484663185681,4.42484663185681,4.019381523748645,2.60568818844064,4.019381523748645,0.691153161953081,3.7316994512968646,4.137164559405029,4.42484663185681,4.270695952029551,4.019381523748645,4.830311739964974,3.914021008090819,0.6871770135734415,0.691153161953081,3.577548771469606,0.691153161953081,4.607168188650764])",0.0
F031,"['girl', 'garden', 'religious', 'likely', 'up.', 'accept', 'hundred', 'image', 'easy.', '—', 'shocking', 'claims', 'miracle', 'drug', 'surface', 'internet.']","(10000,[309,503,796,1029,1256,2657,4175,4293,5175,5303,5850,5936,7281,7860,7936,8338],[4.270695952029551,0.691153161953081,3.8187108282864943,4.270695952029551,3.125563647726549,3.2721671219184243,4.830311739964974,4.137164559405029,4.42484663185681,4.607168188650764,0.691153161953081,5.117993812416755,0.6871770135734415,2.849310271098391,0.691153161953081,0.691153161953081])",0.0
R206,"['may', 'career', 'financial', 'story', 'mean.', 'experts', 'discuss', 'ongoing', 'developments', 'research.']","(10000,[3614,4506,4687,4930,6855,7066,7407,8457,9160,9462],[0.6753425559264385,0.691153161953081,0.6871770135734415,4.137164559405029,4.270695952029551,2.849310271098391,5.117993812416755,5.117993812416755,4.270695952029551,0.691153161953081])",1.0
F238,"['nothing', 'future', 'ready', 'it.', 'east', 'west', 'beyond', 'account.', '—', 'shocking', 'claims', 'secret', 'cure', 'surface', 'internet.']","(10000,[503,3892,4292,5085,5850,6488,6557,6576,6747,7281,7805,7936,8338,8900,9211],[0.691153161953081,2.5530444549552183,3.8187108282864943,3.914021008090819,0.691153161953081,4.42484663185681,3.8187108282864943,4.137164559405029,2.5530444549552183,0.6871770135734415,5.117993812416755,0.691153161953081,0.691153161953081,4.137164559405029,5.117993812416755])",0.0
R027,"['important', 'back', 'paper.', 'difference', 'ago', 'defense', 'also', 'face', 'mean', 'modern.', 'heart', 'large', 'study', 'green', 'least', 'interest', 'system.', 'hand', 'close', 'head', 'catch.', 'experts', 'discuss', 'ongoing', 'developments', 'climate', 'change.']","(10000,[70,78,551,821,909,1064,1634,1896,1967,2059,3423,3497,3543,3614,3792,4034,4224,4506,4687,6358,6426,7022,7866,8430,9462,9766,9808],[4.019381523748645,5.117993812416755,4.42484663185681,2.849310271098391,4.270695952029551,3.914021008090819,4.270695952029551,3.8187108282864943,3.7316994512968646,2.6902455764687034,4.607168188650764,4.019381523748645,3.8187108282864943,0.6753425559264385,3.8187108282864943,4.137164559405029,5.117993812416755,0.691153161953081,0.6871770135734415,5.523458920524919,4.830311739964974,4.270695952029551,4.019381523748645,4.607168188650764,0.691153161953081,5.117993812416755,4.137164559405029])",1.0
F169,"['water', 'notice', 'degree', 'growth', 'song', 'down.', 'speak', 'marriage', 'prevent', 'she.', '—', 'shocking', 'claims', 'government', 'cover-up', 'surface', 'internet.']","(10000,[320,503,1525,1733,2259,2589,3252,4732,5850,6229,7281,7350,7936,8338,9025,9813,9943],[4.019381523748645,0.691153161953081,4.42484663185681,5.523458920524919,2.849310271098391,4.137164559405029,4.270695952029551,4.137164559405029,0.691153161953081,4.42484663185681,0.6871770135734415,3.914021008090819,0.691153161953081,0.691153161953081,4.830311739964974,2.997730276216664,3.7316994512968646])",0.0
F208,"['win', 'whose', 'clearly', 'drug', 'up.', 'develop', 'investment.', 'kind', 'foreign', 'remain', 'type', 'public.', 'site', 'process', 'hotel', 'among.', '—', 'shocking', 'claims', 'aliens', 'surface', 'internet.']","(10000,[503,650,796,1241,1734,2071,2398,2663,3526,5205,5850,5891,6044,6206,7281,7860,7936,8040,8238,8338,8366,9539],[0.691153161953081,2.958509563063383,3.8187108282864943,3.4440173788450834,5.117993812416755,4.830311739964974,4.137164559405029,4.42484663185681,4.607168188650764,4.42484663185681,0.691153161953081,4.607168188650764,4.137164559405029,3.7316994512968646,0.6871770135734415,2.849310271098391,0.691153161953081,3.4440173788450834,4.019381523748645,0.691153161953081,5.523458920524919,4.42484663185681])",0.0
F212,"['easy', 'course', 'popular', 'suggest', 'ready', 'money.', 'morning', 'edge', 'human', 'window', 'suddenly', 'simply.', '—', 'shocking', 'claims', 'miracle', 'drug', 'surface', 'internet.']","(10000,[25,503,760,816,1256,2403,3160,3652,3921,5850,6148,6557,7281,7816,7860,7936,8303,8338,8581],[5.117993812416755,0.691153161953081,4.42484663185681,5.523458920524919,3.125563647726549,4.137164559405029,4.137164559405029,4.42484663185681,4.270695952029551,0.691153161953081,4.830311739964974,3.8187108282864943,0.6871770135734415,4.270695952029551,2.849310271098391,0.691153161953081,4.137164559405029,0.691153161953081,4.42484663185681])",0.0
F032,"['teacher', 'end', 'others', 'word', 'responsibility.', 'leave', 'return', 'safe', 'stand', 'floor', 'impact', 'position.', '—', 'shocking', 'claims', 'hoax', 'surface', 'internet.']","(10000,[453,503,635,1819,1972,2523,2913,3519,4319,4377,5850,6886,6940,7281,7642,7936,8338,8708],[3.3262343431887,0.691153161953081,4.270695952029551,5.523458920524919,4.830311739964974,4.830311739964974,3.577548771469606,4.42484663185681,3.2208738275308737,2.60568818844064,0.691153161953081,4.830311739964974,4.137164559405029,0.6871770135734415,4.019381523748645,0.691153161953081,0.691153161953081,3.914021008090819])",0.0
F109,"['team', 'character', 'age', 'style', 'term', 'along', 'somebody.', 'fight', 'former', 'bed', 'congress', 'participant.', '—', 'shocking', 'claims', 'hoax', 'surface', 'internet.']","(10000,[468,503,1762,2188,2526,2840,4160,4377,4867,5850,7281,7936,8000,8338,8728,8741,8791,9497],[4.607168188650764,0.691153161953081,4.42484663185681,4.270695952029551,4.42484663185681,3.914021008090819,4.019381523748645,2.60568818844064,4.607168188650764,0.691153161953081,0.6871770135734415,0.691153161953081,3.914021008090819,0.691153161953081,3.4440173788450834,5.117993812416755,4.830311739964974,4.019381523748645])",0.0
R111,"['loss', 'really', 'option', 'bad.', 'road', 'run', 'late', 'worry', 'mean.', 'structure', 'quite', 'usually', 'cold.', 'experts', 'discuss', 'ongoing', 'developments', 'policy.']","(10000,[266,1630,2990,2996,3079,3614,3935,4112,4506,4687,5329,5725,6056,6944,8343,8457,9462,9613],[4.607168188650764,5.523458920524919,4.270695952029551,3.577548771469606,4.830311739964974,0.6753425559264385,3.6516567436233283,4.137164559405029,0.691153161953081,0.6871770135734415,4.42484663185681,3.914021008090819,3.8187108282864943,2.849310271098391,4.42484663185681,5.117993812416755,0.691153161953081,4.270695952029551])",1.0
F078,"['mother', 'whether', 'instead', 'though.', 'movie', 'listen', 'difference', 'bag', 'thousand', 'song', 'half', 'son.', '—', 'shocking', 'claims', 'aliens', 'surface', 'internet.']","(10000,[354,415,429,503,650,1439,1440,1780,3406,4527,5850,6798,7281,7350,7866,7936,8338,9012],[4.42484663185681,4.270695952029551,4.019381523748645,0.691153161953081,2.958509563063383,3.914021008090819,5.523458920524919,4.42484663185681,4.270695952029551,4.607168188650764,0.691153161953081,3.8187108282864943,0.6871770135734415,3.914021008090819,4.019381523748645,0.691153161953081,0.691153161953081,5.117993812416755])",0.0
R105,"['happy', 'debate', 'hit', 'large', 'rate.', 'trouble', 'production', 'administration', 'new', 'bit', 'east', 'nice.', 'experts', 'discuss', 'ongoing', 'developments', 'budget', 'report.']","(10000,[585,1637,1989,2909,3614,4506,4687,4991,5185,5347,5432,6576,7022,8252,8276,8353,8780,9462],[4.830311739964974,4.42484663185681,4.42484663185681,4.42484663185681,0.6753425559264385,0.691153161953081,0.6871770135734415,2.579019941358479,4.137164559405029,4.137164559405029,2.7508701982851385,4.137164559405029,4.270695952029551,4.270695952029551,4.830311739964974,3.7316994512968646,5.117993812416755,0.691153161953081])",1.0
F196,"['quite', 'get', 'trial', 'republican.', 'eat', 'scene.', 'bring', 'drop', 'tell', 'find', 'perhaps', 'direction', 'kid.', '—', 'shocking', 'claims', 'government', 'cover-up', 'surface', 'internet.']","(10000,[503,856,1259,1850,2259,3057,3410,5850,5966,6056,7276,7281,7510,7936,8338,8554,8577,9372,9426,9813],[0.691153161953081,5.117993812416755,4.137164559405029,4.019381523748645,2.849310271098391,4.42484663185681,4.270695952029551,0.691153161953081,4.830311739964974,3.8187108282864943,3.8187108282864943,0.6871770135734415,4.270695952029551,0.691153161953081,0.691153161953081,4.830311739964974,3.8187108282864943,5.117993812416755,4.42484663185681,2.997730276216664])",0.0
F118,"['according', 'option', 'order', 'baby', 'various.', 'happen', 'material', 'product', 'food', 'may', 'order', 'goal.', '—', 'shocking', 'claims', 'immortal', 'jellyfish', 'surface', 'internet.']","(10000,[447,503,935,1226,1348,2066,3231,4704,5850,6584,7281,7564,7936,8338,8653,9160,9613,9876],[4.607168188650764,0.691153161953081,4.607168188650764,8.84969326371362,3.8187108282864943,2.7508701982851385,3.577548771469606,4.270695952029551,0.691153161953081,5.523458920524919,0.6871770135734415,4.830311739964974,0.691153161953081,0.691153161953081,4.42484663185681,4.270695952029551,4.270695952029551,2.7508701982851385])",0.0
F077,"['bag', 'speak', 'hospital.', 'though', 'miss', 'outside', 'risk.', '—', 'shocking', 'claims', 'secret', 'cure', 'surface', 'internet.']","(10000,[415,503,934,1071,3385,3892,4732,5850,6711,6747,7281,7936,8338,8568],[4.270695952029551,0.691153161953081,5.523458920524919,4.270695952029551,4.270695952029551,2.5530444549552183,4.137164559405029,0.691153161953081,5.117993812416755,2.5530444549552183,0.6871770135734415,0.691153161953081,0.691153161953081,4.42484663185681])",0.0
F070,"['range', 'model', 'fast', 'reduce.', 'front', 'smile', 'agree', 'economic.', '—', 'shocking', 'claims', 'government', 'cover-up', 'surface', 'internet.']","(10000,[165,503,504,2007,2259,2713,5850,6077,6925,7102,7281,7936,8338,9263,9813],[4.137164559405029,0.691153161953081,4.830311739964974,4.607168188650764,2.849310271098391,4.42484663185681,0.691153161953081,5.523458920524919,4.019381523748645,4.830311739964974,0.6871770135734415,0.691153161953081,0.691153161953081,4.137164559405029,2.997730276216664])",0.0
F041,"['approach', 'movement', 'form', 'address', 'wait.', 'head', 'page', 'firm', 'also.', 'space', 'physical', 'road', 'box', 'office', 'indeed', 'discover.', '—', 'shocking', 'claims', 'immortal', 'jellyfish', 'surface', 'internet.']","(10000,[503,1064,1848,2066,2827,3095,4454,4934,5294,5621,5725,5850,6063,7281,7922,7936,8121,8338,8344,8649,8894,9188,9876],[0.691153161953081,3.914021008090819,5.523458920524919,2.7508701982851385,4.42484663185681,4.137164559405029,3.914021008090819,4.270695952029551,4.607168188650764,4.830311739964974,3.914021008090819,0.691153161953081,5.523458920524919,0.6871770135734415,3.8187108282864943,0.691153161953081,4.42484663185681,0.691153161953081,4.270695952029551,4.270695952029551,3.914021008090819,4.42484663185681,2.7508701982851385])",0.0
R026,"['drug', 'use', 'important', 'sure', 'success', 'blue.', 'experts', 'discuss', 'ongoing', 'developments', 'policy.']","(10000,[1821,1967,2722,3614,4506,4687,5133,6944,7860,9462,9828],[4.137164559405029,3.7316994512968646,5.117993812416755,0.6753425559264385,0.691153161953081,0.6871770135734415,4.830311739964974,2.849310271098391,2.849310271098391,0.691153161953081,4.830311739964974])",1.0
R207,"['ever', 'fund', 'record', 'i.', 'teacher', 'relate', 'number', 'inside.', 'experts', 'discuss', 'ongoing', 'developments', 'policy.']","(10000,[564,988,3614,4347,4506,4638,4687,5465,5594,6944,8519,8708,9462],[4.607168188650764,4.270695952029551,0.6753425559264385,4.019381523748645,0.691153161953081,4.137164559405029,0.6871770135734415,4.42484663185681,4.019381523748645,2.849310271098391,3.8187108282864943,3.914021008090819,0.691153161953081])",1.0
F163,"['market', 'unit', 'street', 'build.', 'analysis', 'rate', 'eye', 'threat', 'white', 'quickly', 'each.', 'begin', 'hear', 'store', 'chance.', '—', 'shocking', 'claims', 'secret', 'cure', 'surface', 'internet.']","(10000,[253,503,1296,1341,1513,2657,3391,3684,3892,4842,5598,5843,5850,6021,6335,6747,7184,7281,7936,8070,8338,9944],[4.137164559405029,0.691153161953081,4.270695952029551,3.914021008090819,4.42484663185681,3.2721671219184243,5.117993812416755,4.137164559405029,2.5530444549552183,3.914021008090819,5.117993812416755,4.607168188650764,0.691153161953081,4.270695952029551,4.137164559405029,2.5530444549552183,5.523458920524919,0.6871770135734415,0.691153161953081,4.42484663185681,0.691153161953081,5.523458920524919])",0.0
F171,"['tree', 'consider', 'kid', 'even', 'perhaps', 'goal', 'still.', 'spend', 'morning', 'follow', 'institution.', '—', 'shocking', 'claims', 'government', 'cover-up', 'surface', 'internet.']","(10000,[312,353,503,1259,1649,2259,3160,3723,5089,5850,5871,6406,7180,7281,7936,8338,9367,9813],[4.019381523748645,4.607168188650764,0.691153161953081,4.137164559405029,5.117993812416755,2.849310271098391,4.137164559405029,4.830311739964974,3.6516567436233283,0.691153161953081,3.914021008090819,4.42484663185681,5.523458920524919,0.6871770135734415,0.691153161953081,0.691153161953081,4.270695952029551,2.997730276216664])",0.0
F139,"['theory', 'fear', 'sometimes', 'wish', 'lawyer.', 'read', 'throw', 'material', 'heart', 'real', 'single', 'save.', 'end', 'majority', 'message', 'field.', '—', 'shocking', 'claims', 'immortal', 'jellyfish', 'surface', 'internet.']","(10000,[141,453,495,503,980,1468,2066,2715,3132,3231,5850,5869,7281,7650,7889,7936,8325,8338,9244,9513,9691,9808,9876],[4.830311739964974,3.3262343431887,4.137164559405029,0.691153161953081,4.607168188650764,4.270695952029551,2.7508701982851385,4.270695952029551,5.523458920524919,3.577548771469606,0.691153161953081,4.019381523748645,0.6871770135734415,4.137164559405029,4.607168188650764,0.691153161953081,4.137164559405029,0.691153161953081,4.270695952029551,4.42484663185681,4.137164559405029,4.137164559405029,2.7508701982851385])",0.0
F120,"['material', 'increase', 'mind', 'center', 'rise', 'apply', 'explain', 'environment.', 'simple', 'money', 'among', 'sure.', '—', 'shocking', 'claims', 'miracle', 'drug', 'surface', 'internet.']","(10000,[503,1173,1256,1480,2913,3184,3231,4816,5089,5341,5850,6103,7281,7312,7362,7860,7936,7963,8338],[0.691153161953081,5.117993812416755,3.125563647726549,4.137164559405029,3.577548771469606,2.7508701982851385,3.577548771469606,3.6516567436233283,3.6516567436233283,3.7316994512968646,0.691153161953081,4.42484663185681,0.6871770135734415,4.607168188650764,4.019381523748645,2.849310271098391,0.691153161953081,4.270695952029551,0.691153161953081])",0.0
F146,"['reduce', 'win', 'ability', 'common', 'opportunity.', 'law', 'per', 'look', 'business', 'give', 'truth', 'their.', '—', 'shocking', 'claims', 'mind', 'control', 'surface', 'internet.']","(10000,[298,503,1208,2069,2398,3184,3681,3783,3979,4108,4533,5374,5850,6332,7281,7936,8159,8338,9939],[4.270695952029551,0.691153161953081,2.7508701982851385,4.019381523748645,4.137164559405029,2.7508701982851385,4.830311739964974,4.607168188650764,4.019381523748645,5.523458920524919,4.830311739964974,4.137164559405029,0.691153161953081,4.019381523748645,0.6871770135734415,0.691153161953081,3.7316994512968646,0.691153161953081,4.137164559405029])",0.0
R115,"['item', 'continue', 'nice', 'right', 'practice.', 'dark', 'far', 'nothing', 'likely', 'specific', 'rather', 'these.', 'experts', 'discuss', 'ongoing', 'developments', 'research.']","(10000,[309,697,743,1790,1916,2059,2837,3370,3567,3614,4158,4292,4506,4687,5678,7066,9462],[4.270695952029551,4.019381523748645,4.607168188650764,4.137164559405029,4.019381523748645,2.6902455764687034,4.270695952029551,3.914021008090819,5.117993812416755,0.6753425559264385,4.137164559405029,3.8187108282864943,0.691153161953081,0.6871770135734415,4.830311739964974,2.849310271098391,0.691153161953081])",1.0
F039,"['point', 'wall', 'break', 'full.', 'bed', 'common', 'team', 'official', 'region.', '—', 'shocking', 'claims', 'aliens', 'surface', 'internet.']","(10000,[468,503,613,650,668,4416,5850,6332,6404,7281,7936,8338,8485,8993,9497],[4.607168188650764,0.691153161953081,4.137164559405029,2.958509563063383,4.42484663185681,5.117993812416755,0.691153161953081,4.019381523748645,4.137164559405029,0.6871770135734415,0.691153161953081,0.691153161953081,4.270695952029551,4.830311739964974,4.019381523748645])",0.0
F225,"['ability', 'usually', 'argue', 'turn', 'fire', 'later', 'heart.', 'lay', 'determine', 'agree', 'foot', 'risk', 'offer.', '—', 'shocking', 'claims', 'hoax', 'surface', 'internet.']","(10000,[503,560,691,2990,3331,3681,3730,3886,4377,4475,5191,5850,6925,7281,7734,7890,7936,8338,8794],[0.691153161953081,4.42484663185681,5.117993812416755,4.270695952029551,5.523458920524919,4.830311739964974,4.137164559405029,4.607168188650764,2.60568818844064,4.607168188650764,4.607168188650764,0.691153161953081,4.019381523748645,0.6871770135734415,4.607168188650764,4.607168188650764,0.691153161953081,0.691153161953081,3.914021008090819])",0.0
F140,"['ok', 'entire', 'affect', 'card', 'program.', 'director', 'yeah', 'guess', 'fish', 'cup', 'stop.', '—', 'shocking', 'claims', 'aliens', 'surface', 'internet.']","(10000,[503,650,1376,1853,2144,2645,3059,3249,5850,6055,6917,7025,7281,7936,8338,8660,8824],[0.691153161953081,2.958509563063383,4.42484663185681,4.019381523748645,4.42484663185681,3.6516567436233283,4.137164559405029,3.3262343431887,0.691153161953081,4.42484663185681,4.830311739964974,5.523458920524919,0.6871770135734415,0.691153161953081,0.691153161953081,4.270695952029551,4.830311739964974])",0.0
F122,"['brother', 'stay.', 'board', 'throw', 'reveal', 'simple', 'boy.', '—', 'shocking', 'claims', 'mind', 'control', 'surface', 'internet.']","(10000,[291,503,1208,1507,2913,3184,5850,7281,7454,7936,8046,8325,8338,9766],[3.914021008090819,0.691153161953081,2.7508701982851385,4.607168188650764,3.577548771469606,2.7508701982851385,0.691153161953081,0.6871770135734415,3.6516567436233283,0.691153161953081,5.117993812416755,4.137164559405029,0.691153161953081,5.117993812416755])",0.0
R070,"['case', 'degree', 'section', 'my.', 'drive', 'trade', 'include', 'ago.', 'experts', 'discuss', 'ongoing', 'developments', 'budget', 'report.']","(10000,[419,2953,3614,4506,4596,4687,4991,5432,6325,6342,6968,7939,9462,9943],[4.42484663185681,4.019381523748645,0.6753425559264385,0.691153161953081,4.830311739964974,0.6871770135734415,2.579019941358479,2.7508701982851385,3.8187108282864943,3.8187108282864943,3.914021008090819,3.577548771469606,0.691153161953081,3.7316994512968646])",1.0
F248,"['hard', 'skill', 'probably', 'page.', 'bit', 'interest', 'list', 'want', 'skin', 'old', 'discuss', 'boy.', 'majority', 'exactly', 'wife', 'nice', 'argue.', '—', 'shocking', 'claims', 'celebrity', 'scandal', 'surface', 'internet.']","(10000,[70,503,1989,2096,2297,3021,3370,3486,3614,3813,4921,5125,5833,5850,7083,7281,7509,7712,7936,8046,8338,8728,9244,9968],[4.019381523748645,0.691153161953081,4.42484663185681,3.8187108282864943,3.914021008090819,3.914021008090819,3.914021008090819,2.849310271098391,0.6753425559264385,4.830311739964974,2.849310271098391,4.019381523748645,3.8187108282864943,0.691153161953081,4.019381523748645,0.6871770135734415,4.830311739964974,4.830311739964974,0.691153161953081,5.117993812416755,0.691153161953081,3.4440173788450834,4.270695952029551,4.830311739964974])",0.0
R016,"['nothing', 'present', 'positive', 'thing', 'compare', 'course.', 'suddenly', 'decision', 'fact', 'recognize', 'on.', 'adult', 'month', 'car', 'able', 'morning', 'least.', 'experts', 'discuss', 'ongoing', 'developments', 'technology', 'breakthrough.']","(10000,[1,72,1020,2193,2227,3160,3163,3496,3614,3674,3857,4292,4499,4506,4687,5611,5741,7215,8130,8171,8581,9246,9462],[4.270695952029551,3.7316994512968646,2.579019941358479,4.270695952029551,2.7200985396183848,4.137164559405029,5.117993812416755,4.607168188650764,0.6753425559264385,4.42484663185681,4.270695952029551,3.8187108282864943,5.117993812416755,0.691153161953081,0.6871770135734415,5.523458920524919,4.137164559405029,3.914021008090819,4.270695952029551,4.019381523748645,4.42484663185681,4.270695952029551,0.691153161953081])",1.0
R148,"['position', 'everyone', 'one', 'image', 'talk.', 'experts', 'discuss', 'ongoing', 'developments', 'technology', 'breakthrough.']","(10000,[815,1020,1339,2227,3614,3809,4506,4687,5303,8893,9462],[4.607168188650764,2.579019941358479,4.42484663185681,2.7200985396183848,0.6753425559264385,4.830311739964974,0.691153161953081,0.6871770135734415,4.607168188650764,3.914021008090819,0.691153161953081])",1.0
R142,"['personal', 'also', 'detail.', 'lead', 'part', 'fear', 'interview.', 'discussion', 'reveal', 'understand', 'laugh', 'security.', 'experts', 'discuss', 'ongoing', 'developments', 'budget', 'report.']","(10000,[1507,2336,3614,3792,4506,4687,4991,5138,5315,5356,5432,6487,7098,7939,8423,8740,9462,9513],[4.607168188650764,3.914021008090819,0.6753425559264385,3.8187108282864943,0.691153161953081,0.6871770135734415,2.579019941358479,4.42484663185681,4.607168188650764,4.019381523748645,2.7508701982851385,3.4440173788450834,4.607168188650764,3.577548771469606,5.117993812416755,5.117993812416755,0.691153161953081,4.42484663185681])",1.0
F141,"['rate', 'development', 'old', 'save.', 'market', 'huge', 'weight', 'full.', 'board', 'major', 'visit', 'threat', 'through.', '—', 'shocking', 'claims', 'miracle', 'drug', 'surface', 'internet.']","(10000,[253,503,698,781,980,1058,1256,2198,2657,2871,5850,7083,7281,7454,7860,7936,8004,8070,8338,8993],[4.137164559405029,0.691153161953081,4.019381523748645,4.607168188650764,4.607168188650764,4.607168188650764,3.125563647726549,4.270695952029551,3.2721671219184243,4.42484663185681,0.691153161953081,4.019381523748645,0.6871770135734415,3.6516567436233283,2.849310271098391,0.691153161953081,4.607168188650764,4.42484663185681,0.691153161953081,4.830311739964974])",0.0
R076,"['company', 'rise', 'conference', 'story', 'continue.', 'animal', 'capital', 'sure', 'issue', 'like', 'doctor.', 'experts', 'discuss', 'ongoing', 'developments', 'technology', 'breakthrough.']","(10000,[942,1020,1821,2227,3330,3614,4506,4687,4816,5657,6221,6541,6616,6855,7229,7360,9462],[4.137164559405029,2.579019941358479,4.137164559405029,2.7200985396183848,4.137164559405029,0.6753425559264385,0.691153161953081,0.6871770135734415,3.6516567436233283,4.137164559405029,5.117993812416755,4.42484663185681,4.42484663185681,4.270695952029551,4.830311739964974,4.270695952029551,0.691153161953081])",1.0
R180,"['along', 'section', 'carry', 'single.', 'nation', 'president', 'create', 'time', 'method', 'senior', 'opportunity.', 'represent', 'scene', 'case', 'maybe', 'behind', 'explain', 'quality.', 'experts', 'discuss', 'ongoing', 'developments', 'budget', 'report.']","(10000,[454,1306,1404,2589,2840,3489,3614,4014,4144,4346,4506,4533,4687,4818,4991,5341,5432,5844,6015,6342,6968,8157,8717,9462],[3.577548771469606,3.914021008090819,3.8187108282864943,4.137164559405029,3.914021008090819,5.523458920524919,0.6753425559264385,4.270695952029551,4.137164559405029,4.830311739964974,0.691153161953081,4.830311739964974,0.6871770135734415,4.42484663185681,2.579019941358479,3.7316994512968646,2.7508701982851385,4.42484663185681,4.830311739964974,3.8187108282864943,3.914021008090819,3.914021008090819,3.8187108282864943,0.691153161953081])",1.0
F126,"['need', 'feeling', 'movie.', 'energy', 'conference', 'exactly', 'consumer.', '—', 'shocking', 'claims', 'aliens', 'surface', 'internet.']","(10000,[503,613,650,2096,4715,5094,5657,5850,6537,7281,7936,8307,8338],[0.691153161953081,4.137164559405029,2.958509563063383,3.8187108282864943,3.914021008090819,5.523458920524919,4.137164559405029,0.691153161953081,4.270695952029551,0.6871770135734415,0.691153161953081,4.607168188650764,0.691153161953081])",0.0
R134,"['different', 'young', 'good', 'take', 'far', 'large', 'treatment', 'before.', 'manager', 'president', 'blood', 'thank', 'economy', 'police.', 'science', 'town', 'education', 'serious', 'though', 'assume.', 'experts', 'discuss', 'ongoing', 'developments', 'economic', 'growth.']","(10000,[217,855,1117,1306,1652,1687,2359,3363,3385,3614,4158,4391,4506,4687,4715,5530,6168,6683,7022,7696,7809,8015,8550,9034,9144,9462],[4.137164559405029,5.117993812416755,4.830311739964974,3.914021008090819,4.830311739964974,4.137164559405029,5.117993812416755,4.019381523748645,4.270695952029551,0.6753425559264385,4.137164559405029,5.523458920524919,0.691153161953081,0.6871770135734415,3.914021008090819,3.914021008090819,4.607168188650764,4.270695952029551,4.270695952029551,5.117993812416755,4.137164559405029,4.137164559405029,4.830311739964974,2.8844015909096608,2.661258039595451,0.691153161953081])",1.0
F132,"['skin', 'note', 'finally', 'wall', 'we.', 'customer', 'others', 'yet', 'rate', 'prevent', 'many', 'what.', 'couple', 'official', 'yard', 'cause', 'administration', 'rock.', '—', 'shocking', 'claims', 'mind', 'control', 'surface', 'internet.']","(10000,[253,316,424,503,1208,1413,1817,2412,3184,3252,4037,5185,5188,5833,5850,6404,6940,7281,7702,7936,8338,8363,8485,9296,9909],[4.137164559405029,4.42484663185681,4.270695952029551,0.691153161953081,2.7508701982851385,3.8187108282864943,4.137164559405029,5.117993812416755,2.7508701982851385,4.270695952029551,4.137164559405029,4.137164559405029,3.914021008090819,3.8187108282864943,0.691153161953081,4.137164559405029,4.137164559405029,0.6871770135734415,4.42484663185681,0.691153161953081,0.691153161953081,5.117993812416755,4.270695952029551,5.523458920524919,4.270695952029551])",0.0
F230,"['win', 'poor', 'race', 'large.', 'fall', 'really', 'truth', 'exactly', 'mind.', 'walk', 'court', 'enter', 'sure', 'arm', 'hit', 'choice.', '—', 'shocking', 'claims', 'immortal', 'jellyfish', 'surface', 'internet.']","(10000,[454,503,779,1821,2066,2069,2096,2398,3713,3729,3984,4112,4568,5850,6142,6764,7281,7435,7936,8103,8252,8338,9876],[3.577548771469606,0.691153161953081,5.117993812416755,4.137164559405029,2.7508701982851385,4.019381523748645,3.8187108282864943,4.137164559405029,5.523458920524919,5.117993812416755,4.019381523748645,4.137164559405029,4.607168188650764,0.691153161953081,4.137164559405029,4.830311739964974,0.6871770135734415,4.607168188650764,0.691153161953081,4.270695952029551,4.270695952029551,0.691153161953081,2.7508701982851385])",0.0
F243,"['prepare', 'air', 'music', 'charge', 'third', 'education', 'could.', 'grow', 'step', 'board', 'most.', 'two', 'suffer', 'certainly', 'gas', 'between.', '—', 'shocking', 'claims', 'aliens', 'surface', 'internet.']","(10000,[88,503,650,673,1558,1599,2286,2404,3011,4728,5530,5607,5850,6135,6370,6812,7281,7454,7876,7936,8338,8771],[4.270695952029551,0.691153161953081,2.958509563063383,4.137164559405029,3.8187108282864943,5.523458920524919,3.914021008090819,4.607168188650764,4.607168188650764,4.42484663185681,3.914021008090819,4.830311739964974,0.691153161953081,4.42484663185681,4.137164559405029,4.019381523748645,0.6871770135734415,3.6516567436233283,5.117993812416755,0.691153161953081,0.691153161953081,4.270695952029551])",0.0
R191,"['human', 'value', 'make', 'political', 'successful.', 'evidence', 'teacher', 'family', 'story', 'raise.', 'wear', 'phone', 'happen', 'newspaper.', 'experts', 'discuss', 'ongoing', 'developments', 'budget', 'report.']","(10000,[1626,2054,3525,3614,3935,3984,4506,4687,4704,4737,4991,5432,6581,6855,7403,7593,8297,8303,8708,9462],[4.137164559405029,4.607168188650764,4.137164559405029,0.6753425559264385,3.6516567436233283,4.019381523748645,0.691153161953081,0.6871770135734415,4.270695952029551,5.523458920524919,2.579019941358479,2.7508701982851385,3.7316994512968646,4.270695952029551,4.830311739964974,4.830311739964974,4.137164559405029,4.137164559405029,3.914021008090819,0.691153161953081])",1.0
R130,"['history', 'arrive', 'social', 'really', 'compare', 'off.', 'trade', 'memory', 'return.', 'true', 'else', 'alone', 'son', 'people', 'brother.', 'experts', 'discuss', 'ongoing', 'developments', 'public', 'health.']","(10000,[209,419,823,1770,2492,3614,4112,4263,4506,4687,5034,5098,6219,6543,6941,7188,7391,8684,9078,9246,9462],[4.270695952029551,4.42484663185681,4.270695952029551,2.7826188965997183,4.019381523748645,0.6753425559264385,4.137164559405029,4.607168188650764,0.691153161953081,0.6871770135734415,4.137164559405029,5.117993812416755,3.172083663361442,4.019381523748645,5.117993812416755,3.914021008090819,3.914021008090819,5.523458920524919,4.830311739964974,4.270695952029551,0.691153161953081])",1.0
F081,"['draw', 'near', 'analysis', 'loss', 'cover', 'half.', 'close', 'family', 'dinner', 'outside.', 'population', 'war', 'report', 'tough', 'step', 'research.', '—', 'shocking', 'claims', 'mind', 'control', 'surface', 'internet.']","(10000,[503,1208,1296,1558,2240,3184,3497,4062,5329,5447,5850,5974,6104,6505,7066,7281,7936,7954,8167,8297,8338,8719,9258],[0.691153161953081,2.7508701982851385,4.270695952029551,3.8187108282864943,4.019381523748645,2.7508701982851385,4.019381523748645,5.523458920524919,4.42484663185681,4.137164559405029,0.691153161953081,3.577548771469606,4.270695952029551,4.270695952029551,2.849310271098391,0.6871770135734415,0.691153161953081,5.523458920524919,4.607168188650764,4.137164559405029,0.691153161953081,4.137164559405029,4.019381523748645])",0.0
R209,"['world', 'including', 'enough', 'stuff', 'hold.', 'behavior', 'step', 'meeting', 'respond', 'cut', 'box', 'final.', 'experts', 'discuss', 'ongoing', 'developments', 'technology', 'breakthrough.']","(10000,[20,23,735,1020,1206,1558,2101,2227,2500,3614,4506,4687,4748,7334,7722,7922,9360,9462],[4.42484663185681,5.523458920524919,3.8187108282864943,2.579019941358479,4.830311739964974,3.8187108282864943,5.523458920524919,2.7200985396183848,3.7316994512968646,0.6753425559264385,0.691153161953081,0.6871770135734415,4.42484663185681,4.137164559405029,4.42484663185681,3.8187108282864943,3.8187108282864943,0.691153161953081])",1.0
F228,"['result', 'free', 'suffer', 'benefit.', 'respond', 'think', 'include', 'move', 'check.', 'force', 'base', 'change', 'window.', '—', 'shocking', 'claims', 'hoax', 'surface', 'internet.']","(10000,[387,391,399,503,619,1073,1840,2335,2500,2953,4377,5850,6135,6282,7281,7936,8173,8338,9394],[4.42484663185681,4.270695952029551,4.137164559405029,0.691153161953081,4.830311739964974,4.42484663185681,4.830311739964974,3.8187108282864943,3.7316994512968646,4.019381523748645,2.60568818844064,0.691153161953081,4.42484663185681,4.607168188650764,0.6871770135734415,0.691153161953081,3.577548771469606,0.691153161953081,5.117993812416755])",0.0
R030,"['second', 'wide', 'customer', 'energy', 'also', 'church.', 'religious', 'pay', 'small', 'road', 'deep.', 'voice', 'bag', 'region', 'explain.', 'experts', 'discuss', 'ongoing', 'developments', 'budget', 'report.']","(10000,[222,415,1413,1982,2836,3530,3605,3614,3792,4293,4506,4687,4897,4991,5432,5725,8094,8159,8307,9256,9462],[4.607168188650764,4.270695952029551,3.8187108282864943,5.523458920524919,4.137164559405029,4.42484663185681,5.117993812416755,0.6753425559264385,3.8187108282864943,4.137164559405029,0.691153161953081,0.6871770135734415,4.019381523748645,2.579019941358479,2.7508701982851385,3.914021008090819,4.137164559405029,3.7316994512968646,4.607168188650764,4.270695952029551,0.691153161953081])",1.0
R214,"['walk', 'participant', 'certainly', 'these.', 'lose', 'beautiful', 'painting.', 'experts', 'discuss', 'ongoing', 'developments', 'education.']","(10000,[673,1273,3614,4422,4506,4687,5047,5396,5678,6142,7138,9462],[4.137164559405029,3.7316994512968646,0.6753425559264385,4.137164559405029,0.691153161953081,0.6871770135734415,2.7200985396183848,5.117993812416755,4.830311739964974,4.137164559405029,4.830311739964974,0.691153161953081])",1.0
R175,"['property', 'amount', 'trade.', 'work', 'pay', 'oil', 'western', 'dog.', 'cold', 'high', 'two', 'prepare', 'friend.', 'experts', 'discuss', 'ongoing', 'developments', 'economic', 'growth.']","(10000,[524,1122,2116,2286,2733,3228,3614,3920,4506,4687,4728,4897,6035,7166,7222,9034,9144,9462,9527],[3.8187108282864943,5.117993812416755,4.42484663185681,3.914021008090819,4.270695952029551,5.523458920524919,0.6753425559264385,4.137164559405029,0.691153161953081,0.6871770135734415,4.42484663185681,4.019381523748645,3.383392757028649,5.117993812416755,4.137164559405029,2.8844015909096608,2.661258039595451,0.691153161953081,4.137164559405029])",1.0
